speaker,gender,n_clips,f0,f1,f2,f3,f4
ls-101,male,4,159.28828817679755,531.2256696141452,1852.0927090767232,2659.1214934334957,3723.6594510866057
ls-1018,male,4,141.27146942338467,581.769391527795,1870.1413969352036,2848.7549013976914,3982.1526910334587
ls-102,female,4,154.87574982896476,749.4247211159357,2009.9727625898076,3245.455029390157,4363.660738024428
ls-1028,male,1,171.27678179134148,428.5552895176212,1438.2919338073066,2534.142572920118,4096.541538605232
ls-1040,male,3,152.7945821679371,489.50309306208305,1522.9131732623391,2576.632149531598,3694.7031550623915
ls-1050,female,1,178.050112508711,556.330632329775,1855.0474664878675,2886.0009215537057,3990.0421611039123
ls-1051,female,4,171.19828509593725,522.5359988930677,1649.3963469556816,2419.6862675189695,3467.8878775320545
ls-1066,female,4,175.50121058694498,435.22526140667355,1715.019961452696,2699.7334686341956,4114.25368199853
ls-1069,female,1,173.888714567207,478.8052946359585,1706.6258057044552,3171.3563484615943,4338.319373236016
ls-107,male,2,152.1190780428742,362.9882909077194,1588.7626193678875,2641.0690178362547,4075.3782969956274
ls-1079,female,4,169.4140866681545,537.349920286312,1628.9704373430832,2818.6527352774197,3872.582875865439
ls-1084,female,4,161.56552528017951,473.7756151239881,1650.294393237894,2855.1295812379785,4020.341447176795
ls-1085,male,1,163.2333531837578,710.3074227735907,1804.3028396086931,2678.267037377338,3709.82979460577
ls-1093,female,1,179.25359031014497,313.39415359378364,2095.7526372940947,3085.9152070124783,4240.877482855173
ls-1094,male,3,140.96716957140043,390.46074853802475,1503.9400349959244,2658.044135257583,3522.272212568964
ls-1097,male,4,145.3537175386532,288.5542853231627,1515.8525945408257,2754.2349291066184,4034.403258805037
ls-1098,female,3,171.12148716667676,439.7509500471509,1811.0242206499906,2954.9341730279602,4192.493155968055
ls-110,female,4,172.16631312964213,385.45822248368603,1747.792145978932,2930.9357887494107,4135.44490867889
ls-1107,male,1,144.444088050098,457.6379519808279,1668.042328909452,2614.3116861520057,3870.027535419599
ls-1116,female,2,173.35503567141626,556.5022411883588,1872.2277081552038,2910.9713121432187,3766.322105212458
ls-1121,male,4,178.76156935842045,503.8796206838437,1595.8598762016318,2523.824122158664,3917.2538529032327
ls-1124,female,3,176.94420670942202,557.3669079123113,1811.776023209723,2705.50999156244,3991.2795509050343
ls-1152,female,4,146.6389532003596,392.172786237993,1756.1327167393824,2885.9576901018672,4412.72846501093
ls-1154,female,4,170.06109643148704,478.6989230022692,1659.7558177478004,2692.3725724169935,3847.8344595995786
ls-1165,male,4,144.8750755264801,437.20014430601043,1611.5797562247933,2791.7680425346107,3782.869804429087
ls-1166,female,4,179.4596750196217,472.95764546804315,1725.1307709394937,2783.0250740731703,3670.7681139095694
ls-1168,female,3,162.95084376569676,402.7285016830946,1942.8007023797672,2950.451014193232,4102.868191705028
ls-118,male,4,142.4479075500517,470.9845604705436,1533.4834911762405,2671.445943449551,3965.588657426354
ls-1182,male,2,140.87630095463436,554.8484138457687,1681.312802819872,2808.846861389844,3674.5219752534913
ls-1183,female,1,178.53930661386156,496.1074019628808,2147.446224880129,3006.8341728657606,4110.924578468417
ls-1187,male,1,143.89709021841668,417.56525719128604,1604.2514540084467,2564.5850083552714,3828.0788548666396
ls-1212,female,2,179.46004307417007,462.3889965928563,1505.2544866047263,2932.869275445655,4141.602174192558
ls-123,female,4,160.22900527451776,400.6322827625594,1745.0260562570293,2737.175686606919,3863.857357439471
ls-1235,male,1,184.81003966770297,444.70865912430173,1513.071424064789,2590.9262143383726,3653.2482130358317
ls-1241,female,2,178.40042114664135,512.7494552723183,1805.3670957334539,2708.456903802985,3682.3912240795917
ls-125,female,1,165.79032531580367,552.8951843968296,1956.1212796192417,2995.7828512379433,4066.899588732461
ls-1250,female,4,175.89117802725846,501.6702559814236,1825.5621196882935,2789.9133894791185,3888.8863399551983
ls-1259,female,4,169.33717312184322,558.3239487819575,1851.4957434357402,2987.0170347734884,4071.4100111243706
ls-126,female,4,175.35934306952535,471.14845168491524,1675.9863039961392,2787.4399594857155,4115.56006454054
ls-1263,female,4,154.57066448170679,447.87932724897473,1903.5176593471303,2905.5171249445248,3986.0411673922295
ls-127,male,3,159.64733093594248,423.0924288829906,1772.3717291715102,2814.719490199687,3866.0240817481413
ls-1271,male,2,146.9829461074563,726.0595947713509,1938.9534455432222,2869.5642972569826,3666.332674456641
ls-1274,male,3,151.85175132216074,552.2522972192531,1572.4211746337369,2711.320656762752,3663.7254993821207
ls-128,male,1,140.98179334652474,439.53641370918245,1648.5918817896238,2509.9436011250964,3711.834434900304
ls-1280,male,3,144.4701537323005,417.09274250804407,1873.2802415040958,2806.8660689605695,4001.508179807277
ls-1283,male,2,160.91306134688455,499.774272999711,1643.0337120247548,2631.005616951953,3514.339848855001
ls-1289,female,4,144.63512109277903,434.4737558721961,1653.3439403567968,2900.2962717134988,3998.357296766382
ls-1290,female,4,138.01280946243403,537.2696081518911,1539.7011080877915,2763.011123963345,3886.6724525998898
ls-1291,female,2,178.9488768419556,504.38500771474776,1760.3850195938853,2752.365904353298,3959.054622179527
ls-1296,female,1,171.579624684947,420.912620319419,1888.3711676764424,2959.3948822591665,4302.498577161125
ls-1313,male,2,188.85521835852487,501.74816417179045,1547.0576572187326,2681.8767143624555,3668.8727160290664
ls-1323,male,4,149.4475863310081,574.0673921823072,1830.7820569320356,2690.0461833596873,3505.3726933060325
ls-1331,male,2,150.52647807974057,462.29790576395993,1941.7488123723535,2714.8582758900134,3921.572420933163
ls-1334,male,1,142.36117619132023,535.6755906075388,1848.487534227183,2800.9120076689496,3640.2704933476152
ls-1337,male,4,142.82395147033833,464.76320225381664,1581.6717709269496,2482.2888233014182,3871.2266505326925
ls-1342,female,3,179.4451012240081,566.3042068090004,1583.0345852464416,2584.9717987629556,3935.9462192942674
ls-1343,female,4,175.50386596453566,587.9202144808501,1801.1218361925357,2907.7936494578303,3927.784933577017
ls-1347,male,3,140.99309368098145,325.86050730058423,2027.9546741389768,2824.8264711696356,3797.6919847983486
ls-1353,male,1,144.62396330835602,531.58639106362,1720.0942967790172,2689.8923331109922,3588.2504232170068
ls-1355,male,4,162.6073244899875,386.60542028385737,1644.108296976951,2570.905908210081,3504.013285464139
ls-1363,female,4,164.62377588161678,506.02103926237135,1670.637856120126,2660.0867766996676,4077.4450060717577
ls-1367,male,4,153.8200325800865,521.4866200936326,1804.7864278915831,2845.6648383687416,3788.8232188749275
ls-1370,female,2,173.2906035921468,581.3428667823132,1596.8825643761434,3061.4164688935466,3854.6269443329074
ls-1379,male,4,171.0702946214409,503.66986994103263,1636.5687570327805,2486.891506323175,3677.7334822996927
ls-1387,male,4,150.87825346432072,487.3787996762402,1697.3891349792461,2673.2892056161377,3778.6401608255924
ls-1390,female,4,167.04075423764328,440.41868625155576,1832.6947778442561,2935.538894600174,4058.851025628791
ls-1401,female,3,177.66203584342827,545.2691878410375,1864.4954440178967,2877.5215475155796,3983.104739660385
ls-1403,male,4,144.48666103781326,666.1291738870649,1721.138815219727,2564.9021155649325,3539.615415244175
ls-1417,female,4,166.22065802028146,518.1725349668527,1728.3955951659968,2835.719558657429,3702.0512339064476
ls-1446,male,1,154.21845688851374,315.73178858899166,1844.576284853343,2908.9818232603557,3887.167802447257
ls-1447,female,4,165.2039103910524,473.98592044199984,1588.1854922067575,2830.852177134773,3817.5805574938768
ls-1460,female,3,173.67083289346235,504.201448902087,1791.7663485692785,2848.0697622317257,3916.1841246132185
ls-1469,male,1,140.1238506411998,658.2685189140849,1884.6110688142344,2801.3078497448414,3839.9741090769703
ls-147,male,4,155.9099830714926,515.6570052072134,1592.8685466413754,2852.9808545698493,3817.2155103968526
ls-1472,female,4,167.3695313872151,565.9849253380866,1786.2660125850152,2720.325122313433,3713.372589148504
ls-1473,male,1,146.7784766542034,604.3184502091199,1666.977121585177,2668.813784455359,3432.7275410229054
ls-149,male,4,152.8115636150351,729.8648127576554,1886.184113340692,2820.522699152478,3821.492531005957
ls-1492,male,4,194.79042335424668,442.2008836294825,1642.000706312091,2626.900996547675,3682.851255065846
ls-1495,male,4,166.6579459425767,459.6245972758784,1473.6517038580378,2812.6887657541765,3628.54612412071
ls-150,female,1,178.35693141896343,557.9002248322537,1830.9998047501215,3001.084471709313,3842.3709083093736
ls-1502,female,4,176.02163331279053,381.4939970658319,1640.2199004551576,2842.4770974446733,3961.0192750813517
ls-1513,male,4,171.16651252356564,435.13378577309254,1638.4001198202836,2513.7011362430344,3521.944666295476
ls-152,male,4,147.327371911924,486.5767957773157,1476.6722040180011,2578.6664613727653,3797.631486704091
ls-1547,female,3,174.4844261858044,434.6454186680288,1752.935526924733,2842.7282364453736,3756.4230827270517
ls-1552,male,2,142.02984550767033,450.0893960827422,1688.8614334207762,2808.247319158031,4192.747679181628
ls-1553,female,3,164.62992587096363,523.5517672042712,1721.8245065547437,2734.689288509097,3832.8531520447764
ls-1556,male,4,143.66756114799085,503.231002090597,1664.3383797792317,2693.142382566423,3761.165931026123
ls-1563,female,4,111.51963789462724,654.8115226586356,1854.5978460774152,2858.3551397592155,4125.310617841919
ls-1564,female,3,176.34857837351043,451.6224886386968,1698.9631295607292,2735.450497053183,3991.2749041933735
ls-1572,male,4,153.06426319323418,471.5689074967107,1478.416457898059,2535.7331384851905,3762.693979614517
ls-1578,female,3,171.47815802614238,471.43099103065623,1759.797631568941,3029.3150478771304,4032.242186616216
ls-1579,female,4,170.50439080102882,659.5184874891082,1621.262055263227,2699.181924383018,3598.1767261094255
ls-159,male,4,142.71043959700913,541.0121263638089,2022.1291672615164,2869.2163825881926,3933.688662622751
ls-1594,male,1,142.68955219226783,691.2527959409123,1722.091276488072,2752.651564377442,3765.0697175417604
ls-1595,male,4,170.12283706715075,380.23837397611464,1664.7943547653076,2630.7177337510693,3762.503889723349
ls-161,male,4,146.46722095310972,465.4773405584844,1523.8104902970872,2695.8991747391847,3769.3675381071535
ls-1614,male,4,151.22574562990826,474.8243299445742,1697.0715478636298,2642.8363656252914,3761.3617010216344
ls-1621,male,1,143.48492890899834,355.005098690873,1571.1852667756025,2646.8260918820247,3835.1983999988133
ls-1624,male,3,144.1743719889169,421.74034097316706,1860.5070950764125,2735.734414728799,3864.8781683825373
ls-1629,female,4,174.28153145181113,494.1939430559089,1716.623606588288,2925.0573282292835,3987.65125404299
ls-1653,female,4,170.24067914243653,311.902537299176,2060.2173588265537,3207.62957282762,3975.0557324374176
ls-1664,female,3,165.79507644639472,515.8914712436855,1753.2863852493078,2727.7174050856515,3835.1675107321767
ls-1674,female,2,175.49552916056865,395.1933665557034,1645.6108716495714,2791.015130393334,4161.311380255169
ls-1679,female,4,170.4888898170567,426.3870614726274,1757.024640901608,2706.931602394295,3832.3439063900337
ls-168,male,4,220.89994566904383,482.22755661147994,1774.605826766006,3001.906474317502,4257.053346665009
ls-1693,female,4,164.99394717486894,532.8509212462799,1562.865797556954,2566.5140060239582,3736.8152607105894
ls-1695,female,4,171.75918395324481,443.2871925715699,1730.9810300107815,2935.1044984860496,3938.8672523635023
ls-1704,female,4,176.2272586689794,489.16143862235197,1661.9087400041367,2964.8737619777758,3938.253548241585
ls-1705,female,4,172.72340721290166,433.6054497489748,1819.3164180173042,2729.2036374403215,4098.507310955884
ls-1708,male,4,159.01683998978237,426.4821416030734,1610.2904439775612,3019.6466880379103,3875.91655627845
ls-1714,female,4,165.13946703570883,560.7602157185381,1709.9969252403816,2711.929578872875,3616.858448268621
ls-1721,female,4,167.7467044745429,423.1736231127893,1775.8833728932805,3086.8060765990076,4165.067067289861
ls-1724,female,4,178.095053613027,404.15936518545755,1691.7675201998732,2849.21558763376,4117.071242656731
ls-1734,female,4,156.01912670192252,390.65676959975787,1645.8850070519047,2939.7376145274106,4022.221485329147
ls-1736,female,4,162.09220876165156,487.8431032740388,1779.006651772046,2875.8444582531547,4037.9806718908044
ls-1737,female,1,61.147362817838,835.2488206311942,2412.997759837745,3174.503870447191,4329.387598860151
ls-1743,male,4,165.76015779075436,449.8279147171776,1537.393860404176,2564.8229724742255,3634.5741693166
ls-1746,male,3,152.61604048072036,524.1852148288982,1557.4863894143634,2703.8427138248762,3681.176699522385
ls-1757,female,4,177.53582248004278,475.5132111299438,1583.5350780376566,2584.0504412544597,3955.048284204003
ls-176,male,4,153.45288261054918,426.6100661966258,1565.6506016942592,2576.2306390156264,3787.5544827506583
ls-1765,female,4,169.66992238165847,580.8458184146598,1713.9450218468842,2875.52574087313,3970.6065262134434
ls-177,female,2,166.24460838819743,501.5956927004707,1544.5062922165444,2551.8023678042055,3716.2572407372368
ls-1772,male,4,154.2173545068705,670.0961782855044,1742.3448186117575,2887.494064984001,3908.767665224811
ls-1780,male,4,230.8605975502914,407.9445631647727,1844.5590670584427,2864.150476225468,3993.1102016863015
ls-1784,female,1,177.2374602991166,424.660448695782,1758.190346377311,2838.9055274253515,4118.793267505399
ls-1789,male,1,145.72558139653003,361.0865020389095,1508.1992414027845,2519.6395207426267,3451.7777100011967
ls-1800,female,4,61.13638524149195,945.6478683145904,2148.8664818158395,3029.438364263062,4152.52325983066
ls-1806,male,4,147.0464758651886,484.38934710499507,1618.790167854837,2652.1356967170245,3891.369202914757
ls-1809,female,4,174.80383199064215,428.0522090899961,1534.8549504276539,2748.054083288306,3843.2123038348536
ls-1815,male,1,149.22284564007805,712.3679869791976,1916.9436577976328,2867.048988365265,3829.429923143549
ls-1826,male,4,153.95891771320646,537.4862659550138,1653.2410891609672,2701.4901836211257,3750.8401684648743
ls-1841,female,1,177.8608385786378,535.2064989793982,1763.2866649901016,2937.5327177072004,3694.1998329155217
ls-1844,male,4,145.5606493331558,438.200006286249,1769.110697484245,2690.1653749062384,3699.29258451812
ls-1845,female,4,155.1751398907221,461.4845945316035,1771.1357751901219,2799.1600596454637,4093.1861434503458
ls-1867,male,4,158.76290341006398,587.7317596097369,1748.7496319433328,2803.4354474712554,3732.378545731819
ls-1868,male,1,141.7450551177989,465.7270891398401,1990.2540817030451,2767.2891019551626,3635.263715354191
ls-1870,male,1,147.17986327929864,502.7606118677984,1700.651498804822,2710.6498670135297,3965.902106437286
ls-1878,male,3,141.7317488333111,507.85909479861635,1681.032339173275,2507.4431289045115,3871.8146235668974
ls-188,female,1,179.90023104543513,502.6582386310007,1755.2053098228782,2933.738470215155,4069.8235611986847
ls-1898,female,1,168.28588141211415,804.8833165995701,1774.8035757879175,2689.6163932016493,3683.0430770623284
ls-19,female,2,178.34222779152748,539.0841812975334,1702.3956081659524,2664.452456797708,3834.9066001523447
ls-1903,male,2,150.91318238369195,423.1010906491899,1582.5574344084225,2634.974519935337,3548.632657311835
ls-192,female,4,165.87090085222584,418.0822211057556,1658.2971278584432,2753.7594664788094,3931.177173066111
ls-1920,female,2,178.23238871995164,450.46222163586685,1620.5133138629913,2896.995907502129,3910.4126003636434
ls-1923,female,4,172.94012250387962,731.8667361838316,1756.775630683945,2630.0367630535748,3698.3105229086204
ls-1933,female,4,139.1393073738708,444.4557373499257,1523.914541007688,2901.83978264989,4027.144179098328
ls-1938,male,4,155.01657097131704,358.16036322705736,1653.048492702068,2581.696442744392,3895.1240722021093
ls-1943,male,4,153.13297481053974,562.954538002955,1675.0472493004183,2554.246468860025,3311.3635968195576
ls-1958,male,4,155.1643997876238,424.57062155215806,1686.3510121819302,2753.4302084482015,3792.5344757638854
ls-1961,female,4,172.7018966015948,464.36501907347497,1707.995472677551,2718.283716481006,4110.4279154976475
ls-1963,female,4,168.85447190368043,548.6472350560888,1816.4210888806738,2725.691940584369,3812.7992444166543
ls-1974,female,4,164.47321403164426,565.2282978450351,1740.9665786399428,2819.1854814437074,3723.489071403406
ls-1989,male,4,160.11975752700067,433.0155083599126,1671.387218134364,2717.2982227273824,3712.7932817778938
ls-199,female,3,175.49718119176592,518.4229316354454,1873.3642881331625,2760.480100003716,3869.6208361993868
ls-1992,female,1,179.9219269654867,380.86290582831225,1706.7962081999658,2856.838131475449,4129.7145508328285
ls-20,female,1,172.04239511359697,370.23741409190586,1845.0160497568168,2829.384278452758,3983.4775680449907
ls-2002,male,1,140.13744481664446,439.2904470519612,1483.8856640441286,2488.2757797307704,3636.871549468833
ls-2010,female,4,158.40978531459817,452.4716416846094,1663.209396864856,2734.742647953963,4039.863111189446
ls-202,female,1,173.49240152993542,446.6731050727214,1590.116692665645,2860.5797848589987,3805.725478892414
ls-2026,female,1,177.9381927539044,476.0567492549659,1634.4384868073412,3051.092139201941,3915.26108360249
ls-2045,male,3,141.2122942543178,385.0158443257161,1687.6187746130308,2755.492265642613,3729.9376653284794
ls-205,female,4,171.1076774974969,585.7196385901045,1696.4935801322933,2611.1231108285924,3663.89502701915
ls-2050,female,4,157.06616837929693,411.3018008922918,1689.3712762194095,2937.2046550698014,3982.2094997858585
ls-2051,male,4,144.89960101884756,415.12048774924494,1658.7360589918103,2546.7152816823163,3632.9873660400826
ls-2053,female,4,102.16167867412202,385.023694106692,1628.6681342802358,2829.2711433224695,3633.130850800212
ls-2056,female,4,167.739426506303,442.2183392486669,1760.8784479177573,2804.883002902698,3899.4032236419052
ls-2060,female,4,158.88036526778453,475.9199696157087,1704.5321559446506,2694.8553155342206,3657.23048210289
ls-2061,female,4,173.1282539080687,372.3540689218352,1714.8716955648451,2870.613148500292,4049.68398963482
ls-2062,female,4,175.8225638891031,405.37993328014704,1891.903033303611,3002.1986016677174,4005.0075099727087
ls-2074,male,4,150.38680471316826,355.98606666779824,1567.9699522058527,2561.756149651034,4197.100695658725
ls-2085,female,4,160.4283259895314,484.19997851713975,1612.9695867447354,2817.717734413941,4037.2857586086475
ls-209,female,4,168.91134449481285,498.1930171708809,1844.6648234373547,2853.0166062035028,3838.607962450182
ls-2090,female,1,176.8110044865668,490.4908801335203,1589.7972448891517,2748.725994416761,3897.523612263589
ls-2092,female,4,176.37968735911153,472.1909157150737,1694.8139458562077,2870.548347081868,3857.600448732311
ls-2093,male,1,157.35281658233234,568.3412660810145,1523.8273988265141,2610.730139685226,3586.601673899625
ls-2096,male,4,161.31701789205204,419.6562762262884,1588.132892973849,2636.81368303603,3632.0327435229096
ls-2104,male,2,145.43974661419645,409.1324465545496,1664.4940083244483,2505.894219174006,3689.8018445542693
ls-2110,male,4,154.21150415464865,462.88329867181585,1640.1608092584822,2673.2581452101554,3526.16018533598
ls-2136,male,1,149.96219687992206,398.1416081081603,1648.627760395337,2607.857844367867,3665.6039722655396
ls-2140,male,3,153.8539619754915,386.5271430995541,1261.1054152991044,2681.0644774097964,3582.8668897500443
ls-2149,male,4,154.3132481215136,501.03117960196397,1701.8233311110912,2427.239283185383,3774.567214996472
ls-2167,male,2,142.54528217793592,412.68327203196526,1550.5879831164602,2802.903084677532,3944.8508069065037
ls-218,male,4,154.3319593678995,419.9210778652328,1603.5915893742326,2647.981405069074,3937.5861467014106
ls-2182,female,4,172.6335756035642,466.3709725814517,1720.4651243519675,2855.1373298370154,3986.45085027038
ls-2195,male,1,145.34120491647425,475.09786962126196,1645.9413036295678,2713.5210369322276,3681.8490634759564
ls-22,female,4,174.4134902102675,504.7553205235341,1752.4487830735375,2767.359585258866,3791.333975677745
ls-2204,female,4,157.6994831115072,465.20948911782347,1745.1786628342593,2970.135279070363,4028.1772210934596
ls-2230,female,3,173.89808572464432,695.14982443011,1618.3311320758696,2669.7563396898922,3871.570170716332
ls-2234,male,2,142.83084190004763,443.666687420781,1541.2602833503886,2596.41392761466,3665.351489172177
ls-2238,male,4,148.1575757408538,399.1869959661974,1631.5670350059627,2667.887520485874,3498.033382576114
ls-2240,male,4,163.28431355352936,454.02196103092143,1681.1601171860543,2353.4597493232177,3259.2177603061573
ls-2246,male,2,141.99659515876687,439.2921029932138,1789.9689453714486,2678.3958788613845,3688.804958857161
ls-225,female,4,151.66784586450427,482.84197821921816,1762.0762626750593,3004.487689386957,3958.0289706006197
ls-2256,female,4,148.27899378189568,290.692737980585,1818.2251496742492,2905.2872170213805,3793.1288433646487
ls-2262,male,4,174.7902397160013,459.50510741288406,1593.2383852152066,2701.3195577488386,3766.4624261750005
ls-2269,female,2,171.68063214201965,470.5656935147093,1574.0049731759837,2856.942405321962,3737.585223061767
ls-2276,female,4,167.91622156593604,415.7327521508145,1904.718354016206,2916.597179276504,3872.1118593721894
ls-2284,male,1,148.5791280850364,437.83952658379116,1639.2529858012765,2587.6203365275082,3814.390343393222
ls-2288,female,4,144.1619841229703,314.94724475822335,1617.3170731994305,2762.3793585591475,4321.286832804821
ls-229,male,4,146.80128248023885,461.88076688909655,1467.286780188505,2433.4677974205965,3745.0042450395295
ls-2292,male,4,144.99101953832368,485.7744200458734,1674.6396312567322,2233.201642826616,3727.687772651503
ls-2299,male,1,144.8761123889888,425.68483247031514,1686.1547752655867,2485.234755716345,3769.979976257294
ls-23,female,1,171.54955655272323,577.8253408530804,1907.972510073958,2937.944306875104,4082.3356084508155
ls-2301,female,4,163.64937509871493,506.7033742493399,1804.5642223436955,3145.12314672993,4182.862547684586
ls-231,male,4,186.58465783949526,399.16456634643345,1574.3787658732563,2533.651394606327,3567.7197733220046
ls-2319,male,1,162.44156380929695,356.3760955668487,1444.5556385962645,2428.4940103353742,3708.5846665060435
ls-233,male,4,151.45157739861725,520.8144575603568,1616.7848073854902,2650.895499741089,3539.688906221133
ls-2356,male,2,142.3607409813668,450.9288690918715,1566.826094541393,2758.058366434866,3736.4038762833625
ls-2364,female,4,168.02613189036572,472.0245380559794,1820.648368247431,3003.415451506874,4019.9979291203426
ls-2374,female,4,158.6425663126306,456.27959397760895,1794.8494671178419,2803.738010966226,4140.724669554727
ls-2380,male,4,169.1502682247105,483.1663841348437,1482.130404449908,2380.1480369374503,3104.600225591616
ls-2391,female,1,172.90581199051718,453.55359889093813,1738.5568547728462,2782.56139675617,3810.250974564638
ls-2393,male,4,157.21849976408203,535.1212974747356,1563.1599509144098,2755.301802296236,3555.674897798992
ls-240,male,4,140.9089798333623,416.09229689135094,1508.6899864493287,2604.9935760710096,3674.470943627236
ls-2401,female,4,175.38142649557022,507.9940764483444,1754.8762385100156,2863.728435040128,3769.0815537441295
ls-2405,male,1,140.48356120650863,361.33591156976024,1196.35968923799,2560.327111788867,3673.994562855868
ls-2407,male,3,167.4807834223173,492.6611379676466,1475.0501450747647,2573.169589612837,3477.9703083432646
ls-2416,female,4,170.65788091730758,536.1097270694324,1654.5752341804082,2773.7735623339695,3751.0647373362094
ls-243,female,2,165.40009398667286,497.85667819403386,1707.3816038324812,2812.502203011947,4097.901912806924
ls-2445,female,2,173.40176567367018,453.92713693357734,1746.4631489466508,2788.3639792756485,4074.944386826285
ls-2448,male,2,148.20120080612242,419.8115041360599,1726.64048747761,2895.5162088012753,3675.40706329415
ls-246,female,1,179.14378257142175,516.9230248762735,1851.9649800221468,2877.437469731639,3990.2002433584435
ls-2481,female,4,175.81893387106783,657.6591386623345,1630.0779720909045,2749.831601082765,4032.3342272699856
ls-2488,female,4,149.2751290187308,400.0687834429832,1631.9336340598722,2787.8093623417008,3919.4454783134065
ls-2491,male,1,171.30531646512148,493.0098537169864,1579.2232497804448,2755.9797361365654,4151.819212376453
ls-2498,female,4,176.71856337117737,563.086207554835,1800.1126946402853,3060.4269900590916,3897.9069734441982
ls-2499,male,4,167.23362605154833,442.69643606156535,1553.5314554836027,2346.444160508977,3697.192797945382
ls-25,male,4,160.07329832218716,533.6627032903773,1589.6727883407743,2636.0980350829714,3456.124014945979
ls-250,female,4,174.52240527001658,522.5520121844633,1626.832190275431,2820.217205109746,3950.3819555908317
ls-2517,male,4,147.31994959301127,469.6232620362899,1525.74246756322,2639.9520369294887,3504.6021750514747
ls-2526,male,1,148.7510765879543,370.4148177104065,1634.7303673327472,2571.703979312773,3765.3468173190404
ls-2533,male,4,174.6236392775184,1038.2896691757805,2129.9776218503266,3232.9042801714777,4209.379504889113
ls-2552,male,4,152.21034203164197,454.76212982326535,1587.294693623297,2552.2166834699037,3506.117493617292
ls-2553,female,4,171.31961110134483,564.7606553827918,1580.7227885324162,2704.9658953545904,3748.2599876064705
ls-2570,female,2,177.45629044408585,562.9442046622905,1530.7598181398134,2753.3888727941107,3945.5466632200814
ls-2573,female,4,172.2513170760021,585.4463459238159,1808.3924630740485,2849.1192250984686,3723.407506856799
ls-2574,male,1,182.63404567423402,800.7690999227104,1393.3610726430243,2462.9074650219404,3218.386988762342
ls-2581,female,4,151.9778200764614,604.4396020024308,1655.0102250865032,2707.0380005288002,3662.379486373225
ls-2588,male,4,147.1167729836,468.4411005804946,1700.7906767704935,2755.1651800307463,3839.35396364518
ls-2598,female,3,172.70008273903912,461.9500200350017,1554.5461767486513,2785.986349141278,3879.3694959624477
ls-2606,male,1,156.80086529197436,581.1436819091339,1760.7891707369174,2702.497446625444,3867.208798848427
ls-2607,female,4,172.06760834140482,411.2346376353362,1792.2172799447915,2952.0245538812624,4247.845821161184
ls-2618,male,4,157.01812275739098,411.7512087416395,1563.2788174638767,2621.3400428026134,3806.053636312778
ls-2624,male,3,157.84825454011818,368.97055573608804,1643.4622999143992,2744.284742615677,3832.0607458066506
ls-263,male,1,141.56507489388312,702.2959839545547,1699.6867571984478,2549.475471540137,3583.7499769723904
ls-2638,female,4,160.20332528549113,501.73528566110383,1610.9753697866454,2593.3793200409536,3986.074506715817
ls-264,male,1,155.21898880987905,457.9084870249171,1910.5545706998628,2838.2588251285324,3796.9667432012398
ls-265,male,4,172.8186782266023,526.6837823571298,1756.175397448963,2953.5050201986396,4000.1621815306635
ls-2652,female,3,175.60431522881706,482.915425642491,1628.057242736372,2704.841108803198,3695.168036188568
ls-2676,female,1,116.08699761410173,572.9430594530268,1753.940329635382,2909.3248908004357,3907.181156531275
ls-2691,female,4,151.6477896924041,449.5218602845746,1677.9922935661343,2664.743821820367,4107.674577992355
ls-2694,female,4,174.517099119747,509.5830615224247,1659.001417435091,2627.7525765078253,3865.651544162176
ls-2696,male,4,148.74351565273417,542.1507334503889,1716.4426235807348,2615.5016192734965,3789.893616135131
ls-2709,female,2,178.47602472566558,517.0207207043816,1794.7202518213608,2724.7674033705543,3797.943344010666
ls-274,female,4,168.88540116319382,441.2778853295836,1674.0175483725434,3034.6303210732376,3969.3741146088423
ls-2748,female,4,143.2104572948991,393.95553843805726,1512.2365673629006,2750.6268798305227,3864.9147565263465
ls-2751,female,4,175.28825869367867,584.1158289688537,1856.2455143473778,2837.5994131770576,3868.5862935889745
ls-2762,female,4,174.30317636977213,516.9294339591763,1823.549838586273,3050.3862105490903,4061.538741378047
ls-2769,male,1,142.00173060175777,446.120243465537,1539.3117944483429,2596.283932495517,3541.985329606495
ls-2785,female,4,175.54069835682893,529.0093704991841,1821.4518919748907,3092.231195410591,4104.043882627794
ls-2787,male,1,142.10882461123674,405.43785937676796,1791.7445810966544,2689.3778392673976,3638.760183402128
ls-2790,female,1,168.35244866298422,582.4417897217911,1649.1139097883747,2445.729938585693,3594.7869801334955
ls-2792,female,4,159.05008255697248,420.251946394799,1747.4421171417366,2820.7517730373975,3930.4766055804866
ls-28,female,4,157.12695365377596,462.693653909075,1864.0520327172794,3031.3490926476115,4092.487921265217
ls-2812,male,1,140.12534103204618,485.1512509741738,1544.0984240376183,2572.4621315981944,3673.8621218085505
ls-2823,male,1,147.90510782038973,467.7858144057425,1540.7722212772715,2417.1456505373726,3740.3451284521884
ls-2834,female,2,174.09881083096553,498.0630482136981,1795.8699062390801,2813.8365043262497,3831.816605572838
ls-2853,female,2,174.2339701904707,495.69131855187015,1634.5940621592918,2752.375003894699,3805.8295368928575
ls-2854,male,4,147.82791348812617,438.16194546622336,1598.2326573614482,2673.126007599981,3667.4723278731803
ls-288,female,4,171.71949264990354,576.242574068489,1688.9181190935215,2602.966310010998,3415.785974491194
ls-2882,female,4,165.22286144114162,614.8684758980413,1929.7446020265336,2992.218697631074,3968.4921451583
ls-289,female,4,167.40387534085156,533.6690195130441,1888.3638470808064,2998.457082646063,3890.177881380374
ls-2893,male,1,147.0738096997788,447.8119628477018,1782.1323081141923,2832.3318247392044,3677.916305321619
ls-29,male,4,161.87075472541602,365.7692782909428,1728.6457446681497,2767.1956478928805,3989.5468713885093
ls-2920,female,4,139.67901853966322,545.9124145399472,1762.7648542373026,2903.9287771456557,3801.9790004719343
ls-2925,female,3,178.026178701165,605.1283336450934,1576.526121583784,2723.351816330279,3601.0474557893185
ls-2946,male,4,151.65665033069678,475.68905811179405,1458.8333006316116,2576.865569333134,3791.6198610862343
ls-298,female,3,175.5189900638008,511.99134705841465,1752.015206050305,2774.9332636654417,3932.203135448623
ls-2997,female,4,171.61484326677342,591.7098728556005,1841.3081592117896,2810.887682859515,4207.609564976186
ls-2998,male,4,151.47824686666303,369.2508900271347,1474.4172068717949,2868.9001366247794,3937.521029959609
ls-3001,female,4,173.4739833879721,437.5454878674492,1710.9613595770206,2710.805465338647,3848.1476833046836
ls-3003,female,4,176.79534997296852,430.2221275464483,1788.5911155760273,2883.2992440460075,3934.5572766974856
ls-3008,female,4,142.0272676447873,458.51317502837054,1767.8475388681481,3034.684045140776,4028.4627848469686
ls-3009,male,2,147.79213149658256,398.360740981877,1556.083421295051,2482.8665457144925,3529.2457807511773
ls-302,female,4,173.15096205762129,479.3569685660906,1550.9705202753466,2698.0528832010677,3964.6823746696327
ls-3021,male,4,149.0043736809083,484.1572800457085,1616.9800542799135,2655.3474989162532,3484.070470820632
ls-3032,male,4,148.0512760582666,548.9417342903971,1587.2911704150574,2779.4039939735458,3531.0398233289584
ls-3045,male,4,142.6445160658463,466.58996447660707,1725.0948387209905,2639.366698813608,3655.7473218655505
ls-3046,female,2,169.54298058115336,464.94381874645796,1722.186000032386,3067.8262486308568,3782.59519397387
ls-3053,female,4,174.87036327237095,430.16449934515066,1859.3192733089704,2782.4051413622296,3954.2826589502592
ls-3054,male,1,141.58771530131685,510.0854223134339,1511.273421478505,2524.7727067329356,3716.175106302341
ls-3060,male,4,169.80191132857135,364.1162210238765,1720.3005373127994,2689.710097415883,3659.9655722979555
ls-307,male,3,165.61280261286896,511.178894501974,1681.048900311972,2828.8048525230224,3689.1896923928543
ls-3070,male,1,384.6399165208619,1314.0264019155848,1890.1347086284322,3105.1668614447544,4173.239256299636
ls-3082,male,4,141.5873192630614,599.8973143200888,1898.2227244080327,2805.0730830008206,3782.2342004587863
ls-3083,female,4,173.06406065424468,509.57660344689776,1750.7415334708462,2965.5952148732167,4022.9458748450306
ls-3088,male,4,155.03588899818754,443.75623215675694,1739.3046009030843,2459.4027284627246,3525.6233369026118
ls-3090,female,4,61.57238307728543,728.0485535596479,2028.5649555917807,3019.2088337037585,4242.226153524932
ls-3092,female,4,173.86362701926492,522.9181180001342,1845.803816313827,2997.11424556165,4157.260457251729
ls-3094,female,4,166.49404857446737,438.7951551154466,1660.6140470259784,2616.952035307366,3827.144351130206
ls-310,female,4,170.7337059961135,497.97526705521943,1763.4430221609,2779.2142555105584,3898.5021986132256
ls-3114,male,4,149.4867828475832,705.1032135880341,1873.1940455567506,2861.257898246106,3843.4146569915965
ls-3118,male,4,157.65762399205832,299.7921505236267,1714.2414300448859,2742.5711822554567,3738.3627269062163
ls-3135,male,1,151.93622374670898,417.42422886939596,1638.9584479918472,2803.6143337032645,3681.881623169464
ls-3137,male,4,155.08220969224908,438.9397617195767,1679.4259615777908,2667.417961881207,3673.5122689984023
ls-3143,female,1,179.54994015466156,387.14048572596505,1706.8278592802876,2973.3426885388444,3962.329768653181
ls-3144,male,2,156.3365494229203,474.52888906083047,1331.3903864690908,2455.2244021486695,3776.951719019511
ls-3157,female,4,176.92245693187465,480.28977649479873,1875.9807065167993,2763.2013231087444,3585.2628936356737
ls-318,female,4,176.65586522038333,447.30455356251923,1825.5456192529705,3057.0113575342166,4126.572366355564
ls-3185,male,4,192.90220781815347,422.82291533326344,1573.0004779622714,2613.138327520569,3947.9220897540317
ls-32,female,3,174.94461198554262,520.1579937858564,1715.762931749312,2762.4759499501974,3997.9617946130556
ls-3214,male,1,145.78978577162528,634.7740693100476,1846.497669101199,2326.766299558658,3703.4669122368873
ls-3215,female,4,149.30528684339353,457.30384025178773,1699.89378487946,2875.583289694238,3859.157532141175
ls-322,female,4,153.02862323769668,477.23424994439836,1755.618307383048,2703.724629311332,4007.440429039624
ls-3221,male,1,153.5350310047169,366.71439391397234,1642.2409949967732,2610.92102750894,3703.790275326558
ls-3224,female,2,177.8553724958528,661.425250880822,1983.4500715326253,3060.138980177685,4107.960882616118
ls-3238,male,4,148.6211134992787,453.63356533839925,1720.6095381192492,2569.036399853182,3604.04386251296
ls-3242,male,1,145.23790364941618,437.0423633083206,1546.0856278437834,2522.078789141885,3570.813404119332
ls-3257,male,4,147.2488921549312,399.2376131638093,1502.0849369625855,2625.6786343735303,3362.490674845325
ls-3258,female,4,158.3977826880306,532.5712834318746,1735.169655872617,2860.53724411897,4001.6610471683543
ls-3259,female,4,164.80297832520964,446.46829734111134,1544.9135550543315,2670.5034424493456,3653.6597838908456
ls-3268,male,4,142.87009772351,381.84658542341776,1533.9984888061972,2420.8238145002906,3394.746970444374
ls-3274,male,1,161.18656020093155,493.4305272265847,1521.6760439699258,2756.960697099515,3533.433211261823
ls-3288,male,2,149.86505570017428,441.04056159359175,1658.5423183190978,2750.045302116781,3654.0952582996206
ls-329,male,2,158.39355958321818,382.35011376187776,1592.5052087930635,2844.4896884591517,4014.071558644144
ls-3294,female,3,177.01483850049644,491.4016745323459,1515.8626957919478,2722.3556404437863,3871.098562306894
ls-331,male,4,160.46250803030458,420.5969710180018,1505.9916685943658,2714.259269352686,3858.985141107315
ls-3314,female,4,174.55564767711775,515.9001962796117,1573.594969060737,2715.3262418458926,3903.311198801608
ls-3318,female,4,148.06920862612589,571.081928571471,1832.7110773659301,2935.9742349591206,4164.036681362402
ls-3330,female,4,174.62277286226856,486.5047722238729,1732.355065377469,2911.552784272382,3765.518257711283
ls-3334,female,2,178.69523751144595,561.5633154867619,1941.008562037193,3110.142640473383,4230.756615272105
ls-3340,male,1,141.36740978417754,475.3826445130608,1665.8878976975668,2704.8646535069865,3591.8530450627877
ls-335,male,4,151.41749011881626,613.7951780422634,1549.3569295446814,2466.113884703458,3574.1137903675017
ls-3389,male,2,162.5945796363243,607.5451975749247,1640.158182506299,2815.2000353470703,3671.022412003049
ls-339,female,4,137.50586962109065,460.6872516183026,1732.0329787703981,2709.07559098045,4080.2532000784804
ls-340,male,4,151.86492108188605,758.4239262375359,2034.693317052707,2863.840915203026,4040.2032195258093
ls-3433,male,4,196.96446634591513,420.85182799501416,1623.24179032156,2547.244817389129,4100.225753617768
ls-3436,male,2,152.40222716157032,354.8717007608117,1599.7380952955004,2937.1332906838247,3927.3228419600828
ls-3470,male,4,143.83819215278402,490.50362809650085,1354.0759012697858,2878.965692416201,3445.1949062698122
ls-3482,female,4,164.6038312956609,496.4872640005225,1761.3870438367035,2698.404169803416,3734.0130971848466
ls-3488,male,4,146.89237698169416,395.13916559588324,1550.43776576267,2666.059280557164,3505.047415208906
ls-3500,female,1,179.3276447166326,403.7113831852978,1926.2975260753535,2953.7187525984873,4027.095186133296
ls-3521,male,1,143.37329088708674,537.4015735499247,1604.3510067705438,2680.8450873003735,3447.650077026582
ls-3526,female,1,179.4819889245531,578.0789037312311,1576.777762562872,2726.941432769276,3997.236175039136
ls-3537,female,4,172.22781492740037,401.14400051137625,1636.6077585350688,2847.5615086213893,3766.1841484891474
ls-3540,male,4,147.58614397077253,464.6286629588028,1615.115278867851,2629.5407560866342,3653.3539845480705
ls-3541,male,4,146.72675047474203,496.9346178507416,1515.7296575700375,2713.615982266504,3812.5429766057387
ls-3546,female,4,147.56628381304154,452.22524461110834,1760.136862411728,2735.6526260071014,3881.6558089618165
ls-3547,male,4,142.69359623286897,659.1612076728413,1804.6637745200171,2534.9079728189417,3213.3571107290627
ls-3549,female,1,172.27632562513833,558.6124440637526,1714.341823279686,2686.5968729032593,4092.852158833487
ls-3551,female,4,170.01217505948625,491.52623824115744,1697.1683031664468,2815.3645490170657,3941.4537651640944
ls-3554,female,4,169.22752277001473,494.8293379598932,1709.682778943205,2743.175965544311,3651.7489533566495
ls-3559,female,2,170.4765538509295,423.54284885639953,1782.260456941016,2994.2546810044146,4099.792156163612
ls-3571,male,2,142.29475119241135,580.0011384210761,1879.3245284830768,2875.0464650811064,3695.434871620386
ls-3587,male,4,153.13273790966224,358.31580410193317,1755.771650441087,2735.800341930662,3720.1852455584535
ls-3588,female,3,174.75141326300536,509.92405019432977,1705.0744162559374,2817.9716294852137,3844.8623374105186
ls-359,male,2,141.10181123813186,445.20351583231877,1454.9014784449932,2519.934359998426,3771.909206386754
ls-3592,male,4,152.62524676881714,463.37864410402426,1629.7756222585754,2664.086458207261,3891.148915623219
ls-3595,male,2,150.81054604467636,447.82700782154586,1756.5902997362261,2541.7038562208563,3626.908071690188
ls-3598,female,3,178.23220276776004,480.7125903151755,1531.5380572266022,2751.086991761549,3963.2161676344235
ls-3606,male,1,154.7148634725497,376.45749794717364,1603.6179269083116,2607.7807218168878,3695.6796400369753
ls-3607,male,1,140.2301631567663,603.6057617451854,1714.018004949498,2704.7981701182257,3812.118028764158
ls-3615,female,4,177.1590261870536,434.399974249391,1682.189926987634,2806.781435641041,4068.684770488885
ls-3618,male,4,148.533039213223,466.50243239223926,1796.874261614299,2735.7837120425356,3789.043099849983
ls-3645,female,4,172.38880309052195,433.33820764990276,1856.7022639697793,2876.832038099792,3993.3719735345367
ls-3647,female,4,171.6465179513159,353.2433392547997,1637.3604599124037,2818.0025321633025,4037.2546057249783
ls-365,male,3,141.66537164637424,438.48277504737746,1553.4983068401489,2722.1007792185355,3627.7168637399195
ls-3656,male,1,143.03430713861377,413.5480697096043,1712.2368143318076,2689.0241011012017,3841.0123545483825
ls-3657,male,4,155.84834142975984,492.2476510182727,1429.7292033867832,2564.9702574147213,3552.731880313404
ls-3665,male,1,160.41748026682507,466.2585070805781,1806.7079219181014,2538.4645440178233,3579.852408956039
ls-3675,female,4,175.37472556598686,480.759303374886,1663.1381154886203,2821.691768511881,4019.6926453495635
ls-3679,female,4,173.65532803246376,482.9743851396132,1793.0166140503798,2911.8913851451025,4192.133495308017
ls-369,male,4,154.69164698090742,349.4994704776311,1587.0979556781328,2710.0044511604187,3664.7504836567623
ls-3691,male,1,144.21686247674887,430.32879767337715,1612.3263887962023,2688.668153814397,3812.905020306186
ls-3698,female,4,169.7613708486062,424.4905170091297,1590.2299151964023,2713.6757528310723,3993.1196254423776
ls-3703,female,4,169.62300876165128,586.3305303253761,1655.2693177711758,2767.637828673683,3873.9844501276716
ls-3728,female,4,177.59314955441408,505.079906241715,1734.0662091466402,2721.7815426101956,4119.741694915047
ls-3738,female,4,174.7573902568348,582.6749827861634,1954.7423895351662,2949.1021894883615,4038.3322975021333
ls-374,male,4,163.03649138556648,472.70029747601177,1555.1140800587445,2522.8304426147743,3399.6547255848755
ls-3744,male,4,153.49023405612624,494.5607161080159,1613.3705374784693,2571.2260325038123,3629.8321830807895
ls-377,male,1,156.06577228118033,397.0102191398128,1459.5112450177276,2439.554581797913,3575.8137945300036
ls-3780,male,4,144.6112998202027,787.9880293220797,1506.1255835338645,3057.9108568987785,3578.379576133863
ls-3783,male,4,149.765476263575,628.6533985657045,1872.6301630024109,2846.2871477362132,3575.15621964382
ls-3790,female,4,177.48662715825168,522.7747153575809,1830.7057960962484,2953.3148110840134,3967.690451822456
ls-3793,male,3,188.3328975275755,473.9221870480537,1709.62069849214,2652.093067592776,3972.731164894463
ls-3796,male,1,152.09959613823008,371.6852367186898,1763.5297745212083,2385.9836974483787,3506.07574676223
ls-380,female,4,162.66175974016167,563.5737270511925,1975.984804553561,2911.360184468228,3873.8858120110954
ls-3819,male,2,179.66774773106744,381.4426334454299,1462.3809363178057,2623.5745013094042,3545.4273384051253
ls-3835,male,3,144.30626054930457,383.78077597516443,1775.602861479384,2711.9622731564345,3603.434428052765
ls-3843,female,1,179.07207897947515,390.4387087379324,1672.8138887813363,2986.4195928570234,4098.2293126508175
ls-3845,male,1,141.2099160923363,437.58487660955774,1645.3668555944114,2673.8603989862304,3688.3884538582442
ls-3851,female,4,175.69661449316584,489.9515886336526,1783.1470199299852,3005.0343625153446,4045.971404954661
ls-3857,male,4,147.86635127053034,403.5212814467113,1760.1358118559856,2789.2629295156626,4041.0827863301793
ls-3869,male,4,150.1147464866483,437.170264884077,1536.0640817775047,2667.6367376188455,3771.484488276136
ls-3889,female,4,130.1040950580841,580.7471244278754,1724.9526110144388,2910.003066510142,3968.3687038582566
ls-3895,male,4,143.19959163337654,403.6549140487624,1714.0139067943428,2650.9856734948203,3938.589675180471
ls-3906,female,1,178.96866264212247,447.1007194296503,1731.9700119288134,2833.337092484684,3972.1625206629064
ls-3909,female,4,171.63329714754448,437.8854619245144,1798.8701558287405,2698.2228828219168,4056.8688703686344
ls-3911,female,2,178.99304540369542,534.4592151359074,1806.4380200843789,2892.4788733908126,3983.364363326791
ls-3912,male,4,148.13047820737168,466.0711896364332,1487.653639614653,2502.440780151921,3651.57111220938
ls-392,female,4,171.5212585574768,482.91913405563173,1756.633297852703,2980.9813983017984,4194.597586345866
ls-3922,female,2,176.85584116742643,525.5131645469644,1759.1444524878032,2687.3875581901684,4336.298403726169
ls-3955,male,4,164.03371100722038,586.2652296508722,1851.771676984722,2874.216750234573,3808.201920165492
ls-3959,male,4,151.0368544971234,404.0090097398231,1819.6260389180495,2724.4526341832775,3729.0177352625496
ls-3967,female,4,171.24159639150727,428.39973826678727,1876.3809858933328,3084.496146286246,4156.014692470751
ls-3982,female,4,171.4554281743433,413.6361757690877,1712.9794702481577,2836.0978861057642,3733.5290602618097
ls-3983,female,4,175.71181040259722,467.6958308645728,1658.876586036894,2817.67447880662,3854.193845171834
ls-3989,male,4,183.96683575516002,579.7128035486271,1664.6899866062322,2811.1312232843384,4079.521619552632
ls-4005,female,2,176.16055280703296,464.450533097333,1654.5327184578973,2848.6622615386877,4215.748112479305
ls-4015,male,4,180.86270992661719,435.21371350428495,1460.281080817492,2463.1571018737804,3881.802189089115
ls-4019,male,1,169.4885054102937,419.6990210300638,1734.9570819487017,2639.2548471001705,3580.4064278059573
ls-4020,male,4,241.16809852257768,524.975288125285,1869.8064176479616,3133.8140769695783,3933.9852828207486
ls-4021,female,4,173.74127528031102,588.6585455120157,1697.4017857674494,2792.819026725977,3971.563022994896
ls-403,female,4,173.9933729529996,361.80941688420825,1622.1804809861578,2689.2526443594597,4030.3210006767345
ls-4039,male,4,149.3518061470338,487.09434657565464,1680.8607847990959,2510.941258375725,3604.02127035582
ls-4051,female,1,171.41703895573005,484.432394775287,1547.429186523079,2675.144913609157,3907.652040666332
ls-4054,male,2,143.49655343665478,535.0555745998134,1569.604004870235,2549.5769033492224,3611.086580332426
ls-4059,male,4,160.12434721148986,436.7086496066502,1671.467456938072,2724.943815172757,3743.269337648011
ls-4064,female,4,164.27969238492005,479.55629434988884,1698.0792353306383,2828.448462549958,3971.550239924463
ls-4071,female,4,88.50894170128836,542.0286741348536,1861.2903424654269,3169.2221908274587,4089.1644322995353
ls-4085,male,1,175.56427150627493,499.2113861166091,1404.5011765383238,2314.6339354832635,3695.22332345294
ls-4090,female,3,166.81505278681936,547.6851005988659,1647.8225732947512,2660.054299178066,3803.980036574452
ls-4108,male,2,151.12558657928906,388.20029045884246,1805.9076370806056,2504.4161061628547,3518.144648300706
ls-4110,male,4,162.8988188375513,426.00678199867497,1553.8735430377883,2621.1279169078025,3735.5824043258826
ls-4116,female,4,174.66731531465877,618.9444415471235,1820.598093458507,2926.6253622591485,3773.7906136101847
ls-413,male,1,144.55264207041083,598.7552474425864,1800.1580965543997,2761.4818249429836,3427.5960961121236
ls-4179,male,4,153.53930961016664,404.3164203350635,1588.6439956992845,2622.2129361495854,3873.8638888813925
ls-4189,female,4,169.99360583883455,460.29100312783913,1796.8274331105124,2870.3943600032,3945.870874420305
ls-4192,female,4,149.6189784118165,485.4603665417352,1818.332512597165,2991.90900154606,4180.072135633317
ls-4195,female,2,177.31421517252016,513.9789270627323,1563.1753539672309,2927.455442522141,3966.643822360391
ls-4196,male,3,146.2862222463666,725.7587657773254,1995.260691945797,2913.9804084020116,3696.471392749724
ls-4205,male,2,142.82562535373236,451.7548729399545,1881.7102406826698,2544.329833402756,3516.8575031532473
ls-421,male,1,164.87823576006116,359.4824937577754,1972.497111634422,2925.2521497204207,3930.4462377330856
ls-4217,male,1,143.80242831325896,738.7328707063124,2001.842065283592,2954.8058731641504,3716.809359730575
ls-4218,male,4,147.42448266134232,422.8758947295478,1557.3777771735217,2647.460102552852,3441.835675005532
ls-4222,female,1,165.4982619192872,466.655732709263,1724.8629873207776,2564.8248016050156,3878.863234232536
ls-4226,male,1,167.66278180095972,413.7173402692392,1456.6745809878162,2620.255465433103,3750.15317969396
ls-4234,female,4,172.70400621579927,589.916017323651,1568.340369609907,2783.1548394264064,3678.715492195069
ls-4235,female,4,165.0704315289519,537.6957218885585,1689.9418390263336,2701.8000478754548,3810.527199909574
ls-4238,female,4,176.3960600804922,458.4262554126326,1710.2968324957421,2717.1739088459854,4295.168060436824
ls-4243,male,1,171.44126828526979,474.3159847607894,1606.2482172858122,2666.373375354534,3668.600117682284
ls-4257,male,3,141.25373396444624,456.2133952878801,1567.1620046829619,2642.5483200594745,3712.2966807917883
ls-426,female,4,164.5786741588534,472.2839996146432,1819.6314804156127,2924.187447900703,3898.448581265107
ls-4260,female,4,173.8353714377476,401.114057890599,1638.6745446447894,2704.5309444855206,3800.49691445789
ls-4262,female,4,172.35138608402724,574.0961719343368,1659.5643001936814,3096.249063264717,3843.2579323531245
ls-4267,male,4,196.07825746253238,458.8511907414835,1524.864824481461,2675.872892397276,3680.2242448172356
ls-4277,male,1,143.5997417128848,648.9065996505233,1957.48672974169,2740.7783036389874,4148.179621386363
ls-4278,male,1,151.71748882574073,389.384180378553,1573.6760145428138,2494.703297433899,3742.1034005565443
ls-428,male,4,152.23282412499617,764.850666766316,1812.8604799594461,2913.7854475973627,4076.8578641815466
ls-4289,female,4,165.03766357658367,491.75723620234635,1708.2977239082368,2819.9800823325922,3875.1321367399432
ls-4297,female,4,175.6173467532898,532.206877273072,1764.725984829425,2892.5604502443066,3831.0345417858694
ls-4305,female,4,175.38281144029492,407.11760799472916,1800.1323218723837,3044.841828560022,4291.915081650854
ls-432,male,1,156.76804333641573,496.19931850544185,1698.8143333710113,2383.33281149209,3147.2144972584265
ls-434,female,1,175.43123155320072,531.2888787633765,1721.0108837110315,2786.056825394832,3719.954789860454
ls-4363,female,2,168.17524958850183,583.9962124218171,1692.6771967350633,2848.987684897504,3860.2251396092697
ls-4379,male,1,140.2590929774737,355.415215666443,1563.1174356897163,2554.8792128102286,3793.7699442937574
ls-4381,female,2,178.50593169310412,394.5652110350868,1658.7853123605414,2587.2406759809373,3725.6010714527574
ls-4396,female,4,147.19357556675862,451.2525611836733,1603.856741500152,2775.818325583079,3922.8755821626046
ls-44,female,2,175.53491719927388,472.3445702028752,1829.2200689548736,2513.0641024615247,4122.8759861571725
ls-4402,male,4,166.11740107193205,412.4473365053767,1545.7881830327706,2607.2228792230153,3863.146689986401
ls-4406,male,4,169.39687346663095,522.7111526278097,1647.6123989826474,2768.5849906370945,3709.1802640355518
ls-4407,male,4,146.2401690885685,383.76547944153697,1479.9210142377237,2678.447265190302,3853.0234424464215
ls-441,female,4,164.11781398888934,419.63747062900325,1696.9027909698993,2827.1926479030963,3970.097180447996
ls-4420,male,2,144.70126024648437,406.5222450656224,1660.3475784678806,2795.821632495042,3564.0654866736713
ls-4423,male,1,146.09551632330198,494.9789464925804,1506.4235786828763,2677.453842684578,4195.880143988978
ls-4427,female,4,175.0605588561877,438.6249937987263,1739.3853654982863,2959.6490476399995,4101.506591810073
ls-4433,male,4,442.34550002630294,685.9387380723866,1853.8519112702477,2900.78790710878,3770.0201535813067
ls-4434,female,1,177.540340982255,524.2638874232946,1507.2230554942457,2651.712700295325,3636.635336229188
ls-4441,male,1,154.3168545053075,451.6286471316549,1518.3274968260826,2513.3781217750434,3720.2901390945362
ls-4443,female,4,141.33468554456107,420.1436345402087,1591.6324848582572,2752.9224660952186,4058.110312592135
ls-4474,male,4,175.28244675703434,593.4249724623446,1787.3210513567246,2866.3272329883002,3877.1015709932
ls-4480,male,4,145.60593747659806,368.0522603369181,1581.4767505985426,2744.8849570575567,4001.015209765873
ls-4481,female,4,151.10367376078887,455.298415951704,1720.924127136875,3053.545911410981,4195.4683860984005
ls-4484,male,2,142.49570732065095,440.00806381453896,1396.5781116378394,2492.7773085610875,3453.244475874195
ls-4492,female,4,176.9651015711094,509.3193134029729,1767.394401601745,2829.2233656154117,3936.3891674828765
ls-451,female,1,178.070709315035,610.8138140384367,1825.7317381381895,3099.9115135961056,4032.0954172290785
ls-4511,female,4,168.20632571999414,486.47435563727333,1646.486107948238,2999.9600505857825,3962.753487295615
ls-4519,female,4,163.0785154709873,488.9131011446464,1786.0208367577166,2960.865180651459,4040.606023723997
ls-4520,female,1,175.62633441989874,591.5434046582369,1932.2383797588036,2775.4047812282347,3694.6708431276247
ls-4535,male,4,200.3228850040611,503.7007998811346,1543.2503681150579,2627.5367932527624,3895.9316792497575
ls-4546,female,4,170.60018627216903,552.0920936923721,1843.8901448269494,2940.4943074223775,3975.2264634434014
ls-4549,female,4,166.30418660953663,541.3672561686813,1679.931270113109,2742.7802329805395,4046.4836575466234
ls-459,male,1,169.44318392523542,399.06224264975884,1687.002841065201,2666.593916000333,3686.3015462791936
ls-4595,male,4,175.7983610125801,457.9521737513216,1596.8001642307304,2475.4844521912064,3837.5471390862613
ls-4598,female,4,169.53718162600143,390.64872122593346,1715.382633631043,2761.4005776023814,3904.5923753965817
ls-4599,male,2,158.45093340066165,495.1719416718727,1684.4819183114785,2810.957330804298,3992.8468138286653
ls-464,male,3,141.96316522909152,577.1724642989374,1568.405027272351,2540.371802348669,3588.3710951477215
ls-4640,female,3,177.09303337283941,493.4954203322558,1825.7568988355442,2908.03726018046,3991.7097429048226
ls-4667,female,1,177.4716644788254,454.8687695498857,1893.743788569408,3046.155421459278,3905.5557459528814
ls-4693,male,4,143.97573176943007,440.8453838886288,1560.6708912362444,2682.676262706201,4008.9823212902947
ls-47,female,4,175.6686515251945,476.78916913616524,1853.5951551549542,2882.4311945722948,3921.4148155816147
ls-4701,male,4,184.14847774431564,442.2761538361031,1676.528528268356,2919.7248215799505,3631.450152476371
ls-4712,female,4,175.82503033467222,419.9042427094771,1567.6061090649755,2795.721704270836,4022.8953782734898
ls-4719,male,4,148.7626803705872,415.11230915793817,1715.9429624039267,2661.829704426489,3662.7544592441527
ls-472,female,4,176.71574512500408,729.3287094671947,1916.1475361060493,3123.261470368494,4218.074327757924
ls-4731,female,2,175.85657738640856,586.1595479699871,1703.5157862071005,2874.120677403631,4181.568696017288
ls-4734,male,1,167.2023827758714,495.42092812710126,1581.5391858326445,2509.963416227537,3320.1216776406422
ls-4738,male,4,154.0549826940236,427.3369369940358,1604.2271793218802,2609.0420467144286,3667.049537678767
ls-474,male,2,146.34366251216545,420.6319867179541,1456.9331743807043,2701.2871272548923,3582.559640891675
ls-4741,male,1,140.80424592691327,569.037936738089,1772.6427687613132,2748.0742583424576,4059.98302814404
ls-4744,female,4,164.6974671428897,540.5423947607469,1644.4369744021417,2872.811884144123,3976.192037592267
ls-4748,male,1,142.26754413501536,460.36232915608093,1461.1668352590625,2539.889576632119,3593.9760663446673
ls-475,male,2,143.10827285677453,497.14453815353045,1661.918098945165,2528.5598772586463,3677.4012906204052
ls-4750,male,1,147.25653411051627,496.0528960506339,1562.0658389024095,2424.2083542811774,3704.8691499273727
ls-4770,female,4,177.58664994587758,450.8541742889096,1793.8139830615767,2813.6617764496514,4086.514793029629
ls-4771,male,1,160.96684379549708,462.0088872332265,1572.6485521074283,2436.514232840553,3940.222576000534
ls-480,male,1,152.1170177148491,413.47863138342905,1568.2394090755015,2612.548855086099,3593.087885737714
ls-4800,female,4,145.86228322087027,549.5358629967538,1725.1303749407666,2751.2783597241505,3951.693104609837
ls-4821,male,1,151.7958373371071,437.97312681839526,1470.0177310054726,2527.779446126341,3834.434896983081
ls-4839,female,4,172.69132901762953,452.2202883381689,1649.1833117802248,2907.9337750762443,3997.273927024443
ls-4848,male,1,140.58904763725295,416.92331089802104,1548.297571236777,2711.606571479443,3764.678231077705
ls-4860,male,1,144.98963121268338,424.19236634410686,1726.803947463131,2635.1064174992753,3491.5470904356225
ls-487,male,2,142.10560087641244,501.24395639638317,1776.7658550366991,2807.7626029681487,3746.4418367188428
ls-4872,male,4,144.22326840707564,384.0023987861035,1575.3318100430843,2635.297144520679,3742.022738663111
ls-489,female,2,160.68876384740457,511.90792355892415,1841.3695258952816,2796.128317342005,3765.982477159765
ls-492,male,2,157.78588967633067,606.6644500758364,2149.8815491574687,2812.866096269277,3769.6296445686476
ls-4930,male,2,158.16908474471379,322.2475291960984,1793.577224235048,2487.3289478530487,4006.3828385766255
ls-4931,male,3,150.17339171881332,431.22787967675237,1655.5774665270428,2812.5578361191506,3746.0247522455857
ls-4936,female,4,163.59424713649213,412.7127287558467,1889.6278444963846,2894.4510451664983,4025.4752034992875
ls-4945,male,1,146.75575816303774,306.9233838323227,1654.6640978840328,2491.8959889035605,3638.088238386189
ls-4959,female,4,170.18667395314753,415.8418368640837,1737.6761694758748,2885.50824340493,3732.116979830709
ls-4964,female,1,178.64862223880965,580.793739068606,1629.4571218685055,3109.551743574168,4325.486708997955
ls-4965,female,1,179.93367209756198,517.8388694693674,1842.2800014039499,2840.3021084561624,4050.0576083390943
ls-4967,female,1,172.02681903085917,556.8806150271787,1837.2724515161772,2841.6755693899013,3754.469729734803
ls-497,male,4,156.21684995835233,803.0487626476614,2217.2079877848937,3046.990022086531,3904.112985894214
ls-4973,male,4,148.1187096456051,518.495508474896,1596.2277028773572,2527.68469493025,3717.698116135421
ls-4979,male,3,146.95450560133003,414.26795019047876,1508.197732160726,2476.404131170534,3285.6948968395304
ls-5000,female,1,176.41549782896993,465.5285572037189,1562.1891578350194,2494.8601630604503,3751.2894807333287
ls-5007,female,4,155.8002723859924,522.7058568521177,1411.735641731043,2852.200252282955,4474.5103949205
ls-5009,male,4,142.1450850904558,472.7562112277185,1557.464452984747,2443.20354190781,3211.9237480284646
ls-5019,female,3,174.47891256753968,485.1209278672135,1882.060740106971,2989.3223731369285,4389.651205262338
ls-5036,female,4,153.63463427852037,425.13145033360564,1772.5468200639982,3119.678956449823,3907.474313488591
ls-5038,male,2,149.26178819104945,469.0250743143023,1767.9827779535676,2702.7336281086914,3805.3646834421133
ls-5039,female,4,168.66204311524973,564.6196298653541,1763.2947868772876,2809.9016874984018,3947.537335521839
ls-5044,female,4,167.78656414316077,518.9064534061941,1602.4434659530643,2804.944971876421,3723.83808913749
ls-505,male,2,148.34648480799433,540.4214347895563,1563.9665794148532,2712.450992754537,3456.6063123612917
ls-5054,female,3,171.62502223622764,479.7401745137247,1656.5680950868582,2978.7176462051652,4176.740641071705
ls-5062,female,1,177.19648164150027,448.3977364216876,1572.8768211520178,2651.95457283792,3788.7802409220253
ls-51,male,3,154.04471646083428,487.646274149839,1405.9320516494986,2674.58112442488,3652.1836917560786
ls-511,male,4,148.0593574333001,469.517406954363,1499.3386715571294,2476.802485423139,3540.4452943394317
ls-5115,female,4,154.29939098541794,555.9777969165274,1648.6302014704684,2660.1030893514994,3772.8815345076505
ls-5118,male,3,144.32851772027502,573.1526182787991,1634.0251898884096,2904.064582652547,3867.485937781233
ls-512,male,3,152.66746929649665,474.57628038346616,1636.2908732212677,2531.5766268164307,3811.8173770108488
ls-5123,male,4,183.51823365721356,507.445895099337,1564.0102345513988,2803.9072660378793,3672.863399961192
ls-5126,male,3,195.1671384409554,404.1507683801981,1488.6534805860274,2774.3682626841746,3575.4455020939336
ls-5132,male,3,142.6935475091323,539.2705100929609,1781.5195630425712,2743.4415174794435,3582.97624510667
ls-5133,female,4,165.81321814181155,462.61825313344616,1538.8721826819874,2779.860508482334,3573.7688721194854
ls-5136,female,4,176.9561439668939,507.67022963169234,1627.3761265819514,2889.7634503499266,4101.48771711408
ls-5141,male,2,142.76506799337986,435.9705327230072,1543.2870203150085,2512.7459597620436,3603.42099442416
ls-5154,female,4,172.03557907662764,608.9215831595185,1710.7868854273793,2902.9556918745147,3934.881757661826
ls-5164,female,4,167.99932154765924,557.5127227200555,1647.7946849223963,2634.123857983591,3920.6200606615776
ls-5181,male,4,146.01236469281167,500.6613171234841,1540.7613604064181,2543.867461280611,3440.0531396890315
ls-5185,male,2,150.31676199660274,467.3997700295778,1431.627727923154,2298.5456237326525,3606.8380525167076
ls-5186,male,4,159.1019448790672,369.68612086029736,1689.1088457560745,2822.017084525216,3709.438214689354
ls-5190,male,4,151.0656816682565,391.245553902307,1695.179680734192,2620.8590216442253,3817.05000643066
ls-5206,male,1,160.8082026362307,968.8235724562643,2079.749582503876,3329.440210721114,3794.4869807665164
ls-5220,female,4,151.662491215697,464.91930331961925,1444.4273522338615,2675.829453305774,4284.719460688364
ls-5239,male,4,161.4364661869908,367.59982402826716,1634.9766076617545,2500.267121683102,3477.564945417536
ls-5242,male,4,158.7714298104134,453.9540207705637,1637.1824704236406,2686.753039163923,3534.131689686619
ls-525,female,4,159.24135631343074,601.4601996299614,2097.2029671336813,2941.206200495096,3876.8584062762875
ls-5252,male,4,150.89419038145337,400.20392302466837,1521.7249805326337,2469.847810199578,3804.954509105659
ls-5266,female,2,175.32602719597568,532.488217532674,1694.5539251236103,2877.659159828439,3808.8947606505044
ls-5280,male,4,165.21776890660772,441.693371824115,1573.0385708685726,2595.4820901023177,3690.87123161991
ls-5285,female,4,168.9487352879455,486.90708766588654,1535.6735519471629,3010.162467685737,3893.3216664214297
ls-5304,male,4,150.85893988144048,492.0798406254454,1639.1996811866397,2695.6229927957447,3466.4794793652563
ls-5321,male,4,163.12604323776026,530.348082621596,1541.7832626310087,2746.4878710388666,3648.586605729216
ls-5333,male,4,151.92425223103737,483.95000932414007,1540.4937981667194,2698.524163662241,3538.044570640846
ls-5339,female,4,166.1637522569487,443.32951312028456,1771.9314613512067,2948.9625565727497,4150.867376672252
ls-534,female,1,177.0825549530637,436.2094398703773,1609.4592921223878,2621.7223291064547,3862.888233808297
ls-5350,female,4,173.73990264615742,474.8648610504092,1634.080259515782,2853.707700215803,3762.427337515307
ls-5355,female,4,174.188721779157,546.1114471666253,1842.6727817111414,2734.411803506735,3989.9408802153002
ls-5361,female,4,174.37629437044006,473.4397907069431,1813.4330509736305,2755.606496575183,3789.5213631732495
ls-5390,male,2,143.65704100673088,423.50159864578984,1630.5471113476167,2707.1401484701137,3625.927716261627
ls-5393,female,1,178.91254793304702,661.0875164053335,1729.6024364355976,2823.260477909754,4128.7278492729
ls-54,female,4,169.69147833126752,511.33585281557305,1946.5379857194212,3086.2945303969695,3980.5561641115764
ls-5400,female,2,178.554716321566,420.4597548753309,1848.865900860192,2806.826524516742,4176.851726575359
ls-5405,female,2,173.2253069904592,422.53158083373955,1935.2306084433887,2914.356844095866,3974.794416634445
ls-542,male,2,143.65328964649882,596.4540778361588,1484.4554064759413,2677.8261594460882,4042.2210534371097
ls-5429,male,4,154.52230919099577,791.5022336886445,2142.465375687819,2994.898167060359,4107.178252448402
ls-543,male,3,146.19655857127378,396.58531541828023,1638.6532898864211,2626.8973079847347,3511.6625394738135
ls-5439,female,4,174.07570718602443,511.99388157467877,1701.4444040655171,2817.361236903247,4005.727945518331
ls-5456,male,2,146.0450268371668,421.6779515563723,1365.1817183832347,2586.786653358254,4087.911343966721
ls-5459,male,4,167.6752600867748,498.956598756089,1620.636045584295,2591.0527051236,3558.293403697421
ls-5460,male,4,150.65625400350086,416.88958264078065,1638.9194323659117,2757.906389949042,3776.092275239892
ls-5463,male,1,148.0291757105459,488.4192929475063,1509.0647069505526,2682.031239707415,3913.38088351274
ls-5489,female,4,154.3887484238297,528.5769031223509,1636.0189205884603,2633.1443437865837,3740.1116027600547
ls-5506,male,3,141.84673977900326,753.9438587817556,1799.1978766067073,2840.5042306419346,4060.8776171019535
ls-551,male,4,170.7334788871904,429.5326066355106,1634.1855927182364,2392.9201992676194,3857.739750781228
ls-5513,male,3,147.39983448481456,419.71524824520793,1587.3006469160928,2679.5844437779524,3760.933909028701
ls-5538,female,4,177.09022661405638,382.29207232873443,1728.1360334179446,2767.2131203555114,3824.6756270555416
ls-5545,male,4,141.80742818191467,413.15768168148566,1489.5350179519887,2546.398966435287,3787.3098042497354
ls-5561,female,4,164.18979379351453,519.6562102019373,1687.9560328028867,2729.8092001205687,3641.8561075981534
ls-557,male,4,142.91482272645527,408.4137862533714,1501.931016257664,2562.5704175879982,3560.1197066746495
ls-5588,female,1,178.99335935220685,491.86114075551586,1804.0653262559504,2881.0119165336328,4079.966588611975
ls-56,female,1,172.00177968854598,517.5311142298365,1739.5803516788408,2654.076184068759,3738.052578572361
ls-561,male,4,144.4811041162086,417.1134774636352,1698.7844258355049,2772.2408463882325,3541.6372717893933
ls-5618,female,4,175.86036189335798,488.05748323307597,1952.919842824953,2928.3786422330695,4209.0764924453215
ls-5620,male,4,161.2428589311861,356.18391085337043,1703.2447623834316,2609.148626954949,3370.576631800777
ls-5636,female,4,159.03251821152986,468.9150660669318,1712.0428787157944,2859.6900359856018,4025.781655837993
ls-5637,male,1,159.40395282984804,537.68487661204,1587.7565853637375,2583.118996891482,3571.079154632067
ls-5649,female,4,164.69765197444084,413.99830338654135,1813.8454686829928,2993.527383229308,4358.135231823548
ls-5652,female,2,172.9901035811833,490.3602194297927,1851.608885734142,2813.583816519787,4068.7572575058794
ls-5661,female,2,175.50662834286982,381.504608465162,1755.3672495935107,2888.946083758633,3883.7574713914632
ls-5665,female,4,173.8785442278517,518.6207533881535,1701.2105529341566,2620.3502656927567,3870.248069730389
ls-567,male,3,146.45048892105467,279.9618893163648,1612.8957685964094,2846.3040755432553,3753.7250214502455
ls-568,male,1,141.94163097874133,588.5002642432435,1815.2899130689564,2692.870672888833,4030.046982040207
ls-5682,female,1,124.6273279819386,385.32452765057064,1868.8056328122593,3038.924319291296,4225.7811538673395
ls-5684,female,3,176.55231089899686,419.81655858449346,1798.140553881522,2997.299128448365,4154.710163833584
ls-569,male,4,151.10023611791033,458.48237679337933,1579.5348351629113,2845.905537667119,3963.9926925535265
ls-5700,male,4,175.45352255945426,415.9225484032677,1534.9830925187737,2590.027560849395,3829.8941948558477
ls-5717,male,4,147.87781130471592,413.71566244710084,1631.912566052594,2537.9692894067575,3827.3934726268126
ls-5720,female,3,173.45385979871187,490.18763502018123,1670.805758868819,2718.10984949067,3841.5017554685087
ls-5723,female,4,151.72730739072227,429.142658348899,1677.9218315131807,2697.391017489701,4012.2904032122947
ls-5724,female,3,175.2220567468019,933.3117470095597,1755.3105872111266,2999.9992062617603,4218.0141599796625
ls-5731,female,1,178.32892292096358,602.6669697370598,1914.4395640196662,2860.736887899039,3912.46214654674
ls-5740,female,4,171.27292195461786,481.00284738681063,1738.957646340135,2848.9619792391077,4125.262671025395
ls-5756,female,2,167.86178962385566,481.546855425335,1627.342628990121,2896.8163926393577,3770.818577300168
ls-576,female,4,167.53433775669117,538.7991117215131,1742.0857898576073,2750.5591209905338,4115.384048405758
ls-5776,male,1,152.407408907846,448.8812350470742,1569.190884234473,2336.865242398203,3428.3221981893303
ls-5778,female,4,171.2020213976524,400.2122221026146,1805.96919119129,2956.78558019999,4046.5864265752016
ls-5789,female,4,177.34337811766284,510.6456264861631,1774.7495786929112,2875.209329481845,4027.697531347041
ls-5796,female,4,163.18589822889004,580.3470035155224,1667.5958213882127,2832.474756979165,3821.3878225706767
ls-5802,male,4,183.9611745128716,452.3870350420987,1669.890134074852,2627.387350186385,3733.64129304943
ls-5809,female,2,176.8693293075425,489.27351712889595,1603.4576783441066,2613.1374862428984,3740.464506513199
ls-581,male,1,140.80291449186274,469.32861048229995,1494.9057444924333,2370.922484210381,3567.7823705764768
ls-5831,female,1,174.32341369227456,534.466001964953,1576.1338249939301,2744.5084515167664,4043.3390595119404
ls-5837,female,2,174.7751683040134,420.18380611965574,1461.4640845403092,2550.521565727223,3972.097923585153
ls-5854,male,4,163.37461607557918,422.389367534283,1579.6813901473906,2682.538549780618,3751.5230971785527
ls-5867,female,4,170.6972843599753,393.46368430400946,1682.985156160436,2999.3675964747727,4162.0741741287875
ls-5874,male,4,147.26993605197708,548.5986014249332,1757.4904405143443,2683.7797667383543,3582.425938077855
ls-5876,female,2,170.97032826657062,514.333012369952,1775.722937727674,2977.136719626161,4200.214671550242
ls-5894,male,1,146.4916833464516,418.28282474235255,1581.9020485554552,2585.015457680383,3622.046638221137
ls-5909,male,1,148.5674895877362,417.3507972677224,1530.8415462484427,2688.688416572623,3649.6410226772673
ls-5913,male,4,152.5444965398082,419.53315078337994,1452.5440791753026,2550.5663145335393,3584.3873236764894
ls-593,male,4,154.7628301797632,556.9953762962916,1711.664100924122,2788.176713133784,3635.001738098931
ls-594,male,1,207.75621469875867,430.18290115852096,1503.5603284644726,2596.5449619999904,3915.794851561231
ls-5940,male,3,156.9460337648596,606.9745877957423,1670.2917627423126,2727.8135395504214,3845.1431567290706
ls-5949,female,4,155.69946529145793,477.4653271599587,1863.56220822347,2874.562043127441,4039.272254556946
ls-5951,male,3,141.81579117912713,476.62234530769473,1281.6831428160122,2494.8588903131736,3369.631609907309
ls-596,female,3,172.36840110993637,336.22965948356625,1754.449496903605,2940.1886819121996,4011.532976633482
ls-5968,female,4,158.94508016363875,427.78020362950787,1679.6636794212197,2795.8779081397224,4010.4999945710433
ls-597,female,3,174.35904594641303,525.0402461686517,1577.2998027689578,2571.5660736125133,3650.2452526737243
ls-5970,male,4,142.4516237403472,471.5591689475586,1563.3438304335086,2525.4599799201987,4059.318690868142
ls-5979,male,1,202.33441429743476,540.4453311802567,1257.135655941283,2325.9509107698723,3797.65412988168
ls-5980,female,4,173.19620304243966,487.63356036662606,1725.787584976683,2951.07518946829,4366.549943859509
ls-5983,female,4,175.3755687726706,538.9145154785515,1753.3671548664868,2726.5215751665705,4043.5899558000965
ls-6014,female,4,173.78922223739244,519.567488791489,1790.358403463281,2988.141042857761,4099.91092819558
ls-6019,male,4,150.33379761293554,381.8242639915486,1647.7195480992286,2600.8497261900197,3329.4932746965283
ls-6025,female,4,176.7572207109052,469.06920679283405,1884.8015674462952,3070.595101307499,3974.368064552158
ls-6032,female,4,174.07062052293566,546.1987060541396,1713.1817987441455,2915.274828592657,4336.854865935871
ls-6035,male,4,150.40627591798767,374.5140048145487,1579.4946231145548,2812.077184083783,3925.103091277155
ls-6038,female,4,168.19000233855624,377.422375399879,1649.9817899289346,2931.837236942647,3732.7598535884076
ls-6064,female,4,162.75404964112715,546.9302359142252,1733.469526780589,2840.070458533747,4108.614701600372
ls-6072,female,2,166.05981757187462,492.36790571751067,1844.8639060811665,2812.4183428262813,4106.130149653889
ls-6076,male,4,180.01475617793074,414.6454707049444,1528.3160819069003,2588.2175403102847,3744.757294911043
ls-6078,female,2,165.21973674535653,429.3386991219445,1780.5943829855769,2781.3002293071913,3868.4302954429068
ls-6082,female,4,174.8225351923355,480.16733590508414,1602.2527331075141,2767.4294220781876,3798.38040474249
ls-6084,male,4,188.80186444037847,407.1459974557265,1750.4672268241588,2971.743810317018,3966.5135445838814
ls-6088,female,2,169.21118594491233,450.01765931093166,1845.981545933129,3260.530679051907,4239.337029793733
ls-6097,male,1,140.6860386008934,382.39563706948417,1479.7922388120312,2656.753018878866,3507.7090158698315
ls-6106,female,4,166.82357348350058,426.4136449997642,1897.6001128397422,3008.339685893,4200.153312362377
ls-6111,female,4,146.53154983454394,453.39027911942105,1768.3051545634114,2956.2624752648235,3664.2634535744573
ls-6119,male,4,148.33079484076382,473.48782044297695,1703.2604071791866,2704.2856963551103,3957.1526682422277
ls-6120,female,2,178.26957323844033,535.4174850250531,1750.0617626661012,2876.8453297276483,4006.213581230688
ls-6126,male,1,152.22264270805175,520.258210981501,1501.29164252233,2855.0288470738215,3777.5337236701284
ls-6131,female,2,176.74438250981694,403.339272366293,1853.664212421274,2684.040332478364,3767.1182086102344
ls-6135,female,1,172.1355879461028,500.9454454000705,1525.665023111489,2729.2615816936036,3785.09212548572
ls-6138,female,4,171.0678455638391,324.6271363749671,1655.3463278595277,2781.111850972903,4010.1237399771903
ls-6139,female,4,157.97669797101545,387.7529407323178,1745.4971270116946,2856.4625646510226,4079.774275236732
ls-6157,male,4,153.53341370654147,414.322142642461,1581.3806268808953,2996.60422171321,4172.89949355813
ls-6160,female,4,170.6922317907169,581.3650597657238,1560.427684135863,2647.461382080013,3660.2380061841786
ls-6188,female,4,159.38173128979184,493.73236222306394,1688.0275350120182,2829.9059482975536,3954.1050472331517
ls-6189,female,4,174.12529401190045,468.00482469179053,1887.5431998330514,3039.414458217101,4002.691104466922
ls-6199,male,4,148.6054557693254,374.8771399671816,1420.4323579417855,2638.9133200551937,4280.803309387051
ls-62,male,4,157.93303632685092,974.9960042810274,2243.713156734022,3228.9324551722134,3965.356308932639
ls-6215,female,2,171.83552394419922,488.2989214930658,1667.5558950752309,2703.047226913676,4128.768049890009
ls-622,male,1,159.16646157715655,466.71275947828155,1595.876695214396,2922.827136649348,3793.5992351358163
ls-6232,male,4,155.95298400036478,425.1584512578182,1483.3860104692435,2523.956452483424,3382.0791259928183
ls-6236,male,2,146.7683078105373,455.9482982433737,1640.7361082974166,2845.801833260711,3802.378777437111
ls-6242,female,4,161.42150151767856,433.8687525819498,1632.2325212905484,2731.412708722998,3982.5427681196934
ls-6249,male,1,141.5752253825581,452.5112902862116,1249.7656668520533,2432.4012133145884,3233.2429993432343
ls-6251,female,4,164.18985366091863,480.425946086957,1382.1206965828342,2612.2485425097757,4021.840164165434
ls-6258,male,4,151.28352311486606,464.06121070653217,1576.9953579509897,2691.4099662402946,3706.540039972675
ls-6272,female,4,164.28115319716744,467.6440304972141,1636.292636123775,2904.362550409595,3918.1895555277833
ls-6281,female,4,175.37523341932308,405.69643982615867,1730.7426398179562,2934.281210115598,3975.8474503527573
ls-6286,female,4,171.18134434909368,391.5540547442258,1786.5186594539093,2843.8240281251346,3813.3753356385696
ls-6288,female,4,170.41376466457052,403.01470941033915,1763.8383759093576,3005.482356198576,4256.68318333219
ls-6300,female,4,148.51106808126522,448.0817833037526,1705.9798206730966,2881.891451935283,4039.3764140443336
ls-6308,female,4,177.58849808532602,552.5604802722765,1728.3220796317732,2774.740990795809,3864.339246401574
ls-6333,male,4,149.74334284476654,556.222661123696,1583.924835990861,2526.494404148429,3541.495178563649
ls-6339,female,4,174.43579461972558,521.0982137510044,1908.298517218263,2990.030784177836,3781.516523186524
ls-6341,female,4,168.85670183732037,524.2897591299009,1705.9323846901918,2769.03439916838,3620.312109307226
ls-6352,female,1,178.6762530938016,472.77406468348255,1678.090195310825,2772.5687215972216,4002.242226291605
ls-6358,female,4,157.7621166352917,465.04365067377097,1775.6659687957033,3026.6045992236614,3916.3841248820536
ls-6359,female,4,158.07431744490458,478.99611340844376,1745.2056848035422,2941.9433882599715,4336.780786588686
ls-6368,male,4,156.88021648997312,513.0559508863494,1583.4293860852144,2770.7696402098127,3699.21723043727
ls-6371,female,1,178.84535237768924,571.8021113903528,1750.3419176442853,2833.255949836556,3856.4060558539036
ls-6373,female,1,179.1540274278218,403.71330326504375,1703.022933316773,2732.036615127967,3969.109703830313
ls-6377,male,4,147.76701271329298,459.57442327290954,1750.1061251291421,2780.3928685006094,3829.4166094104407
ls-6378,female,4,170.285560027313,467.9051681280871,1633.7594107860916,2913.153487340327,4289.25684288791
ls-6388,female,4,178.0009388961655,577.4751567833293,1649.2087050932182,2715.34835099682,3683.0768608572266
ls-6395,male,3,145.80349219872258,387.94656555650806,1617.6994746471448,2493.914192160044,3927.217586079003
ls-6411,female,4,174.20702064786786,478.16034794837776,1638.3589647836302,3025.954544492068,4299.964939518768
ls-6415,female,4,153.79647799036061,451.17433110858747,1564.0162737016344,2698.0209747301396,3588.6506956634057
ls-6418,male,1,142.811343745848,664.8856177676028,1679.7679859240898,2504.629440927421,3643.852350687886
ls-6426,female,4,170.44369210719483,368.8723393183664,1750.4701155917114,3052.9581182628217,4121.507354648541
ls-644,male,4,152.45656304660844,361.0216419625056,1577.5941213782394,2554.7010935964154,3513.2557025377837
ls-6446,male,4,145.42148308716352,394.05940793453965,1574.7650111863486,2546.07988622632,3513.606780889437
ls-6459,male,4,158.20425668243269,523.4473591396154,1389.4283754099501,2752.459441458551,3605.4886132310057
ls-6482,male,4,156.3854977800503,556.2434968455277,1569.4328234565676,2589.880320796846,3391.2482120841196
ls-6499,male,4,146.74841537618488,462.3535282269397,1542.1142801508029,2459.681736633033,3743.5062374795907
ls-6509,female,3,173.25029143053462,486.97578587127646,1682.8192134648846,2744.061845910058,3818.6179942816707
ls-6510,male,4,142.19302846483035,389.3128099293797,1408.6971124901443,2573.7582841395933,3567.472438510606
ls-6513,female,4,172.37333829429815,449.79123191938424,1980.1658062900892,3070.7519983016095,4205.874274504071
ls-6519,female,4,169.72016224618284,491.09329155028877,1742.0046488383964,2863.3930340870443,4013.734724840786
ls-6531,female,4,165.0796603597419,453.4290767549461,1643.729674271222,2665.8487160215723,3800.8174820998033
ls-6534,female,3,176.3591473514472,536.9905547049151,1748.379031990079,2946.172793362749,4113.935302790985
ls-6535,male,4,169.30880308100427,500.27674335827965,1694.9009168198231,2596.4368247855073,3533.6379663932958
ls-6538,male,1,144.35512891910898,416.3153440503469,1368.8360562253447,2690.127589651285,3791.565060641774
ls-6548,female,1,174.06010377714074,455.94202689445086,1495.6327205141665,2782.809682245788,3782.9648299848022
ls-6549,female,4,177.06764023352957,402.19899038454014,1885.52502333899,2873.9712622057814,4195.782684023024
ls-6550,male,1,140.4063636643082,406.84346335419485,1417.702550308846,2842.3754414252307,3631.0348703833324
ls-6555,male,4,147.73402394752978,417.97037811492964,1822.3826909577997,2716.111303047427,3830.737569827027
ls-6563,male,2,150.58287769621472,423.8204106062704,1718.7346525147625,2479.171143718927,3998.137042951174
ls-6574,male,1,265.2444945077829,325.13984525334496,1425.1576511022345,2358.6268248661195,3898.1813859352765
ls-6575,male,4,148.29409108918549,588.5825853786664,1613.3097332485083,2731.2814875336276,3781.7089912861647
ls-6590,female,4,160.0401812483453,503.66671336679303,1893.2260848942874,2973.841966041561,3907.9166882871687
ls-6620,female,4,177.89074533771367,413.75638979790483,1764.1848875545174,2790.0180765650175,3807.542531479419
ls-6636,male,4,221.34106132476865,530.9348031518475,1560.6581498612518,2650.1490947264283,3339.0212491666803
ls-664,female,2,165.0686715586493,502.97170250439603,1676.9344628537874,2753.4802769329367,3710.8737170172835
ls-6641,female,1,171.04949078192118,429.79688037173605,1711.7531141110492,2777.9507595390432,3680.613748630164
ls-6652,male,4,160.77080934139858,432.4003153157597,1573.1906191968528,2588.1482801497104,3692.595089975732
ls-666,female,4,169.68894815802992,516.4711621519799,1599.65852562232,2905.5449928747876,3855.9667289238078
ls-6668,male,1,145.2754030999517,366.36236142323975,1209.8757643482006,2756.9793109972347,4059.9316230171894
ls-667,female,4,174.59182225736504,406.11084150821114,1596.3565434765546,2866.3793548823483,3959.7491519566665
ls-6670,male,4,147.9882679179049,378.36838666940946,1616.0912954251921,2623.9922664280984,3625.198990008984
ls-6676,female,3,172.50518635127116,472.7405538302667,1740.4369725823146,3141.34335503508,4001.0419146413533
ls-6686,male,4,178.53930755576695,390.1274613723995,1780.024417628007,3018.51745495275,4304.419408223508
ls-6687,male,4,170.42958608015527,394.93799731109243,1683.2389016279292,2527.2516733678244,3928.361846521945
ls-669,female,4,168.61556821166656,404.4175930498324,1609.0453641588058,2691.1346766094234,3777.219513199536
ls-6694,male,4,182.71018704422124,379.9060226414455,1464.0645222636495,2558.952564011631,3852.9543515298674
ls-6705,female,4,167.2892356315961,462.7975333811455,1582.5774621947917,2763.527621795377,3853.2068991180736
ls-6707,male,1,141.70150828532672,397.21251613780134,1567.5694560298302,2502.35771710686,3705.910268933721
ls-6724,female,1,166.22087322133717,530.4963054514162,1709.4754778704366,2674.73662369609,3815.4920790575325
ls-6726,female,1,173.1492167787073,590.4936149855795,1399.7172525674187,2515.7111824999865,3792.811215352254
ls-6733,female,4,171.09770964703227,472.1431973706401,1596.6184378139637,2631.0959956999586,3603.4465603237536
ls-6735,female,4,160.76740368531216,549.2387142629625,1699.2511529787837,2782.1572905091407,3959.4683889942607
ls-6741,female,4,174.46875406031705,429.45984037350763,1620.0916270731018,2703.5102861389514,3946.3669968620784
ls-6743,male,4,166.48283282264288,475.78633478361013,1565.0230523452478,2633.6871400495347,3689.191664356369
ls-6746,male,1,153.72455827339937,488.90485152604384,1544.4717922567802,2588.5395848039825,3775.0165101690577
ls-6747,male,4,142.539146882179,444.57596638114717,1714.0493612097732,2853.6121469376353,3617.793306448092
ls-6749,female,3,170.6243493912718,476.8805208074773,1710.0046261653908,2945.74680709364,4174.0211730293495
ls-6752,male,1,151.1726599906936,313.6590417717284,1607.2865410431118,2657.109839363183,3768.134066105615
ls-6753,male,4,174.1669277423179,383.07665400626723,1441.9266298457894,3296.5375517902376,4281.671983464098
ls-6754,male,4,169.09716700906986,462.0226504605547,1473.5026309269679,2629.638742632067,3899.5172763632518
ls-6758,female,4,171.94109427211094,427.6853846666456,1095.6122262891963,2607.935784410729,3740.948014693824
ls-6773,male,4,163.82911047434987,476.1965803033602,1593.3718910436771,2679.8887770688066,3839.712290324802
ls-6777,male,4,149.30352453421293,586.1272849258526,1699.9844944579668,2608.942326564732,3346.901817864268
ls-6782,female,4,172.00009464288465,523.3930651123826,1786.5303126919353,2906.3548972145218,4050.691288210354
ls-6788,female,4,176.92115416720247,507.3860261078341,1740.5994212010821,2825.58084498063,4157.738637452878
ls-6798,male,1,142.00614858971835,618.9958017381663,2025.845164198186,2669.703965915138,3592.696948258483
ls-6807,female,4,175.85610114429605,556.1396031582605,1701.9599978139518,2893.900899327459,4021.6170408777343
ls-681,female,4,156.5616977959732,504.05424421987436,1967.4853267432954,2958.0129256882574,4366.369877883826
ls-6821,female,4,164.98874729120098,428.3546590715066,1859.0183378473619,3064.0125397895254,4007.819675856886
ls-6828,female,3,175.12156460216363,527.1732352233478,1643.5034206261205,2920.2618745354876,4138.094295263065
ls-6849,male,4,199.58509038744268,354.62686793755097,1615.5384192623847,2636.1747501079244,3576.250877336599
ls-6865,female,4,176.3970119452781,571.7963876103497,1842.061324150679,3081.456345585858,4176.507674075021
ls-6892,male,2,143.54940864051474,563.2705836481816,1561.3131080834373,2797.550655621083,3602.933114795007
ls-6902,female,4,133.11040807133284,426.25831745153835,1705.7719488777307,2803.2288184188765,3924.770229555568
ls-6904,female,4,161.54084313029924,500.19950493164635,1687.8309669218534,2857.000350882685,3688.2057279748215
ls-6906,female,4,178.43501673589168,521.1188461920714,1597.5305041976244,2894.5194176339774,4124.467353347629
ls-6912,male,4,149.3895157812268,427.67324963263684,1433.8213025856537,2615.572463526725,3635.6020385352363
ls-6913,female,2,175.20862458571412,521.217734252521,1833.564966484782,3169.08511222771,4013.9912712630194
ls-6918,female,4,172.29432800881938,419.29443215616504,1626.471569854098,2686.9023355644204,3674.2083619856403
ls-6937,female,4,125.49519351367786,403.09115335097385,1985.888217825659,2877.842454168953,3862.5056978633284
ls-6943,female,4,159.55059844672343,518.8158397218924,1826.1302765068854,3018.860674886646,4207.498432365792
ls-6951,female,4,174.52853218478097,416.05002108331473,1699.2482855118656,2635.845949096879,4400.1150787030965
ls-6956,male,4,153.86400738644704,380.7097568665338,1768.6949104848047,2825.9295452798942,3681.5825589727738
ls-696,female,4,168.48214464986017,420.9936221046242,1603.9353765397495,2765.638435777443,3813.3248967570476
ls-6978,female,1,178.61550484213254,376.3831149738155,1805.723497463137,2859.1629531765234,3798.571894254154
ls-698,female,4,64.53427028590727,734.7178091045142,1950.984739946297,3046.8511516219705,3957.054770150161
ls-6981,male,2,149.23524892689397,432.65732137837085,1532.223413253818,2694.6475317039567,3712.6253916868113
ls-699,female,4,170.11384932032718,391.674748641508,1612.3068942219652,2656.06982876488,3977.9884606283285
ls-70,male,4,148.70883322918326,418.10164002674696,1733.6886350867194,2603.735130925263,3711.8438505806935
ls-7001,female,4,152.54213947099436,459.95472805685085,1642.572489472384,2973.5088732042623,3956.5768577792805
ls-7008,male,1,167.70315701088737,464.09458338858485,1563.5729984346242,2488.852732624151,3667.759204689447
ls-7009,male,2,161.9452530386411,422.18141977783733,1535.5132926356782,2560.351646985393,4114.361664480726
ls-7026,female,4,158.93003404137414,393.7711867151562,1630.310835051791,2523.124024089847,3860.499391786222
ls-705,female,4,168.28053678289643,500.3072623821554,1757.3201707901364,2758.6047729189895,4147.3160100562345
ls-7055,male,4,163.98904306149183,635.7464671534456,1752.383166442267,2743.0166312983333,3955.7854898008027
ls-7059,female,4,172.19794126132427,505.94196321251627,1829.1665186984774,2929.351772154883,3882.6573469682025
ls-7062,female,4,169.42418332989712,482.31637423994454,1745.6428427615122,2847.5029229877123,4198.328849621405
ls-7067,male,3,149.27073264823298,456.9195831838854,1439.5837291444404,2856.5373514733337,3588.272918175297
ls-7069,male,4,159.80954591011954,374.30765209929666,1769.901815687302,2633.6229670026687,3835.0322504575156
ls-7078,female,4,173.63124686208747,535.4687628213555,1850.1758543437704,2889.144705787555,4175.811540985176
ls-7079,female,4,142.8767866186795,464.14040421451966,1697.923013172953,2685.3344034970855,3404.8879954472636
ls-708,male,1,141.9515159300182,593.1412366371261,1263.223136363317,2967.1914608822053,4338.6397725631405
ls-7085,male,4,180.68788813597055,418.0593962718051,1751.4763690904524,2835.03244467652,3667.6686382235252
ls-7092,female,4,171.0466933870884,441.6070956656132,1801.5421092471993,2859.957778999831,3981.9476153551777
ls-7096,male,4,172.26237381769644,419.5634407558049,1650.6178190075082,2611.9233122678943,3741.253910876132
ls-7097,female,1,99.13474230855772,436.81918977089975,1789.3328035515701,2874.693079378742,4154.897848613428
ls-7117,female,4,108.76195947802078,452.7010914614528,1509.0177993967602,2639.4005937682514,3643.5127285069725
ls-712,male,4,162.4618454792191,503.3464714613991,1445.55174992085,2500.7008115988356,3865.1562903776794
ls-7120,female,4,160.8586496049345,511.446540887457,1750.7573935419427,2801.5847887335713,4167.538371137012
ls-7121,male,4,146.77579781160222,487.05737071107694,1383.844053004157,2492.2467986844295,3753.0006601935584
ls-7126,male,1,141.32848100329394,499.35104887196655,1520.7420055285816,2582.5586175310664,3626.813508492095
ls-7135,female,3,143.05836541168773,468.6842356684342,1797.6676028230754,2834.103362715326,4057.6667367587424
ls-7140,female,4,175.1240330791199,455.7207120927159,1851.3652914273744,2651.903799821124,3832.255595423834
ls-7143,female,4,149.62292556970834,488.5554019749409,1683.2006504610845,3155.324307016129,3947.03415330569
ls-7147,male,1,154.2034229510478,387.53177980589226,1576.3227040047213,2498.699923036228,3540.3302608706217
ls-7148,female,4,157.6356089818958,512.5740896924824,1704.2006550339079,2773.183832730927,3709.8112504154815
ls-7169,male,3,162.14857895977437,423.913243282984,1607.2053148704601,2705.9015902726783,3727.894799097434
ls-7170,male,4,152.81871119621013,433.54902680631824,1631.8268635618701,2913.7564850795934,3471.7535618657507
ls-7177,female,4,178.31496954071514,602.4114845601862,1845.3067000326132,2929.5584681609125,3899.5987858158483
ls-7188,male,4,167.31386257090236,395.5539293704628,1694.3911561718435,2692.533501383753,3862.0124168693396
ls-7198,female,4,165.5426112182735,666.0081471124724,1752.926669680487,3016.716787159594,3638.179377289252
ls-7199,female,4,125.77676172998045,394.6220826606112,1687.6576464155783,2775.740681973157,3658.194661539984
ls-720,male,1,155.53377536303225,388.0414648753888,1489.3151013859504,2665.4004460825267,3356.5170678185927
ls-7220,female,3,173.566457114201,726.1953128200489,1619.1997692295954,2637.736520192034,3822.620310878074
ls-7223,female,4,175.67814921519732,447.3849109326193,1922.3094280865887,3026.0084194483034,4076.615200385818
ls-7226,male,2,150.89566004284686,370.6848869137757,1526.3812212714593,2683.599916042253,3661.215055758719
ls-7228,male,1,153.11175409154222,376.9869495545716,1426.0891833236856,2469.5823934302693,3853.7274468470405
ls-7229,female,4,167.74786061366308,516.0377020673686,1598.8007363416432,2988.7114262534187,4025.5282053800483
ls-7238,male,2,146.5366002703265,392.23905280714564,1808.960814150722,2649.2344288111485,3791.4715030619
ls-724,male,4,155.23811113807417,364.6917650167216,1485.4662054358691,2593.360948549127,3676.890401287311
ls-7240,female,4,176.57251848426893,472.3462855853695,1679.1631850154513,2945.8736203180983,3933.4141412246718
ls-7247,male,3,151.6579990274599,498.0916181231969,1510.203260284551,2424.301896427363,3693.2029940676866
ls-7250,female,3,173.9712197230151,442.93083859757417,1602.7446458939796,2912.815925031414,4182.689092287357
ls-726,male,1,143.88527319522368,486.6391656254941,1528.4988689209392,2503.037384709407,3744.007206887679
ls-7264,male,4,148.81137735899617,401.7032732856659,1543.5432719633989,2710.071979253081,3467.4302192374494
ls-7265,female,4,163.2542986774281,455.3722327808259,1656.3090981309315,2941.0272972361486,4065.700540432993
ls-727,male,1,150.42972201665205,466.0718787474197,1675.7936345962737,2697.753086905298,3849.776923418779
ls-7277,female,1,176.0521538945313,413.60184726167876,1839.2305580652198,2808.2906906970848,3830.0294878168993
ls-7286,female,2,178.76489106737966,499.5170343809249,1476.7688909788649,2799.434106965472,3841.596756686058
ls-7299,female,1,172.7494571570586,462.19542050908007,1435.3964979582283,2747.8680543175306,3716.4138102137276
ls-730,female,4,167.1675577176992,350.2567907871522,1717.4355469102697,3021.1276921603157,4205.149306551373
ls-7302,female,1,172.16753657113668,673.8403761617939,1275.8140930978866,2980.998031829669,3986.133790302342
ls-7307,male,4,157.33025774826712,454.3526554974361,1477.7462678804093,2673.479256399104,3562.440052539858
ls-731,female,4,164.17915362763347,388.60073294815584,1739.4668376322256,2901.974493723713,4069.9620574669207
ls-7312,male,4,154.6567996854676,411.06645878439144,1595.3921828038872,2644.520098398862,3755.319191204404
ls-7316,female,4,169.27150232465874,546.6750904114019,1791.9285478853951,2734.7413306740305,3798.854515730922
ls-7318,female,4,175.13138391659456,459.51070192215155,1771.402863607335,2747.8495811219987,3798.5927118664613
ls-7320,female,4,171.5550520185693,347.0320065375589,1830.2462163023893,2829.825066980482,4394.239545121975
ls-7326,male,2,156.30539968320576,489.43482497347037,1711.7097233333886,2539.183081761622,3612.8937383037683
ls-7327,male,4,170.18436469488,429.2621075920779,1494.4674963432476,2401.000944137132,3582.6830147464207
ls-7335,female,3,174.7692394138661,471.8771215268215,1730.3606220366055,3064.307123677243,4042.9113982617764
ls-7337,female,4,176.1250210483177,528.4678428439915,1775.5863798143891,2807.801647914035,3740.113647488306
ls-7342,female,4,171.4407625314885,432.2485254137597,1641.5718701976639,2882.229278702411,3887.326534110898
ls-7346,male,3,146.64614708790015,433.8069522525895,1642.32645619175,2594.872062490746,3732.5856380862188
ls-7348,female,4,170.04633287963193,444.9314970076696,1657.8465246772548,2635.706936577668,4026.6457121034937
ls-7354,male,4,151.78147027969476,405.22109906382934,1864.4004211086694,2935.340471005873,3804.4497672767466
ls-7360,female,4,170.7152633611828,499.0741177070163,1797.483618167464,2669.9998527924854,3819.7682559876575
ls-737,male,3,159.18414162244454,486.14610988495974,1346.494339876576,2477.505445482255,3637.6455267794836
ls-7384,female,4,177.4502642916181,432.6749527511528,1601.8839013502939,2854.995660465208,4036.4917856724064
ls-7391,male,4,152.30640961531975,476.15454255647467,1544.3257963588562,2603.4208441650035,3568.3485792878105
ls-7395,female,2,176.07349196896425,539.5180841881265,1630.1017149098059,2757.2059179378193,3931.8158603496763
ls-7398,female,4,177.52099937175734,475.17078163493454,1946.2843113871377,2989.6122972772528,4224.546653006574
ls-7402,male,4,163.49845726161908,450.004190216167,1517.7734303467448,2735.0101732691564,3696.0407158742255
ls-7416,female,4,166.2518268358524,442.4214610246454,1675.3599646136477,2788.9554938489746,4127.030173093942
ls-7424,male,4,143.43235018832945,449.33838537917245,1507.1358462217795,2558.760269965019,3592.400121118471
ls-7467,female,4,178.3142367753883,524.9976794751435,1831.7662509006886,2868.7162980224143,3967.668691151942
ls-7481,female,4,129.5620381669148,532.6048229320193,1867.7797335382957,2868.49439474721,3736.7135903631824
ls-7484,male,4,149.46989057489156,375.96777314630776,1590.9731375158713,2664.4113542830664,3878.96200147299
ls-7495,female,1,177.7003906488387,514.566945888752,1827.731456630653,2795.635094426058,4010.065282537214
ls-7502,male,4,144.16378474255055,560.0255753236468,1616.0397493577234,2586.658705523469,3662.31207674087
ls-7505,male,4,144.06613310107707,399.80140519753405,1399.8428651584309,2676.1405309967563,3670.532325990899
ls-7507,female,4,169.39642442397934,521.2658449793466,1552.6979478646117,2835.4379100821834,4062.271648244951
ls-7512,male,2,160.75449817006663,442.55929665117776,1469.7846113895266,2787.39404157865,3470.473432795613
ls-7514,female,4,170.45063741990802,434.51896253765153,1705.9567053677629,2783.6519034993134,4027.314420253696
ls-7517,female,4,159.19384056614842,451.5960268603293,1698.402810141775,2851.5898157214106,4021.9928239763
ls-7518,male,1,150.25412840390788,450.09418116196593,1575.9899406693767,2665.9889158610686,3610.432437240473
ls-7552,female,4,170.59192257939537,484.7732396524901,1703.0650358387256,2868.6791835020576,4030.9740988198755
ls-7553,male,4,142.86207779780693,451.473258072152,1668.9019613111032,2590.7890577823778,3802.380727738443
ls-7555,female,1,175.31523299235766,540.0593550685134,1712.1634640907198,2865.338126887518,3743.070540071256
ls-7556,male,4,150.0418579710082,430.5349339479309,1651.2115875231984,2645.465971609791,3792.1181105385376
ls-7558,male,1,140.69057300298905,530.9069718708939,1465.9794243475258,2626.1433228908204,3559.1001846277513
ls-7561,male,4,147.31494086871731,374.3356051144009,1699.6754104252896,2866.6692423519216,3777.9875948357294
ls-7565,male,1,161.23744369716533,445.1960598794571,1471.9989121306382,2417.423090105299,3707.8907104784507
ls-7585,male,3,149.85608455173457,449.7114754070321,1639.398747012525,2606.275079993289,3642.9909621150227
ls-7597,female,4,159.60431365581715,498.0158066280318,1825.1039596284318,3091.3498272829993,4151.720677008455
ls-7603,male,4,193.18724350207776,435.93697158897874,1502.3624431212465,2596.388077638696,3800.2057992694727
ls-7608,male,3,141.3416043610619,435.4623132528053,1572.7386316432594,2505.9371286607,3406.027640162451
ls-7609,female,4,173.3307672700121,452.4145977324955,1854.8189340791082,3009.555900216419,3977.219316970662
ls-7635,female,4,173.64261823243407,490.9906082875715,1781.8102383072655,2821.7866681751093,4382.485806494808
ls-764,male,4,152.79340600644235,555.663032681065,1841.7039571501412,2782.646457383199,3697.6924680957245
ls-7640,male,1,145.36729388238084,565.739638173401,1666.714901647334,2514.9692936622178,3545.8115798271565
ls-7647,male,4,147.1298012327319,498.5128946323847,1680.5728546828402,2666.431490243527,3630.5261857533224
ls-7649,female,2,177.51193748376664,513.6137793048472,1869.8715493892614,2666.0442226537143,3559.5106733204657
ls-7654,male,4,158.1911573853748,354.3835918188919,1566.3177742597504,2749.6722208379633,3873.133858769149
ls-7672,male,4,151.17036057139242,333.21182830246494,1566.1905380595047,2670.442108862087,3789.109701056743
ls-7683,female,1,179.74233863464787,765.4044373914498,1757.4339660163073,2694.418022231016,3488.804655441015
ls-7699,female,4,167.95596859134423,505.4768832499969,1957.5669281341084,3101.083615247905,4076.5035563147144
ls-77,female,4,136.9865948662107,474.1854840371474,1577.284313796463,2707.8994614104954,4009.085049290844
ls-7702,female,2,175.0164910658255,426.46348180538007,1797.1896677562654,2822.3728430656683,3929.035469612412
ls-7713,male,4,147.96964580286306,570.6493878897143,1519.216662456116,2543.461253351705,3601.798735118556
ls-7717,female,4,166.97739651660538,408.87086957105345,1631.0894612230995,2708.399468523452,4021.084137961393
ls-7720,male,1,163.11904692761377,454.57562752002735,1471.5903995254291,2499.740269820712,3500.0603414836205
ls-7732,male,4,158.27908727418307,394.06484793810637,1475.5821409035698,2703.279055974692,3830.93147791752
ls-7733,female,4,177.73856665970362,502.6843897384857,1762.6596688743803,3048.5995826317185,4065.818418901542
ls-774,female,4,168.09547911206812,510.5050228405212,1657.0452794292837,2780.8575361234543,3845.0189640808203
ls-7754,female,1,179.69658572410827,398.89039265356735,1737.4265439270882,2913.5371575051186,3800.1193300229897
ls-7762,female,3,175.45074739905675,528.5546142007746,1853.5809290942334,2952.7720308660246,3673.861516840326
ls-7769,male,2,143.89514789918056,468.7614704448813,1539.5923479204098,2360.411988017727,3683.583162975942
ls-778,male,4,157.4983565609109,443.6536011608491,1732.0006826894837,2732.236187554192,3810.083708890892
ls-7783,female,4,159.0815572626971,528.2831739231885,1662.6153282407302,2809.998695068087,3781.5808017334957
ls-779,male,1,143.64829269765198,416.1107468550125,1566.8872215438419,2379.0313796248684,3662.369259831905
ls-7795,male,4,147.597687492134,471.5301044052566,1710.4222241114612,2623.667893254111,3870.7577328992916
ls-7796,male,4,166.67474070653265,352.50064231941735,1664.0893837045573,2434.8966201900002,3436.2766378230745
ls-7800,female,1,177.9302810568071,464.2678614255983,1793.9424520227626,2767.553010955866,4190.5995471201495
ls-7809,male,2,155.1530234006777,314.15339397319457,1659.5364310424852,2580.08548230451,3824.9051530926954
ls-781,male,3,146.1553814944967,408.21374675493144,1614.5690285573833,2675.851717111083,3928.1007102642393
ls-783,female,4,168.89098339216196,451.33037859339765,1795.4242982492337,2604.190431647704,3914.125858409966
ls-7835,male,1,217.429677559662,474.7137890887326,1870.2676371826144,2739.2053455111004,3591.2550888254873
ls-7837,male,1,144.81775939656933,403.8794286916369,1593.189628614889,2590.4732972121737,3506.3122564928854
ls-7848,male,4,151.11719021881936,475.21206211965045,1635.6471785191557,2746.5614058836345,3824.2964612935316
ls-7867,male,1,149.84337606445376,453.59834546611404,1483.8237055134962,2571.0457497479583,3696.797648037868
ls-7871,male,4,143.29615724062512,405.02125102907905,1534.4837015740998,2672.902749220378,3508.9265251638835
ls-7881,male,1,143.3306066570538,483.7865862069507,1839.1069285593785,2929.759023220644,3932.3957550455534
ls-7883,female,4,164.93959728393747,401.7961007778548,1711.032195413491,2616.8540520164643,3989.7849346541425
ls-789,female,4,163.37124716622986,486.4997604909307,1692.8982993295367,2717.561098828834,4052.7234699458586
ls-7898,female,2,177.5509718695933,443.8139793989539,1708.8833165194144,2695.477204469185,3880.4615408366317
ls-792,female,4,172.6981128431873,438.1396993178728,1777.2345471313474,2923.0232905343073,3913.8409709143616
ls-7923,male,4,143.76764120297162,432.89658735208207,1501.8712727770064,2615.0945174624485,3278.2959513239066
ls-7925,female,2,177.0225578299278,532.1309308802249,1691.4228997070095,2880.300423414091,3589.021391703792
ls-7933,female,4,175.35993845839278,432.4281295695876,1590.5246718157537,2879.228870663401,3970.016718486633
ls-7942,male,4,153.65420893592545,340.9761465921174,1614.319848147127,2788.249491483757,3907.2933351025367
ls-7945,female,4,174.62278725345277,452.6632430045818,1632.3163854633503,2591.028430915295,3768.9941505540583
ls-7957,male,4,162.34461505662952,527.1980278223443,1746.0228353449597,2432.65977826598,3572.8483790149485
ls-7967,female,4,176.20283309425093,477.3291223226904,1676.3530462208696,2810.454943527712,3895.221806722706
ls-7994,female,4,170.48236348310422,457.8209772793758,1628.7685401066128,2829.305803524705,4059.056005167834
ls-7997,male,4,152.28299548962082,452.5307389709126,1488.2247070153942,2552.1521261196376,3937.5889726378073
ls-8023,male,4,203.89668992539202,399.16993369375007,1840.9897718054162,2763.1634111698436,3813.301217111896
ls-8040,female,4,162.58959014885454,442.5121661706239,1894.1844961929164,3059.829538619515,4059.319056901438
ls-8042,male,4,142.22755140043245,426.3596094712472,1456.704390982576,2634.120144998576,3531.752888887232
ls-8044,female,4,169.3557798437954,539.8792010739933,1586.3476610468613,2499.0293219534824,3531.943934572984
ls-8050,male,4,166.7850820894233,470.21076601015284,1523.5608799581642,2491.8687310743167,3634.295108293377
ls-8057,female,2,175.175773263429,558.0299863144635,1577.1090408706987,3011.4464626100307,3870.856412275841
ls-8066,male,1,159.70233696204,400.52740694669654,1569.4449330192826,2576.6693287360754,3366.4446274048373
ls-807,male,4,159.83400086992984,404.53926347722927,1621.896742706138,2650.968828050285,3687.5129580757
ls-8071,female,1,173.09234123915468,546.5873883421748,1589.3037307426625,2656.360256717092,3675.6269862181425
ls-8087,male,4,159.7029424164247,466.7876472450255,1677.0189554913281,2515.236181904141,3605.539993291476
ls-8097,female,4,174.13069646482913,434.4743518154202,1490.0090845127056,2596.477262102874,3862.173190089349
ls-8108,male,2,146.28133758335758,432.17719528469013,1612.1007568565722,2755.548198959129,3604.626172527277
ls-811,female,2,178.62074932954133,563.403496305951,1633.6065158250979,2422.078413701004,3420.073384699068
ls-8118,female,4,172.82965637705365,583.4464958207691,1911.121060853182,2767.2646959249114,3843.064329705467
ls-8123,female,4,176.7382166259872,429.41307727556733,1632.7500410498349,2804.626066107589,3809.3508979346243
ls-8142,male,1,149.31714552617424,378.19623926676013,1620.0960415504574,2609.9507105266266,3671.399414701251
ls-8156,female,4,176.16172435067443,480.2891186665755,1734.7077970630362,2718.9215721441205,3903.1816659140777
ls-8163,female,4,170.20980141065135,485.67344811593205,1854.8975065463906,2774.5799045989943,3631.436971396165
ls-8164,male,1,140.40971378415963,416.9397216802944,1572.8498482727473,2702.66974262538,3689.201410580888
ls-8169,male,4,149.34907836502052,366.0306338429199,1489.495857524808,2507.2095593143185,3850.241898253167
ls-8172,male,4,147.93287440701175,444.42217882359535,1578.5557331254088,2783.5856872847166,3762.735281248675
ls-8176,male,1,143.07788284804218,524.9194020999682,1777.9517848072733,2681.0464475807353,3614.32677331791
ls-8183,female,4,171.90250957129092,479.1956385538117,1813.9197641456867,2666.8406199673504,4051.7744740209423
ls-8190,female,4,167.16561197191936,432.30234075695836,1631.0268336144286,2810.8883124974864,3941.9270801449225
ls-8193,female,2,179.41728313402712,486.3099727282164,1858.0755500828159,2789.0328712112805,3719.2338946975033
ls-8194,female,2,178.34871251394117,517.8137287709515,1734.7979416387288,2933.6038367308474,3935.164381324183
ls-8199,female,4,161.04153156816525,491.0978407494023,1774.6401175035724,2595.464894199316,4032.4122837829914
ls-8200,male,2,140.44543561832612,493.22011519969567,1625.4334004521947,2676.671789239337,3598.065717576814
ls-8215,male,1,150.6389668406988,428.6492375839156,1270.149410229662,2713.0466535169726,3603.92267982658
ls-8226,male,4,193.29382416400466,418.8942189298933,1607.9288166004362,2772.5754985021103,3671.4417450585797
ls-8240,female,2,178.22090941864226,430.6686576014556,2066.506048372956,3145.3553155571226,4329.360541847172
ls-8242,female,4,173.2243993865103,392.8246307138353,1789.7639164336033,2820.6914863153133,3812.9677312022977
ls-8245,male,4,142.921636724492,452.4894645182172,1554.5625421274763,2610.3947147776908,3578.144111597285
ls-8250,male,2,149.42689640994598,465.6235705228773,1812.2624047303061,2698.603250023964,3651.1619208226725
ls-8259,female,4,154.67854377282828,418.65905201802286,1804.3159740183005,2961.4406208828045,3852.4866322628955
ls-8262,male,4,144.16860400799916,455.8660375903463,1640.3960767945123,2571.1877614925725,3552.3165576838423
ls-8266,male,2,142.69742055805872,913.4777709919065,1944.1650546665,2892.419163799979,3580.9121747854697
ls-8295,female,1,163.62150555306204,528.6167336820308,1589.3701587983257,2856.9193711674557,3933.5475608191255
ls-8300,female,4,174.64264857248043,425.8334531683537,1643.3268774913627,2655.7240947380405,3802.78691398471
ls-8307,male,4,159.54138312744897,431.6161041570311,1400.1386056323536,2436.6439818616536,3419.542189721982
ls-8316,male,4,145.2071923288245,463.80537153621367,1668.044118534291,2619.030821076939,4002.646449377602
ls-8324,female,4,134.88326567772646,425.36471274823305,1432.622270879112,2729.349457066066,4103.283964511981
ls-8334,male,2,146.1045129342158,434.28963847901065,1670.2143333104023,2576.7293545430284,4113.172255505557
ls-8337,female,4,165.11777927037986,476.84520822060153,1756.3076276133545,2924.698770275422,3924.5360652906793
ls-8356,male,4,149.49668135637543,349.5582204685621,1620.781413741901,2808.2800400537462,3848.8540409699535
ls-8388,female,4,156.28622266893993,436.8828677203618,1656.5031029200622,2787.0522165172815,3734.8219988452674
ls-8389,male,3,153.7550324690246,593.8127450615982,1481.8887082325616,2443.8922418921716,3516.373602929136
ls-839,male,4,153.18643166204822,491.82934914445786,1518.254431823532,2695.8253511005714,3662.693566535616
ls-8396,male,4,143.0431760483666,408.13650779227873,1567.1933945875999,2623.17346920031,3613.3739619879216
ls-8401,male,3,143.04845858777122,390.2180416848598,1557.3613559457685,2728.6010519478646,3708.403375300234
ls-8404,female,4,159.58054431933897,654.2689259926965,1722.7211452781007,2910.2491759868876,4020.991453310031
ls-8410,female,4,177.28336817613888,540.5265591269127,1555.0836331353999,2286.234898798406,2874.8059191324382
ls-8413,male,1,147.59427438597584,428.5989283895211,1516.6107104724613,2565.6994577548226,3463.6425430127288
ls-8415,female,4,173.01106600171255,427.5020005918168,1836.4592492955262,3152.459366404324,4168.054163488723
ls-8425,male,4,151.33710697162442,364.69328900447033,1562.6319122261266,2564.2193505966625,3652.0895939225284
ls-8432,female,1,169.81300359667657,493.3092509789638,1563.3272162464477,2467.8154197567364,3847.623959845789
ls-8441,female,1,175.35482650716662,474.5905055822947,1591.1153818037742,2950.982916896117,3983.489001807021
ls-8459,male,4,156.15074456403462,344.2712010441534,1783.0109048973586,2801.04462159428,3691.247310660983
ls-8464,male,1,194.804709593058,508.1045227873841,1381.4139500314457,2767.1781552411403,3941.8443323470847
ls-8465,female,2,178.34065779469523,422.93706557245815,1776.760659021585,2737.7981126698974,3949.1224826764255
ls-8466,male,3,142.46582558974177,425.4255844569672,1403.6636214094187,2507.842530815784,3632.3501953262557
ls-8468,female,2,175.40507179796376,432.3819813892063,1477.7588884396876,2758.3537822562153,3934.341227992787
ls-8470,female,4,162.21563614290955,481.5709726891431,1466.7928465101925,3062.782268374737,4026.188270428518
ls-8476,female,1,177.47250059437954,495.94616044273954,1844.3182916339206,2774.5591935062193,3859.392726623919
ls-8490,male,2,182.55612931234242,444.3286786535466,1720.053682793142,2677.7432906290956,3556.6934467992523
ls-8500,male,4,145.78447928100874,373.8913127748186,1408.9539312256397,2822.7336361382445,3962.1554303778926
ls-8506,female,4,166.5049685056046,557.475671638028,1746.9280589565067,2928.479923941336,3840.323444107549
ls-8531,male,1,141.00765980747045,498.6308180132894,1461.2391395915092,2614.835090848983,3825.7151544292624
ls-8534,male,4,142.42468040580522,405.5053074621907,1624.7602221351785,2466.33135257866,3695.251954671002
ls-8545,female,4,172.10434455953893,477.29669553246214,1626.3314503532968,2812.052816625617,4032.814235117196
ls-8591,female,3,176.95329624854133,470.98689034124743,1710.8831701783374,2901.758830895604,4066.01507143009
ls-8605,female,4,178.3830564746352,421.88695133833716,1728.7147482102832,2860.8577470554783,3807.7155508250526
ls-8609,male,1,147.44553582092445,1036.171342523151,1769.44541999336,2504.3195749752904,3523.3869888829463
ls-8625,female,4,153.9644997507486,455.55129422659115,1647.7049308381356,2853.802570071739,3986.889232565223
ls-8629,male,4,156.96233313072298,447.68961769215986,1650.7301040376624,2618.335101212956,3711.529030024138
ls-8630,male,4,143.0947292908556,494.80759099694274,1500.894870973341,2597.071300966507,3260.803541663834
ls-8632,male,1,143.00929415976987,379.3117468029442,1646.2143260434618,2671.565487625592,3914.249944449513
ls-8635,male,4,142.61765256759884,413.85665453403044,1605.9578097756726,2785.891949058776,3732.125338876268
ls-8643,male,4,144.60240162195336,394.55676129275236,1740.8136600002722,2472.309625797745,3782.752251748054
ls-8644,female,4,152.95412076860998,400.6554861628037,1820.9565665877149,2772.662054571726,4028.828175975733
ls-8664,female,4,162.32345077681583,460.5290866001784,1678.1118532780133,2667.3754830573494,3879.4375153704423
ls-8671,male,3,182.80567642624717,412.42689247971236,2082.718260523214,3012.299456864823,4045.1420718541826
ls-8678,female,4,173.95628125475898,519.3473375188264,1569.6509294548796,2702.5712368576724,3775.942183552463
ls-8687,male,4,157.44686629394465,423.4505786432989,1654.1526568059871,2576.633053322861,3755.8259699745527
ls-8699,female,4,167.48523476529078,491.63320228926625,1816.1423932390235,2888.507395953394,3931.506318553681
ls-8722,female,4,157.29634338858193,428.42636603377105,1716.3270955581465,2886.0962179447724,3996.4690054033726
ls-8753,male,4,198.8715851314961,393.1717393283127,1426.1332871808943,2568.466734097929,3853.033273910605
ls-8770,male,4,143.19830484472098,401.8895212730997,1487.6983004806075,2543.152580637093,3707.3919207774443
ls-8778,female,4,126.51568425687202,411.6724023040355,1773.1920367757182,2908.430546562264,4042.177037623963
ls-8786,male,4,143.87772961518957,476.9289028866267,1320.9784483943217,2451.812748097246,3674.52017953101
ls-8791,male,1,175.52532778399657,454.52338776221853,1678.9504515401206,2892.8235808686877,3725.7299316871095
ls-8799,male,1,159.220604436126,406.8499802183035,1626.1984494010153,2694.2239641895117,3789.3176023161523
ls-8824,male,2,142.0854002938381,432.12416672732786,1610.1043598874758,2636.465808325683,3767.470474570987
ls-8838,male,4,157.91021169138446,423.4328524568592,1413.593791140273,2626.060700147701,3504.786528419221
ls-884,male,3,143.8244418000671,398.3034243681103,1751.6150802158797,2496.9332344201857,3498.5315969184167
ls-8846,female,2,170.23499065251215,459.5213739944863,1739.2883613946651,2906.4778705472368,3933.01084998534
ls-8848,male,1,144.0698053637209,452.3864359121256,1448.1138976019133,2744.856711756472,3619.430357740823
ls-8855,male,2,166.93762290900065,787.8342515145812,2110.7304380625774,3087.5810385171026,4164.828553612519
ls-8897,female,3,178.05789643270862,601.208875867159,1990.8953215705915,3023.7622589796038,3894.4541879870094
ls-89,female,4,170.66011081033344,445.7933243005541,1754.234455927347,2786.3359435860566,3814.2900397419903
ls-895,male,1,149.16149045343468,411.81719581260325,1693.1609771153162,2364.4433604929054,3474.298989095115
ls-899,male,1,140.4075967945524,590.9014656626815,1636.7208505927256,2795.4636131075185,3774.5133321576286
ls-90,male,4,146.89930158912986,417.0970731875933,1806.5797878177852,2928.5495778934137,3603.1069791608024
ls-9022,female,4,165.04141671443222,494.8281197418321,1747.6453178000716,2762.9384585215716,3932.150627138019
ls-915,male,4,159.74590652399615,491.48586047421065,1579.6493345091383,2574.778431493841,3910.347935436055
ls-921,male,4,154.99867799232106,436.65847217172643,1721.6543571451593,2853.506837928618,3848.994310670847
ls-925,female,4,172.37133826027724,370.2797608131266,2007.3704314384001,3214.0325648312823,4182.581100597284
ls-927,male,4,143.02847781406896,419.58914499969615,1485.8058232671494,2931.2887762507708,3845.9236329797222
ls-948,female,4,150.91153406869643,450.4284563430457,1753.1198681514904,2878.0636260652677,4256.266853615513
ls-953,male,4,142.0166643274729,445.30028455077417,1557.336541918472,2481.401610174432,3807.332098126616
ls-954,male,4,146.339214577446,483.5641290275694,1709.4289031819512,2783.019874335565,3901.3406074727027
ls-964,male,1,142.22103695179217,534.3660008782405,1382.536308502676,2385.661658367653,3932.477889034718
ls-976,female,4,176.43524880620913,404.8902188516241,1809.7675091750857,2990.183767305926,4046.6161353780917
ls-978,male,4,150.33336279957828,760.9523284955199,1878.7558689151247,2830.5414759466303,3557.629770022629
ls-979,female,1,178.6539185321348,476.5219852550204,1628.0077235023123,2862.5268025257865,3888.3631950588224
ls-98,female,1,160.36113785613097,447.23832122103636,1768.7598365757754,2610.870364901572,3734.2787773012233
ls-982,male,4,168.16570831450827,521.2888034162277,1945.0351405525912,3081.7680429477696,3955.3298183577494
ls-985,male,4,146.0099411294229,383.40776725615797,1555.9132236800956,2442.3291881729538,3285.080847381242
