speaker,gender,n_clips,f0,f1,f2,f3,f4,f5,vtl,c1,c2,c3,c4,c5,c6,c7,c8,c9,c10,c11,c12,centroid,tilt,rolloff,h1h2,vsa,f1_disp,f2_disp,vsa_hull,vsa_hull_norm,f0_range,traj_f12,spec_rate,f2_range,sib_m1,sib_m2,sib_m3,sib_m4,sib_hi,sib_peak
ls-101,male,4,158.96075651817074,558.5375259587493,1907.5116192447313,2675.454641366006,3784.753271235997,5110.909337335915,15.927610915464907,0.7156070030566011,-0.2773157050380512,0.04068665085381926,0.25409870111431976,0.08139435447944232,0.07095234630447611,-0.0650996919337424,0.03854010120698284,0.04341426437285423,-0.029565226317025302,-0.031937053999882496,0.019031183898965826,1013.781878420846,-6.559147235247687,0.01662613018549766,5.722268568139299,234563.0054043011,639.793047925795,718.9785668185224,1142478.4757869164,0.8434708303678288,7.8184361370403685,352.8811026997307,0.0938037272124761,1429.0820810397754,6272.229573983781,1264.4643419288802,-1.2206163922200224,2.1617894837771736,0.8825022027137979,6760
ls-1018,male,4,141.91008302258183,572.5837668278449,1906.2911453784777,2859.3197718016936,4000.5524936363354,4791.742008843212,15.104046242269117,0.1345253642756412,-0.20012800423754212,0.1939776437637192,0.13019155885738182,0.13287221292413615,-0.10696555364623035,0.06318711019479935,0.02819710690243064,-0.061825039691763284,-0.09342240475284717,0.00474088239172908,0.049851357984026484,1329.5045185085496,-3.8059878790308836,0.03857893962490215,2.566706847587717,262384.4302938211,447.98890084984305,773.4160254217269,1381001.1610067529,0.9338068599071635,10.012691585659212,336.8904720121219,0.08628894472599005,1624.9797625390647,6040.478717260969,1256.6160606702704,-0.5068189181672038,-0.3381667532002173,0.7955531235192452,6840
ls-102,female,4,85.25085797277157,774.934861005698,2055.1643283934036,3268.436415558123,4429.300754963014,5499.999999999999,13.527806811432814,0.1969593247856319,-0.06565533905241658,0.14213103695011337,0.08271081596984046,-0.06427166308616672,-0.013241074867288975,0.060797751634617286,-0.08977736856261259,-0.0396858922970802,0.02219967508249178,-0.024381117203207334,-0.013379091805861698,1057.6850078292503,-4.211839798955688,0.013966121788537341,4.222411903011688,173042.58489237117,613.804978265239,622.8053346031811,962299.020082034,0.5537213118008604,19.26437475509134,202.99166812621124,0.07634068152625421,1302.724833476167,6476.141238711902,866.368521985516,-2.189352617729795,8.752082134442523,0.9364449222167183,6680
ls-1028,male,1,152.83691218288703,420.8677414457493,1506.894262211343,2549.3072855972614,4008.6380784450885,4875.431171408387,16.066081737792,0.9830312212457615,0.20748010578883466,0.05728586611715373,0.07095041945729416,0.17471218956824158,-0.06539711905232876,-0.002410884070888856,0.012036800860334146,0.025700974995717364,-0.002054297525170071,-0.07299667508218896,-0.02734214583341782,747.8481535223575,-6.887107483592574,0.002200340799175522,7.410544748943073,162845.5701171894,298.7015915710167,774.2508938623787,927826.2400825806,1.1079056391831084,21.30733498529685,253.0550298411875,0.09689110197058814,1326.8667698686959,5002.625037386134,1360.6167849448643,0.08126006846580627,-1.0254366562854322,0.4782021803919125,4840
ls-1040,male,3,149.75019510453134,485.097529878272,1586.1613654326334,2584.7510163229676,3709.3856338806318,4586.2442586344405,16.650237702051548,1.0016624900275048,-0.16421246629731956,0.2617864427329492,-0.06637100215730299,0.10912939447129572,-0.038872386584779345,-0.030111165199674585,-0.08204489948050005,-0.059220682439199736,-0.1357349417039429,-0.15273980442995935,-0.06982564364937006,910.1729088252162,-7.460205067445862,0.005445447880389724,-0.3341976723940501,70307.9029621955,147.19959087470625,465.8747210243789,766321.3482845792,0.9253198458776201,20.277121114915342,128.40704637944796,0.0958120488152422,1019.7418125866523,4812.364545693685,936.0343330445448,0.8876983447968464,1.7444330962160342,0.3360365699571745,4200
ls-1050,female,1,177.5021111005143,559.4154686609581,1896.9126780895676,2903.6207691283144,3983.387091577955,4537.757893312259,15.107302859036723,0.3119355935489281,-0.3021377265485385,0.23992358433742422,0.01292042770126539,0.21918391641301313,-0.14555168867549964,0.0182420571613478,0.02586252675082961,-0.1548371005024484,-0.08685020480023865,-0.027907560343757448,0.022806971362663936,1403.793002866249,-4.7601265129889345,0.06538053559358104,3.9454856022627482,167401.23385428076,280.3227943551818,633.2235389374437,987765.0489986555,0.7637480018265252,10.053220351351152,255.33900507625344,0.0824379968365701,1359.7552080449495,6424.5233917542655,869.5679608193319,-0.6451085085742515,1.8042069550400068,0.9485934246342079,6480
ls-1051,female,4,176.48372042670323,558.0974356765312,1772.3176966974024,2568.445042113457,3629.0419596480556,4528.36778298211,16.631234412876864,1.3265258993688942,-0.5823818305901096,0.03708255532193995,0.09537664108115747,0.133517793672567,-0.0369320119829728,-0.05454064521723745,0.010222188193005025,-0.05885546055471621,-0.09948812057704452,-0.03433666606813669,-0.01796222877509311,977.5372517107016,-10.354918002623634,0.021023615498766152,2.8624601654705124,186861.55752315954,343.45980364877266,693.5060329062882,1104351.776435037,0.8679544672048315,24.318584358915945,187.57905113280316,0.094047763433078,1398.9364968403659,3393.142682921746,698.5101165539672,1.8027161586899556,7.093740249319848,0.029748441586634658,3320
ls-1066,female,4,175.721120763969,436.6459732133292,1720.8036632475923,2700.9060359565915,4121.158926588586,4872.997678914956,15.35966956010025,1.2966938959472034,0.2301844754149583,0.2755107512035757,0.06379267545474245,0.34755214340364493,0.00007994365405505563,-0.0810175717689128,0.009167222826474725,-0.15069315217713442,-0.11557385363148229,-0.06098784066352691,-0.04236872400500842,557.8741333024955,-8.74817928791903,0.0006743718922822342,1.785152581599438,79747.09247918674,185.23955778738002,538.5428105733959,717750.7665458014,0.9544195261987287,19.485414289664845,185.69004042730765,0.08824267036177452,1229.2701440074325,,,,,,
ls-1069,female,1,174.96139550098914,477.2376643712779,1705.0830420934649,3181.31387032822,4353.174684531354,5031.132404309283,14.14242664555604,0.24298793788604264,0.5491863432213301,0.3133932876146947,-0.07218011006360626,0.04717314209027752,-0.054628112570432416,0.09631955597937432,-0.04813107151234692,-0.14917188066750414,-0.035166474293514834,-0.046536105642555545,-0.047094760802485154,978.6905256624511,-4.438468402811387,0.006557690499267581,2.10249171990578,132479.98001625203,279.20481792841065,629.1632416106427,961623.928114949,1.0233990524671217,19.895863764408055,222.14028255760812,0.09308399396244489,1829.535617562342,5913.944887252299,1000.9157721439811,0.27248912939740083,0.3369432468071132,0.8814381739851251,5400
ls-107,male,2,151.4876869851459,362.95616446739336,1617.79713572828,2628.319759163857,4056.3284509659106,4825.887665283439,15.723179746357566,0.490758876790529,0.45004415792739016,0.22202340582087116,-0.028175364820575127,0.2865925103246576,0.09471332208378958,0.022237088082791772,-0.04062862956420686,0.08022857711515868,-0.02867155042630392,-0.0003373477996069362,-0.02641306661163317,665.1842203195154,-5.381274851991929,0.0017757950083151545,7.158260748421407,206696.42739237868,317.0532256738078,816.2163580211468,1076255.156240117,1.2218140772343278,11.73023895328224,288.4912863519742,0.09125069499051888,1427.036300850866,4445.631581369809,1170.5872604320928,0.024247226864539867,0.2960230862388121,0.38088977013102254,4580
ls-1079,female,4,170.87412553760686,544.3195720082549,1649.2147666592218,2821.31074682862,3874.9580876060163,4628.429410056438,15.770651537727902,0.35830882291861466,-0.1286912889236968,0.26954354057991303,-0.09338170680068787,0.09154977107529351,-0.1546977229283391,-0.011970524922820414,-0.03467774411853427,-0.07178588041568854,-0.10383322938063677,-0.060479804335882625,0.004467304354773613,1281.776768579805,-5.6946042212641705,0.0307754371743833,3.4693650966228606,125324.83044043194,261.265142032172,590.0491400672397,906251.1407663586,0.8387720345375976,15.683082182741947,207.19818419327794,0.08630227830686091,1287.6215178960078,5351.3543771127115,828.4495717272023,-0.05984573215160774,4.449944896395142,0.8379727728092521,5360
ls-1084,female,4,163.88091867218088,475.0646020367636,1703.1358391184958,2915.5595276446593,4069.7776696469396,4482.532004923495,15.12930372084363,1.0742986836511388,0.10487142952570025,0.43268942350187434,-0.13848755688455505,0.20934046100707465,-0.0016516915916080337,0.0017001544260695344,-0.030728188295553925,-0.16797024345501643,-0.030715209299816984,-0.10306032907395282,-0.10338075815608895,677.0244213440602,-8.817071801161742,0.0017047909557594914,3.0849985999027147,128310.6791901816,120.16699322454195,673.1821235278309,997212.3561064248,1.0864121155395148,16.423259358465003,187.7172352936169,0.08921188921790565,1219.233920326622,4083.8634398973495,644.505094348985,1.1412873732157107,4.768466662328981,0.10873880482752679,3960
ls-1085,male,1,162.85128178286377,702.0764157474041,1819.817250315712,2708.446141556915,3754.543010399526,4892.657575805705,15.983278247404307,0.5093688606775749,-0.2942731494587991,0.08782616243672212,0.17550905627257501,-0.00028109616139311284,-0.08278598700113997,-0.07793376341404468,-0.076509279300915,0.08590494234724652,0.01150704874962751,-0.015127785264149127,-0.03750452454410911,1298.5860674244414,-5.432317665764991,0.05690552383788824,-1.1324875745820533,246810.0688833765,451.2901967848468,1071.690605894813,1126352.8468716359,0.8195374707000027,15.849384009328386,366.82105779400996,0.08938356019866023,1461.2849648057193,3813.7273999849263,799.9425925562116,1.0899410148520254,4.048611005335776,0.05765141804292036,3680
ls-1093,female,1,179.31048947273158,332.3015593336467,2090.5070612724885,3088.8549551309593,4250.700149150411,5499.999999999999,14.188367862685332,0.3709323900053267,0.18284687356829202,0.4573514512339708,0.24193312723939223,0.2941253389048921,0.042155756287744525,0.062347453878918706,0.08331104483468006,-0.12406431488752903,0.06329774575605299,0.013005819117054326,-0.05534390823435673,698.0300467983698,-4.542163934489269,0.002932606085075279,8.409137361106453,160520.6976409949,238.74096039022356,638.936985790788,1102214.3786793998,1.1174124863284514,16.93294268067634,218.08717848870197,0.09457197542098311,1171.1798899474743,,,,,,
ls-1094,male,3,142.5459839579069,380.7169208596003,1502.9342495976744,2590.859289259929,3472.7566413588447,3846.124282871999,17.1356156310751,1.5075031433259842,-0.6931658929624418,0.8174175594716157,0.09258727095503234,-0.02516671738985836,0.15221799642921494,-0.13542910896021018,-0.015911607801238518,0.0685605821131648,-0.1652217041316153,-0.11427133767271495,-0.006915082311806958,699.1210674035071,-12.26979302651256,0.007504998902868407,1.3779617043823447,58669.488034658665,208.06159869764474,731.1404411803005,277821.31261705444,0.47323676028405987,12.44701916741076,128.44260152360098,0.10096240718106302,1392.4255863988624,,,,,,
ls-1097,male,4,145.02731571870618,293.24473085152897,1525.8150664018228,2753.3927799674757,3997.614609687105,4824.645308846356,15.710732444805817,0.7059756202985981,0.224888875845657,0.2237543329711678,0.2195495644540552,0.19570113814183276,-0.03575331384967241,0.1305528630577351,0.08809435432943599,0.07518489289381235,-0.0017953747147884823,-0.019155316056160207,-0.003286823616824399,552.152071309866,-6.403884000905643,0.001051678910789001,8.359024489172349,179363.4177946287,204.14772470832636,770.238844036708,1079482.3410927285,1.4081112637365414,8.202637607948542,282.9472084908541,0.10142074261403383,1361.878814059558,6077.510439256215,1257.9538096478818,-0.36603026185459864,-0.16594091100165453,0.7376582332065318,5480
ls-1098,female,3,168.79398272447062,448.72860592241994,1832.8187958599187,2968.554455533681,4206.8071303719025,5338.961370338726,14.684690374206031,0.8979998174409902,0.14281483995749114,0.33353252915990395,0.11415567200749602,0.1309471925446466,-0.05355158392238361,0.05772781399345602,0.0011144617274446444,-0.13121020142040665,-0.02105642889994772,-0.0214992693192672,-0.029046005125622408,733.7154543018271,-7.166122811757683,0.0024327932609261383,3.036871017265415,132050.8263245302,289.78051092385687,588.577819147084,1036574.2465313245,1.0751544572647926,10.93314419248843,196.26140395192712,0.10098840041006822,1409.2191478228187,6504.997334897984,884.6081787995166,-0.47789041316150543,0.9536152406253176,0.9623993972816282,6200
ls-110,female,4,172.67195214233112,383.91941515043357,1777.2126194383104,2941.5775456152805,4159.702474055146,4705.7503480215455,14.830209867314725,0.7651916498665435,0.046498538425784386,0.4019138511502084,0.09404578425651933,0.2608557025829795,-0.04946874280206792,0.11527551224437188,0.055373044242883085,-0.08638749918028621,-0.003023700723271057,-0.026411518817245506,-0.022522943017529884,683.7578082340054,-6.756136667447706,0.002291831412466417,7.403370210155471,189578.13467101072,298.3254342240326,684.8882285358743,1276088.4768210053,1.3666770453929715,17.174541823947614,259.03896538299966,0.09283077664348383,1374.021883683778,3805.266692643257,946.1944621166837,0.5823704139843967,1.370047482388192,0.10078123978097873,3400
ls-1107,male,1,143.2170581955156,454.05795945238464,1667.103442201898,2601.5435477669125,3829.8054580599587,4818.096761819258,16.235299460753357,0.5624730489477238,-0.09986929539296804,0.05639699492087584,0.09116690876071537,0.2247469841887386,-0.037853929487686025,-0.003870966229872866,0.006462473268308412,0.05581969572568209,-0.12957891993209636,-0.09719062875287572,-0.033730303766712384,1006.4634050226362,-5.84863618454154,0.01581038352729216,-2.5619232260733837,129213.23592175714,297.98783757657577,507.9297208171538,770692.8042730414,0.7621440059509323,15.88853089282189,243.11720326996502,0.08799962514916326,1152.4143197143292,4244.8419710746475,975.4061745623881,0.38517820574739614,2.15369745653777,0.17199914577458697,3920
ls-1116,female,2,163.66650851476965,824.5194493283146,2206.762491657917,3045.980755510096,3888.0481237731337,4333.346144429979,14.734980828091256,-0.06242643625674364,-0.6419408153331769,0.47099193381135585,-0.12995427539552779,0.14692028959337738,0.06403196533477487,0.01917876614098723,0.05101263224627287,-0.04769290847969741,-0.035611133200569314,0.009535144197844793,0.05062100533637921,1654.1391842599046,-3.16668197059551,0.10877365239536188,4.205619033681325,258645.22397016536,1138.1211091987418,856.157960770945,1248705.0080398712,0.5871607588864065,27.120902589076966,185.13333989523449,0.08276757019621328,1494.7865266875506,4515.761472504188,916.886198222913,0.8752619868427697,2.712293600999327,0.23717708578615615,4340
ls-1121,male,4,180.39390601576775,480.96898838794505,1618.6575089028072,2511.1483601811883,3903.6984824030033,4701.337030069235,16.19074739323952,0.8838802871867593,-0.07196758922887436,0.10555856712313819,0.007219963382009636,0.1946563570425271,-0.04686625766141639,-0.11126685881146489,0.04334665693764567,0.03273469670181162,-0.045882928507695875,-0.08680792999361174,-0.05261021168835886,906.494276355028,-6.684853048766607,0.007549407385723104,3.8755167421412677,156450.3887306514,309.4752584150911,693.8213400599464,1110133.6106716555,1.0752450800713373,20.0141620406108,242.0366536243988,0.09409491447320943,1269.5609729070939,5119.169301071297,899.2560121839693,-0.3964356166234876,2.8033688196399034,0.6114136035709933,5260
ls-1124,female,3,161.0347822584754,665.5272178244393,1900.1832913622184,2825.040489366225,4055.0328889986563,5081.405647602345,14.978474175673917,0.3884866688052832,-0.21244234473195578,-0.13210769892628735,0.022358376707827105,0.0835110347030595,0.04951175453637107,-0.0460561726769476,-0.01330891865545747,-0.07409757474907304,-0.08853486442573547,-0.03850812309168042,-0.024508627614154968,1179.6015833773702,-4.429601702412218,0.0286302122207607,1.883230939585674,169014.4311885543,968.5745693328388,595.5919549911923,972980.801533627,0.6103093074292787,23.739351435620158,190.49029479168885,0.08890548083679534,1138.8494599303383,5160.598051516918,1151.8555913040373,-0.6663392050455348,1.4215029550028415,0.6164518763391342,5280
ls-1152,female,4,142.5261000262912,401.4370580137513,1814.3191927886692,2940.0250952934457,4425.761012454613,5146.952996027003,14.216088588422057,0.5343436971946046,0.3220896357087609,0.12605391554633227,0.2690785845012561,0.1776115097877573,-0.049570021543008005,0.07049307800035406,-0.01661989538245406,-0.07281199112567,-0.03569847957257667,-0.022756732363488366,-0.011926725040486053,701.0160086248195,-5.5271901601399485,0.0023968597427066795,1.793020134106061,183493.3491738264,303.4696163846263,627.9224720802075,1228187.292614135,1.225592737918675,22.623257560655723,228.6522059565171,0.09036161833003345,1409.7729689860998,5865.306760820924,1124.1694643534606,-0.39566958125235496,0.5610142069885384,0.7695564444040788,5900
ls-1154,female,4,170.44238672719106,485.9993802343507,1657.2675016509647,2684.2055896948823,3827.6881625826572,4635.242938412768,16.08835696902448,0.5233366856803908,-0.18656190054225985,0.3400580126142826,-0.017486188617475175,0.2131561503265585,0.02930043619094434,-0.01674980793451353,0.0445275423971271,-0.005899466668574353,-0.11013333127342277,-0.07158727159329714,-0.023201894290111713,989.8701021004107,-5.602494294233346,0.012686956679840506,7.58621811273524,185929.1408563754,286.25046950001416,583.9248693352263,1228006.155183428,1.1212278447316002,5.166804615274607,312.2102761425263,0.08725683523934497,1428.1396713963763,5886.388460410068,911.7847625884963,-0.060533262040448406,1.4411304240656548,0.8917459089115652,5460
ls-1165,male,4,149.34006038910337,440.6656907866021,1643.3650813568015,2791.0503988929613,3829.552849515428,4669.676546089853,15.891286708389755,0.6483964473756834,-0.015395628313403463,0.317258054499041,0.015688437023974794,0.12888971342520766,-0.040335566343212156,0.07595321224712764,0.006357445790499148,-0.10970115025641469,-0.08490367216264516,-0.11576280688891463,-0.06547351941290368,907.2298127553681,-6.317468676357551,0.006269637651372015,-5.711501422896893,86048.64790010682,140.41428051226276,496.17730039737705,987892.104623555,1.1778550927586289,18.759666210352897,166.40177670139195,0.09694037670979312,1034.8623073276062,4379.605623141742,678.4315934143929,0.30142859277565814,3.7376968992528874,0.16123896459894904,4160
ls-1166,female,4,171.96486437398227,492.0688073706975,1776.5901103385495,2825.0515619780276,3705.9749803649015,4665.999482240115,16.01190407647058,0.4940546609496107,-0.18750258124730915,0.2590901949054554,0.04272246412122891,0.08523253084010435,-0.07718333066470033,0.05151433240659846,-0.078247512587483,-0.05746262844614439,-0.07718842247695512,-0.08119460161275598,0.0007545289313139807,1028.4058036254576,-5.5131605202405245,0.01185150606635861,1.6526660740243597,169384.40681240716,325.6652574346744,665.0114454953211,1065632.5795442164,0.9437092774590017,25.45500281996062,226.78493912590628,0.07790630009601404,1401.056848827081,,,,,,
ls-1168,female,3,165.7564752835978,402.9027682281671,1943.7810300792257,2956.7471657026663,4173.816772705049,4811.553590911399,14.63132084451514,0.6078200283501701,-0.01202430904677922,0.2343788452328642,0.07014256634547572,0.16969741156479232,-0.007733027874911627,0.06631861629560003,0.03362765977760133,0.012279424554033377,-0.0028925644903631913,-0.009301409617923393,-0.024938146473961878,849.0076203796752,-5.500460490292415,0.006334510444982276,8.295701408002868,149938.1103496364,617.5439827871462,603.4631649051169,1193143.2861575014,1.0325250249751834,21.158959664128616,346.37149192369674,0.08538340073453143,997.05939799886,3659.9650613880794,1036.3604728125144,0.7746739525622071,0.9038068698630718,0.07007992757966439,3420
ls-118,male,4,143.02240341235336,465.2609297078899,1529.2308945668747,2667.9023432678887,3918.0416693683173,4783.631388276401,16.05580622581993,0.953583876529895,0.20570772125082198,0.10636804828437743,0.049028596659218895,0.11199035908063158,-0.12931629359604144,0.021483027658579984,-0.03965581281001259,-0.0432845261028559,-0.10379370125068511,-0.08068153067210748,-0.03188844192008702,692.7558919237009,-7.3628620649624965,0.0019406936106483308,5.147363954386593,114602.77397737019,199.13910137485058,604.3506735926837,915308.3737879726,1.1137115512674067,6.382391270651997,214.3005730429653,0.09850487903711921,1327.9789446527425,4625.246292710308,801.5867995743757,0.10687952656421143,2.943527633880984,0.4111832200956816,4380
ls-1182,male,2,141.12626718587003,560.4004122178677,1670.9912371046084,2783.3705448278033,3651.513442212037,4276.776640020553,16.315206391017533,0.651053617064572,-0.4899820160705253,0.5378422788402512,-0.10084274047712244,0.032220626713271826,-0.024155532767687688,-0.03920470501394829,0.0628411534617849,-0.00524389558310753,-0.057882145916170434,-0.03970498145628168,0.00750655791051011,1144.7845454505677,-6.534504968785988,0.02590557041402575,3.0609352683406907,205759.94731854816,354.7456719884648,831.2558238082283,1427075.0725433116,1.1998197543409026,12.049127818122397,338.078549401552,0.09256354342074363,1693.355213729893,4697.057624368688,855.6682402849643,0.6759772898668819,1.7499152310041448,0.35858140291140184,4320
ls-1183,female,1,179.64645523079304,484.6368929292886,2087.46923481778,2994.6049292759953,4111.53906538644,4781.551556427567,14.554212577102977,-0.26354835049425124,-0.08962479178408002,0.32707424772347937,0.14362764188862442,0.20355804643849837,-0.1513141332244019,-0.003836877022932514,-0.07184055087901527,-0.11040042336990792,-0.06659701740131133,-0.001410840564767557,-0.04366536052885094,1668.2833151732073,-2.3988546389095955,0.10033618642907927,0.6244076322590784,123473.19676776581,131.02485355446242,618.9122523136139,1318202.6409223236,1.1918363799307499,7.172509010371638,213.38403101924013,0.10059877620998742,1426.9173031277278,6927.185144014424,873.5117694017601,-1.1738682647719665,2.0371837766114416,0.9598501388679294,7240
ls-1187,male,1,144.2532128081418,418.9265003883312,1598.811844640683,2537.5808882303263,3800.9453246381836,4664.95479891536,16.51318624336317,0.6832620431349307,0.06346687577824973,0.30954438900918857,-0.08843642525343505,0.25345839952686733,0.10291150379533304,-0.03215668510597794,-0.057707872463616895,-0.021957713406866343,-0.1791589561098883,-0.1365697026842345,-0.06885772576120068,801.030955686214,-5.926031840795374,0.003267078843871111,-2.7971690742212156,82185.72193269203,131.41031634674408,426.9964297366125,830816.7255481989,1.0846671229853246,10.724618001912983,158.6421732674316,0.07789552631825512,876.6291676960589,5661.663612197362,1228.5266119421376,-0.2174919675554856,-0.05879667481736761,0.7481655885020693,5160
ls-1212,female,2,178.54876801361968,456.47643845208785,1561.1789234169466,2945.2148790898964,4160.260825235567,4969.091404795083,15.003719622153714,0.9429060103091658,0.45828120851062476,0.39006145277174553,0.1778484479794249,0.06699788800196288,-0.10511255792543313,0.019617873962701364,-0.05898405772424494,-0.13327873755042058,-0.060217395003770546,-0.03646692196534625,-0.010276017729154175,602.1393404830901,-7.1495995486561394,0.0007306269511514852,2.239930705756103,126769.99618687213,195.59938920838144,978.5603018710899,913724.6807709803,1.1983964412290713,11.652498517510093,220.8783261027208,0.09202425968246161,1552.2199983810228,6250.900903940903,775.1898735097344,-0.24304565122337102,0.2379834724774037,0.9667223343210005,5800
ls-123,female,4,166.5278091346304,400.10883166646886,1756.7520150789542,2742.7514450144,3873.707360153894,4883.118901451884,15.79618378078595,0.7326135692067133,-0.12305083275098984,0.29393328876433744,0.21684441607029634,0.1715555454994177,0.01412117729705123,-0.08676602883728553,0.016538488138111176,-0.05184344433067033,-0.14341263147027833,-0.07051955719534542,-0.019791526213499486,833.9182689884683,-6.444551362671369,0.0066775463348095355,-2.3868946094340906,118696.13922994767,178.2100699773933,564.2913367964228,1392548.7025265703,1.6808715142348052,11.28668760312625,148.55384405846797,0.08741339278012653,1300.4741002570584,,,,,,
ls-1235,male,1,160.62845421321137,514.7446393649614,1684.2737007786043,2687.502858155025,3775.9538085572617,4652.715325653434,16.176330651771995,0.6093223338765862,-0.13669382127787827,0.2774724529190484,-0.01741404649594881,0.1584657457473939,-0.04987866625988869,0.06423299786262854,0.013268936914851552,0.019576446991269574,-0.07695930732208671,-0.10288785708819392,-0.0026203014267169606,881.7662399604986,-5.715185227389719,0.006347071806626998,0.26991115830188506,208579.27561156056,424.80152308255543,921.5061610171019,1138899.4360739286,0.8520366612111485,25.837238249462025,247.82934778440082,0.08226761548334803,1595.286804409459,3296.378182584943,864.5749239747392,2.271547029054153,6.388945510071168,0.04148654829865016,2720
ls-1241,female,2,178.35192439105515,510.517316270015,1811.2223326243925,2711.4128429665193,3678.944336098811,4530.356258147498,16.242304174867513,0.6099326825089509,-0.5323658762054981,0.2126290315470037,-0.009381907483361984,0.1931862888201279,0.024446485612315095,-0.0024257587056459935,-0.05135278413373809,-0.08715416672101625,-0.1060625695703498,-0.06691569532625684,0.03058352630592854,1285.9743138691774,-6.047420738832354,0.05148315983362128,2.1448317092021836,125948.14256196708,247.77860086268228,379.6292451780587,945953.044853205,0.8441003831640544,8.02384213382737,199.8353550176736,0.09205186523459814,923.9123326050599,5292.109241556351,801.0903625986556,0.03345440920230819,2.6625064014917754,0.633181441720472,5190
ls-125,female,1,172.9723145712741,557.9560773681111,2022.369782414806,3007.2787029497663,4132.702557229346,4716.086555711263,14.528454736066413,0.08569058076944668,-0.20233865160226364,0.3658431800690736,-0.0558042928947289,0.17467392487436675,-0.06284229213743002,-0.0758329274492323,-0.02792593111132567,-0.05372072389723612,-0.07347019349261939,-0.006489515148011334,0.020866406158078565,1478.4129806744927,-3.7787872828584024,0.05307086155733066,4.947855641561754,143134.8262028301,434.93776125918254,652.3621939226589,750250.0609169123,0.575223076236247,21.029861246173972,273.70873393193887,0.08943709204418139,1188.2350377742289,4610.861330578681,881.7971938880453,0.49087084844434625,2.1033307270316133,0.2632081381785414,4700
ls-1250,female,4,198.91910564156672,563.0257279234613,1664.701642739811,2558.889975864275,3663.69704199255,4796.370379371857,16.70427293486143,1.5429185874641043,-0.13204797657413225,0.021124695090470772,0.06712091460165759,0.07069045806026002,0.012752214213869701,0.06165146589589875,-0.056938101378075645,-0.09537857208627037,-0.08500567343078917,0.00794591115674217,0.032436605481421805,647.2629396217968,-8.623310469813251,0.002727506061631923,0.8356181755494554,69844.00913238601,294.86029385535176,395.9572174256141,463412.6468236876,0.510629354435618,12.072934928188943,199.63394907161486,0.0809785018668821,808.7720860087276,,,,,,
ls-1259,female,4,166.4868237721733,581.1708754799047,1884.1953120550547,3000.2874396143743,4108.668843294843,5071.227392942354,14.707735558151573,0.3535100198095913,-0.1780052693288413,0.17179062749427243,0.018721232937436737,0.042685151055284816,-0.021463350543484572,-0.052276298596212106,-0.03610975041887856,-0.15389854236552863,-0.06271834638848164,-0.02380353454107765,-0.03397701168144958,1277.3842719762913,-5.013332626818113,0.03540080559555975,1.9622117435076802,131479.51661405995,276.02710254840497,555.8555785043128,1042366.7016097651,0.8437042018982706,23.22596657996261,169.8129247592983,0.07727225029609414,1076.853052440576,5821.322405570136,933.2469038686082,0.1175229983350177,1.5010552700224675,0.9397093106582985,5780
ls-126,female,4,176.53290753490518,472.6719874427297,1711.1178863152586,2816.28436899232,4122.834563114021,5042.313007284898,15.13814317171964,0.8974189454606198,0.19916423516694004,0.18734351575178182,0.09870561704806029,0.1023037847818968,-0.03485568744082491,-0.045574418551260557,0.0034782487785525572,-0.09657437253809378,-0.06751145852819582,-0.03865802048725528,-0.037858236482454094,739.0053690491147,-7.113832843444392,0.0033742842720649955,3.1243486579354633,132110.89967480485,245.59681600571926,761.7364697279734,1022769.3736474316,1.1596475561378687,12.578920026723088,200.25742811997185,0.09263688633610823,1395.2966280998749,,,,,,
ls-1263,female,4,153.17716503020006,447.26617229826775,1912.2553389304744,2901.0906661082463,3966.31605346976,4678.142050901062,15.171437406791316,0.38444152126658315,-0.09492054899375525,0.46454692362205696,0.15864519479725847,0.14998650416609502,-0.15391127730328888,0.01819516214612135,-0.05340045327746637,-0.1121254175552113,-0.05324811979509394,-0.06234608810885614,-0.03161671467365945,999.668546647995,-5.247430792865096,0.016996732677322643,0.4680734922030537,183205.4573212809,180.83246694857735,1025.5484513449483,1412242.7563374196,1.4659060251863352,10.402972700982334,193.70238533018204,0.09606903095117401,1726.1972136085421,5075.3141171656325,977.3777800442042,0.5727057428902095,2.251425886052856,0.4826644699853282,4740
ls-127,male,3,151.48081237249022,356.8467561662793,1679.6874542784071,2667.8185846278184,3720.5529194869223,4643.80984887967,16.443666005874967,0.7738358764855302,-0.18719913859759127,0.2080128941458727,0.17370585052331705,0.21117221606258565,0.06786543256385577,0.052173404266332817,0.05372231527358527,-0.008145138637566437,-0.06319897846370373,-0.05812276430763685,-0.013259514524862159,705.3666249597375,-6.978092196067728,0.004440584983614328,7.184856511372259,139029.02112408777,185.71973526054808,574.1380684152571,865171.161470547,1.0002004410504948,11.0233426729461,311.10052266573723,0.09717658455385036,1294.935226565578,4968.7201375147015,1115.8382757086415,-0.22794756385802561,1.0516844748991798,0.4723666358047527,4900
ls-1271,male,2,145.71143354004607,713.1660050190051,1949.6155014670921,2880.8080539972907,3706.832232207198,4611.219896273972,15.69466835590935,0.5561621112923621,-0.5580140828937303,0.2895628743784022,-0.009614485005771362,0.06765691683008637,0.053898871509881194,0.09715552791237261,-0.08843278560855089,0.06159930771120767,0.04151470428716081,-0.10634613639977783,0.02180174223614339,1328.5501083186805,-5.787856182005783,0.06114717103371641,-0.5778129231240268,227102.96892523742,875.5274626654773,779.4231862149043,1134027.5583096778,0.6946283979440022,18.887045296937895,347.7731046588608,0.09028461106421405,1392.9409413401386,5278.244858930536,1125.1797729266636,0.4636080570020913,0.4692976998925116,0.49278261076271673,4680
ls-1274,male,3,136.96008417565957,584.1145940347876,1696.853439508599,2733.1718272625853,3715.75536263238,4479.490030070774,16.175799895244165,0.5036867667214198,-0.3243813464176365,0.29048133293261064,-0.14780773700991598,0.058193690811266074,-0.024148794465408234,-0.013478231286302746,-0.02063715766606887,-0.023514179812486206,-0.08248491325518673,-0.09241772460032235,-0.004044395735935401,1336.3049738723548,-5.570944632462466,0.042391314472651605,1.7406806826138568,137225.6232055717,279.06904737150114,586.3840607161696,1023923.6062353159,0.8688913360294899,22.334178913401885,317.8039043326586,0.08679988250800312,1196.4341704252822,3867.211845114975,816.6213814909236,0.6998565718916285,1.7280313198915005,0.11193706280732398,3600
ls-128,male,1,146.2644872742529,421.0377461842948,1647.1851047286686,2502.924013600277,3706.6159525315006,4936.093806812888,16.771813847012623,0.7441899458763312,0.0720335575219666,-0.06128255887124615,0.19471254546703895,0.1724230218483571,0.06297602017815623,0.03527984225253675,-0.09360962513157728,0.0430291278564524,-0.13244007838723976,-0.1000351947090446,-0.0649068568795245,912.0753300562309,-6.2190301255505975,0.007288775289348742,2.1355799971440024,92364.69293904024,257.95032625585213,350.88102707712164,1049010.1592130917,1.3780524285435396,19.252995782894477,165.38552552349498,0.10309406426252167,1024.6044361882832,4250.4305937157515,777.5552039742875,-0.15264127353399945,3.4736299536170208,0.12809519340303044,4040
ls-1280,male,3,151.8736723525865,396.3861316042663,1878.6425771280392,2772.2685437111104,3990.1780350890076,4868.435879799648,15.368562329466615,0.03120339606657276,-0.027063735261094065,0.2019901073073458,0.23955142653952835,0.25949069030747357,-0.013365792742314267,-0.004940652228035496,0.05994448113933243,0.03893686505467847,-0.1049638358005844,-0.03979124079214616,-0.015359387258377752,1261.9466430263276,-3.2589382532343403,0.030531849858281047,0.3862497602975806,199066.55018837718,291.69319497059456,742.4635425844854,1227104.6463394812,1.028208967913387,16.442898158599636,304.6067218569797,0.10018371691687455,1302.160182355256,5479.547034210684,967.2334847031092,0.35418063373078634,1.8589872340064204,0.8175210412445586,5280
ls-1283,male,2,162.2897690235771,500.7235846341125,1657.1345792375198,2660.1293868704443,3603.1953819202377,4595.774834467986,16.712315157707682,0.8101546079966686,-0.3151456526569696,0.2169128732680425,0.13067494264399823,0.13048604105272785,-0.10137355473009188,0.06756007242932804,-0.004695458361167387,-0.00015943045110609482,-0.006659912230395,-0.0901378876824949,-0.0266160786834876,1098.7992637578986,-6.70645711897719,0.026385400422334584,-0.335292120773861,192590.53917711644,398.40566746578736,812.9672874968833,967911.2700835154,0.8520721136850303,14.841474659447607,288.5992380933843,0.09022461302110059,1350.2473911556713,5508.4673570453215,969.6044245266485,0.6660992393310968,0.9420123666186547,0.61655940982465,4980
ls-1289,female,4,143.44917471259004,432.1522243142807,1678.2196830143284,2908.4341106472416,4052.0768456540004,4760.9463941350405,15.189603432948314,0.708351051531837,0.14224945890297475,0.37540735597699126,0.04653530764419976,0.1298325059771478,-0.052296643762970635,0.020018646872464275,0.0063158723017614805,-0.09089329009655069,-0.08176928086108222,-0.0516014077348423,-0.04199624776845359,785.825304195976,-6.805203311975654,0.002932819899470606,-1.4792201342165368,147923.95012267443,251.40732206468047,682.4693971355159,1224558.2202380057,1.3820345351665295,13.29039175146917,245.0974310577009,0.0883519155433207,1442.1798599472124,6384.987032185914,977.555695224808,-0.6961112830284688,1.4385178650781505,0.9165071825102764,6800
ls-1290,female,4,146.23675126701724,582.2047028363054,1469.4186116861556,2691.1701225481884,3751.3744255972297,4624.653131992009,16.46294336311938,0.8908382537020441,-0.022698309420730103,0.1335471800689223,-0.315493042844306,-0.0024111205681414853,-0.10823465006970845,-0.001394853932983619,-0.010788498872319644,-0.055362346880538295,-0.10885616095679858,-0.1041454475779721,-0.012998087965736054,1040.913344872551,-7.174173299540717,0.0065820180107041115,-1.659752192451546,66804.1143263086,250.19723795529774,401.5757369331727,649237.3699667561,0.6522955248544398,21.52447728506221,111.48724617986306,0.09049797166803422,806.6578959481303,,,,,,
ls-1291,female,2,181.52809842233216,496.7485585826108,1767.7061795416266,2789.9049473189953,3966.4195651836176,4848.324169141948,15.47018452539511,0.8876466214435519,-0.0639311728737755,0.24718920556418494,-0.02811500845824029,0.1320895923901574,0.03314017944617971,-0.065587192747217,-0.00473035262806492,-0.12534836559357607,-0.12003433377113493,-0.014895965838379108,-0.0104358949480697,879.7777473879125,-7.225362025610524,0.005541530651437036,2.844578557902446,92027.48092190333,309.4814792870568,410.7671113941003,1125071.9958727746,1.180822915671747,11.346443871774364,177.4581343133528,0.08796832524618625,1044.6771167342993,,,,,,
ls-1296,female,1,167.36640072578632,414.7762339839452,1870.5728197906933,2935.4373642951655,4300.617482799627,4741.264272599191,14.466224682378986,0.39603924357974235,0.09547590074746583,0.24651370459336863,0.17487929240195627,0.25789965137406495,-0.0876745560968,0.13076811954139406,-0.05995412414028576,-0.13454871336967694,-0.08374272893036704,-0.05676248375182564,-0.0065414440752034125,797.6132102974954,-5.1364845983541585,0.004596940689075257,3.5682165019559346,135632.09805404357,236.58258926891887,472.04378151476226,1358567.075617609,1.4287629218698146,24.876229079374664,197.3653595110328,0.08830953149349678,1128.1621577908384,5629.140072213051,640.5509303637449,0.7312483014991434,2.7375818993949137,0.9182190620242732,5440
ls-1313,male,2,203.17006425459397,510.26365344413966,1617.299778219817,2709.964921995266,3715.6983683944422,4786.989308431026,16.362834409900827,0.9383894155983906,-0.15185990499707025,0.3010301754774363,0.07906895204472175,0.014422597275361961,-0.04969302327468164,-0.054060180937090294,-0.0470970534616693,-0.08413580320997567,-0.16939711638131852,-0.11791887104626589,-0.08912691519044527,896.4579694461622,-6.983279219640872,0.00652795690214406,-2.809421994676314,51576.13416280456,117.12068073482723,513.3676793653016,656969.5961436958,0.79536590795446,15.873236126855527,139.13069594026697,0.08629446710294597,1037.5452979405209,,,,,,
ls-1323,male,4,148.8973044914552,547.069812654804,1812.7597728962987,2682.3265803788818,3492.5166395080814,4183.144745576075,16.754041482500558,0.7697857433355602,-0.8950825396364055,0.5109683501029386,0.0614125099594062,0.08140053285364052,0.023738289901954705,-0.04744887094523733,-0.005120129161519423,-0.02949309784942405,-0.07315785477158468,-0.061601104596639554,0.003277753739109959,1340.5055506596127,-6.962595036871651,0.08313227422403345,5.236724296557275,214326.7693797077,361.7072927912383,657.3507889201725,1318520.2253700064,0.97274656763772,19.52660219532539,320.7435519506014,0.09233897074794337,1446.6822915313128,4913.055511768704,1030.5199692312813,0.376871256835652,2.0364064296963926,0.4740860941756939,4800
ls-1331,male,2,159.41185694000401,429.8060567532607,1864.7207886287092,2683.2388468242398,3875.293417906969,4604.784220786327,15.793298941736357,0.29425235281805034,-0.18829650352577681,0.40662522511212545,0.033002690479167325,0.3273624133078945,-0.06574751512973571,-0.0720881884408067,0.043193341292450886,0.03746548360508794,-0.06608154560988083,-0.0667754327033574,-0.0019258396243289986,1246.0564053145126,-4.347373789991577,0.03775912466255113,1.3411542299708707,181258.66246811565,278.0317422177775,813.5525295094559,1083703.5378554794,1.0810678029100544,12.378326039839555,324.8891537693959,0.09038435152844893,1371.3533294294405,4748.683393339266,1012.5745982762987,0.5126070832142267,0.5793378356931753,0.3335379719857694,4220
ls-1334,male,1,144.1629326505929,452.15740029813753,1834.654037892269,2785.8578687628105,3588.5144784931217,4596.4950219174925,16.331515016115826,0.6486044299509642,-0.547537729816865,0.19922648039007015,0.15890094854920747,0.12553634308832534,0.07161052183858138,0.16284626243565842,-0.006099906835991426,-0.05580919734962442,-0.05569901789057362,-0.03949966317340093,0.02340337945555543,1195.3751417513563,-5.629765505690189,0.0340399594814112,4.94714668335011,201774.77957489557,420.56406520077496,500.72515832607905,1368374.4096076682,1.0796628317387105,15.328535622318181,328.9502923877592,0.09993788501235197,1169.0755347739055,5376.213171399181,1167.946448640874,0.4538960095229515,-0.09003271847552341,0.5315813007105453,4620
ls-1337,male,4,142.07951469772019,480.33926584872034,1602.6956106145296,2482.0987661825975,3910.05183482921,4940.195738618973,16.282407775513327,0.8035629518227609,0.16085319933318146,-0.11504975549476656,-0.023048309768755552,0.13496233356439374,0.0751361389549725,0.021113559176953543,-0.06456664557705852,-0.009895563563590944,-0.05699623574681473,-0.054814050421528565,-0.07314112545588636,879.1222001606368,-6.783408486449966,0.0069689331533573555,2.547045128404889,133228.11315767866,269.4505685994162,523.9217026509198,1064722.4498805776,1.0540338863598389,12.547141169168981,223.68184118109815,0.09410611499928659,958.1831579687446,5420.508964039349,897.6820110683752,0.17322638018388162,1.2398742208361118,0.6818588051836417,5220
ls-1342,female,3,183.26806360569043,612.7339170653061,1674.071378805496,2633.8101003396987,4088.172739117902,4894.72054656173,15.575385736066542,0.6770476978685283,0.009616601833926415,-0.33103744776494176,-0.1075551265261227,0.0830839296285596,-0.046192648630187585,0.04346839184256768,-0.04135290468192881,-0.09017469205114158,-0.0962701781282426,-0.08492275819524966,0.016870621492392324,1225.488991631581,-5.762986444726674,0.014496447159300162,-2.740956668236729,149755.23679955944,333.0249924342075,537.6061147234045,995021.0343535922,0.8101421502936457,18.725239036714914,140.09169783458526,0.08623360382209093,1037.0546229859444,5660.80761809993,799.2877487635219,0.21694479987028614,1.699863065244294,0.7886844924662981,5340
ls-1343,female,4,169.49622674251538,619.3933089744817,1916.7180233513807,2949.649790687904,3974.0671709931717,4850.9280991458845,15.041725138827953,0.22140987650626526,-0.07014222298593914,0.15201345205872194,0.021668537074512932,0.02986701356522292,-0.07448040430797205,-0.01464602714919828,-0.07442938067614996,-0.026012973979255345,-0.07620603399621259,-0.042732846602069496,0.0011322464832211302,1269.9325807983055,-4.093571208079285,0.033479958938986525,3.194255427718751,179007.57092274792,336.72129084241783,797.2972674819214,993822.1378216175,0.7157233432548569,23.4017247807476,296.3596214696647,0.09717362285190997,1356.7024306467529,5621.702557128248,940.2007154442883,-0.22439522470829038,2.6698674752784237,0.7783479503666995,5400
ls-1347,male,3,141.9329660408079,327.8400615979639,1994.3768055701687,2809.4704191417704,3757.530186747271,4536.160224357916,15.706357652841431,0.40015925738219316,-0.24720299734018114,0.5912269150644189,0.23467959610932587,0.27737101466826225,0.0255843740703413,0.01492449248817273,-0.013798026873830794,-0.014579337840718406,-0.055150941186018355,-0.06318130390826712,-0.02520421156379781,813.3275036773151,-4.958397949716721,0.006577046513320474,-1.9723196412177655,178006.61637800286,207.1103371463359,558.8304984162719,1400674.65398385,1.583995723849694,9.558847258145368,297.5239463087064,0.08682283464298923,1268.921239465056,5045.978529751641,724.1209488191078,0.8500767190052665,3.8503064565088843,0.4129420400522319,4800
ls-1353,male,1,147.13180813063255,653.8402791833162,1823.5000034126751,2749.295460195146,3694.138768010956,4522.748084028177,16.072674215462843,0.6783184867603976,-0.6161042763331027,0.11786434624315362,0.0013643683668881884,0.18428013849237762,-0.022316557831288605,0.13187693007999524,0.03030888185830497,-0.041160472910093185,-0.03551809130449028,-0.06548763954711202,0.04068923605017323,1238.735760416701,-5.871262398075459,0.034650066108342356,4.573167356093838,274765.9994273881,1219.982101506112,796.8933843783639,1617548.6092128302,0.9633093527742758,34.5488638285968,287.937870005911,0.090552890287967,1411.1121270245876,4086.4341051036367,968.9755384366297,0.1386485297695598,1.6041054900355487,0.09595040451181101,4400
ls-1355,male,4,164.32452178832196,397.28890620002437,1661.310602846779,2577.569062893772,3523.8915057314907,4727.576501126237,17.131025291432287,1.0709236643834341,-0.36667694877032747,0.1737045147946127,0.22829083277273526,0.09763098214003536,-0.005380169284074145,0.034173938705708395,0.03778888583150181,0.08812286805532739,-0.007533966400404099,-0.06438177534609626,-0.03164194973712252,902.734473370428,-8.1439644712406,0.011511383008684012,6.244271987999918,220886.56931506563,569.6331577008974,907.5945726747896,1268666.6977673662,1.1277026897533524,11.957907555839277,361.1467716366145,0.10094663653427549,1505.3221890828572,5488.319042595756,1323.8926801867544,-0.07839582482441196,-0.7185467465792053,0.5816458494391856,4950
ls-1363,female,4,157.95706393236185,539.5211407434135,1761.5973352465307,2717.6243065700683,4050.45040776281,4851.618346496069,15.374409941255113,0.580567940032509,-0.06665207580707885,0.060730222174906645,0.017323606970838967,0.13916653435749043,-0.10787675742249063,-0.07503718590822658,-0.02881618104765598,-0.07104220148071634,-0.09666914069716159,-0.06787805715347275,-0.034785788026056544,1071.404711754008,-5.949934563173611,0.016365954275969315,-3.2295781015593286,121889.7147237631,312.8021185953151,675.1267269385833,745096.1315860846,0.7137778161263924,23.538798841565132,175.26115307807316,0.08422868193594663,1205.273840484106,4523.61808493609,850.7098020289736,0.5201123921481905,3.86722640833519,0.38591653456846187,4360
ls-1367,male,4,134.04506307375573,610.106872294429,1993.84103308353,2963.957909445604,3901.9587371610705,4740.475148850001,15.097104010598706,0.1956508521397335,-0.26519884687550066,0.26914302729263634,0.04258549059475499,0.11775246726565089,0.031550962191318456,0.06242595366621014,-0.043626671862479094,-0.014579549928411803,-0.07621611786458937,-0.007024721199485107,0.04525048634398647,1251.8272942085387,-3.8229357675008,0.03447447636400869,1.8429356736582974,262637.2926425392,854.5520120053934,845.0642998635516,1333476.1560028966,0.7920405195275153,23.3920635104067,308.5534395046467,0.09073929257231184,1727.8017115594062,5121.894798941119,984.8616250893454,1.24882943078596,1.6223624936816397,0.41179126358764906,4820
ls-1370,female,2,174.01396428560264,562.4864734337392,1618.7220627523586,3067.9709684622453,3860.9767128280146,4954.9567376731975,15.38425468692193,0.38646458932775857,0.13188455364638263,0.30594591995243653,-0.0396535138082028,-0.19616651196854223,0.0035297484174554947,-0.03522739807414483,-0.1492109290151475,-0.011404253227365633,-0.04871092130647774,-0.02556966058162765,-0.020863838477445863,1186.03466561397,-5.0759457103377255,0.018298607950375828,0.14360696110953242,143494.39890098484,315.5114241089111,778.811170479571,952248.0993242112,0.924631191910497,8.698506774012134,213.55381000306352,0.0970139626725451,1383.1513188491467,5938.477447547668,1086.0479720620397,-0.12181915391201592,1.372407464074711,0.7842713611492398,5550
ls-1379,male,4,174.62446396072642,502.6717679672555,1642.209805788709,2488.3661106270865,3668.249628620969,4501.466094510348,16.88722584895205,0.9554537372702121,-0.22580290161123256,0.26078381693423713,-0.14747656481050275,0.18221801876902224,-0.006715555860941815,-0.06186192845457575,-0.06594974069107656,-0.05853195187950998,-0.09538627148952482,-0.13430898926030024,-0.04174637539874118,939.4470565692848,-7.884897903707752,0.007396673817313535,0.739032625689106,74344.12250159612,212.3288521728782,469.0497752529793,896388.98883944,0.9624668769913585,15.55435343404874,123.65280151910866,0.08425124208807125,1010.0574883779445,,,,,,
ls-1387,male,4,152.23949880543898,461.24154252578893,1693.241938342085,2665.5832445983297,3760.6206193026132,4726.559978721679,16.27952413451905,0.5259758841310215,-0.09750808419007863,0.2527515738700646,0.03290143682766953,0.14422217335929197,-0.003424083969180538,0.003956054461245938,-0.0338152509949438,0.0503421654261957,-0.07474210872375718,-0.07073780011993469,0.0032718436111918592,961.1094052264975,-5.34657920008444,0.011636001723397918,2.4018238608442095,195430.6576945734,352.9762455274845,688.4553474307125,1107518.7622517569,1.0084374149215942,15.364749127037102,344.32732160459216,0.09019390791412327,1502.527159861117,4975.621608221934,1005.5260866004464,0.7288697337473937,1.0131721306068902,0.4340573553120335,4820
ls-1390,female,4,166.34886970955293,447.5419934821978,1834.5578473739056,2929.7594421892645,4062.8787614700946,4883.65242739896,14.981577114876423,0.8024910088432031,0.027412499887725206,0.35848435221530367,0.19944524099644517,0.0901898534195154,-0.06852930595977541,0.03185122375899824,-0.011615125444263862,-0.08837717305374443,-0.056472007270460325,-0.017284254390007463,-0.03249500226533582,692.9090461622718,-6.517567948693808,0.003142090858824561,1.600728562149012,174612.6646940309,280.1884154157637,807.1882779509688,1242149.3452196573,1.2721543521616745,7.495916524893412,238.21073255133058,0.08807670028683119,1547.7718036787082,6718.869394539517,945.6316389945105,-1.3050125937331418,3.6738880549602957,0.9695495746432281,7420
ls-1401,female,3,179.1870877060146,543.1507369538361,1863.4548700828873,2882.376991542539,4005.053112669337,4708.557571299758,15.059301356201184,0.7243779284655988,-0.107963791200607,0.23480027945804124,-0.00615891225296279,0.16461541135183722,-0.10070956961593695,-0.011697947359406108,-0.1413148036622019,-0.2019324328168742,-0.08260560648172185,-0.06813331464654836,-0.04695230371979551,987.4305719225791,-6.27921408719641,0.010843808106318659,-5.510707438519701,54256.35799998408,177.96791418115208,501.6364003970655,309508.10900234437,0.30601978819052317,11.392785733789335,129.63382810735962,0.08307810691732967,1123.9434723729364,,,,,,
ls-1403,male,4,144.03862325247593,698.7810108094599,1789.7888868852674,2699.0010679479483,3647.342926682738,4548.676274750791,16.288617166347372,1.0600998770474235,-0.38410373436436085,0.14881838769486283,-0.02065588484478025,0.10697274242138148,0.01843089839824876,0.06593813491511824,0.0014187762004089451,0.006232959457585962,0.04971750882064052,-0.03386081336554368,-0.013083210702270972,968.8252203525337,-7.94908773673908,0.01359489617006006,0.9877416011818664,164746.62049277645,699.9183861545257,665.6948745400828,859034.4815358026,0.6206611649817879,12.54597250074476,376.06483843091075,0.08438712500696376,1201.846670187066,5062.182833981213,1375.960261506026,0.5187124074129508,-0.3374138492460088,0.3764943097671192,4280
ls-1417,female,4,162.48043579582364,523.3857481574596,1752.4719365230185,2850.1206815902524,3709.9850530891426,4293.00181580244,15.964073427274691,0.7539470849544344,-0.5344760532156353,0.44451309487280033,-0.05791680850774418,0.04887587286984538,-0.007577672274276548,-0.024194027375056503,0.023678411254071538,-0.09404994046957611,-0.10451426397314889,-0.016906005698310224,-0.016268014053707244,1180.7857939278188,-6.679829599536962,0.02554858438273142,0.9167562663965243,152447.5648184066,268.178565042066,649.9411604866127,858108.559321801,0.8263712336905529,26.367033712098007,198.9505629132985,0.08968428043487026,1421.3372852251214,3926.3177979604093,918.6902488684548,1.1565022237560183,2.842593882293243,0.11415291645837511,3800
ls-1446,male,1,153.87857322249948,323.14791053327485,1900.8077213966048,2919.863772774089,3896.785574052528,4874.451726461908,15.343702391552412,0.18483005959887175,-0.1476414389770896,0.362847222921095,0.21320218423792636,0.16620977623291192,0.08114146475983994,0.07008424634353433,0.056296985304667826,0.02679060590584945,-0.062206897673505006,0.037086953002958285,-0.002847589904129219,1021.7590031694033,-4.252296911952071,0.012751176751957468,1.137182043293734,250669.7966897667,450.94008521370665,673.9255761713675,1427027.2867410467,1.2379680160801696,15.058640306657349,324.82617718408875,0.09416484943162678,1329.6793744277174,5483.65606849525,1231.3856625928775,-0.05214471702536556,-0.430772380363448,0.5901589612824348,5280
ls-1447,female,4,164.9568299800119,473.3765411435603,1615.174075230948,2835.0380110010365,3770.7349252192616,4758.273129102495,16.008365074795602,0.7838442079566789,0.06188908152754691,0.13794042877158186,0.15962134383838877,0.052197050043503224,-0.14250023217331473,0.1274219710458654,-0.09961225176274144,-0.13654612847568226,-0.11886039074570123,-0.0812468287282381,-0.03637033664922808,911.6675434926251,-6.687210372574729,0.006494572708167869,-2.5921201324794447,98742.74349231673,163.75451489845938,569.6757583746602,1111572.5253546413,1.3067476461339866,10.40174501143456,145.8486386830553,0.09002932158032864,1261.1733040288411,5939.591277174577,775.6730831073736,-0.02717658773717222,1.928356210233366,0.9265564785008769,5830
ls-1460,female,3,174.06710193636886,507.5781806970873,1804.6089667178605,2857.8024248031993,3935.671830826404,4967.112834187248,15.463345696319308,0.8080503020283092,-0.1089330947928922,0.12572674170565773,0.17937516815056148,0.011826113533143275,-0.02587097200550384,0.009358122311469208,-0.039095449300055284,-0.08841584086195878,-0.09195859734407075,-0.02481983833542012,-0.02513450149138191,921.8979271021523,-6.740479760335854,0.009350191126263634,3.722118739078912,133314.6688935573,238.93657334779988,592.4403549976671,979300.6128373143,0.9346764021440739,17.025538283644977,211.837305021612,0.09463130493177309,1337.8726707338158,5460.977980503737,855.628436062094,-0.05640537905962733,4.003999683294011,0.7511389932682146,5380
ls-1469,male,1,140.70508008679195,665.392510968802,1933.4036896070081,2838.2483612132846,3866.51753329217,4615.618826903534,15.40155044304778,0.24905376881938185,-0.5151885730865238,0.34601999788721893,-0.05962846556856971,0.08048277972052478,0.07638074793084755,-0.15188484570046556,0.07419627632825422,0.0025766857757001335,-0.09168160289662432,0.03275396373661982,0.028862891847375335,1679.0072698498388,-4.787068260347678,0.14030352887470343,-0.34573308183585094,220845.37849669362,571.3359787544423,682.8859776764675,1337677.0305477614,0.8757287507967506,16.63882721036805,304.000395266664,0.08883319522201626,1394.800402121537,4489.4197011818915,802.0466814542215,1.2937015796468212,3.296094361487862,0.17745216652975315,4000
ls-147,male,4,153.78152320890322,515.0949032801973,1648.001325606544,2840.204490438598,3814.5624338205057,4482.523556817909,15.839874391035368,0.683589732800929,-0.12971443782555217,0.5412288158062026,-0.050131701895470546,0.1308561881721078,-0.050148281624954744,-0.04763441888564763,-0.013083445466591525,-0.14582099255468506,-0.1415903985920226,-0.07901383680791554,-0.04279580025144061,962.0080485586595,-6.637442038560318,0.009896921150362135,-2.9616141016176663,93274.09202650847,161.95513594543277,463.8151750886349,1023446.8873184319,1.2492780707468676,17.70678209930861,172.79549941338144,0.08756761180505972,1291.6486061341957,5192.917439910837,952.4519369369373,0.3320117924224577,0.7320536751000171,0.4811570763481865,4760
ls-1472,female,4,167.87669310403612,556.3755708101481,1777.0313916100565,2724.43702402889,3719.6297831246775,4629.421382154037,16.117132696614384,0.8361595022332847,-0.5454759123514912,0.19496643259004237,0.038132593408416016,0.025920353522021718,0.044404491095176156,-0.07588941374758197,-0.016634566890380367,-0.07234250231964531,-0.0857674271609914,-0.01693909439854669,0.023760202500162107,1227.8432594063402,-6.774033707631751,0.039170313319387196,2.9593769790601825,145568.130204633,338.749989189207,499.1865308914381,980381.1966787349,0.842141109242083,13.003373759667655,228.1615403012367,0.093202137461283,1142.6236198653646,4976.693916974884,1065.2733021703607,0.14566289398500692,1.1548053552578024,0.5287667810587698,4970
ls-1473,male,1,146.12546129479313,596.0676681609576,1707.0040624133958,2680.0276722782273,3454.1028374273296,4651.962256837308,16.976188358883807,1.0988762369341925,-0.6333105273520918,0.22424398222273428,0.17216967439147657,-0.09744818553520893,0.01758956228395001,0.03524987102495306,-0.05233781750599545,0.0067940367581821965,-0.004054220836903056,-0.09008334738688338,-0.013737954286974198,1053.1833310926986,-8.316396124656258,0.02860340741413651,2.6216470241878396,179591.64749891718,562.3572922595315,722.46684410686,880589.7030102231,0.6607331001772184,10.560017031821937,351.26008559125955,0.10022090615005537,1404.0695528231795,4488.668050798204,793.2871785320131,0.8070128310381344,5.7170027572828745,0.09938750274986327,4320
ls-149,male,4,154.72331218659934,741.8033237288975,1900.38411448619,2877.687264987998,3914.909271745091,4750.952332892186,15.270709170258254,0.37025240413344296,-0.4479142443511562,0.22189508156927815,0.011241821664118726,0.12403399634906684,-0.09475723472067035,-0.0003355327780761978,0.0012211462237139551,-0.049864859525598715,-0.042125680773079155,-0.005194871438051242,0.02353170109756123,1406.994742004622,-5.025239751960033,0.06393041094624166,-0.7848512918674873,213699.96300237929,520.9117355996893,673.9764416410895,1201605.998354725,0.7849015921793887,16.37073530974734,300.42269101033696,0.07651953834141045,1256.2010598214788,4829.543179834783,781.3557344589485,0.48821328554709553,3.8283354771947375,0.37538345941268836,4680
ls-1492,male,4,194.9584910072246,446.11588388833155,1643.2386420664302,2634.01238196742,3726.0375459705406,4291.133967786573,16.503204389303505,0.9086644374834669,-0.3965995716901026,0.3760548115016741,-0.021740265730748227,0.12096065321934524,0.03573819595738513,-0.0943039718292698,0.05684088428847941,0.019811948794980272,-0.09890173117645328,-0.0593443367867437,-0.019530989388515732,1016.897073399894,-7.1999901163304845,0.0156502302134961,3.01383206045024,168785.31463224435,362.45111118205637,633.3112298232159,1237733.8524928885,1.3041864483873993,11.486587737240498,213.6319667790249,0.10444446582062149,1370.2169461899598,,,,,,
ls-1495,male,4,171.813513184695,464.4412876671541,1482.9836757047917,2795.2291964469277,3617.6645668852343,4592.814378245547,16.63902861731362,0.9485057316093684,-0.16320904589310328,0.47542634204554807,0.05157145802919662,-0.011414903744640935,-0.05759164656305697,-0.018597741611139782,-0.01860695997337449,-0.09327664734014576,-0.12074436327390886,-0.07556365716701335,-0.10689379856365003,897.8630783882393,-7.415104547862206,0.0074892942120576575,-2.961189994035808,64438.00462892887,149.20865274494955,559.1817639277725,392963.84120431065,0.5204443970143071,17.57022220726894,151.3387997997702,0.09420745136110129,1131.030377403106,4907.128236736117,859.4017932930735,-0.018143099033453153,3.2588504378401115,0.4336314815212696,4860
ls-150,female,1,224.68126301125926,613.9516770039155,1837.5949352883226,3031.067240256956,3754.9468123052256,4862.051017405334,15.451986248326671,0.1591776793468153,-0.25269758792461683,0.299324358630709,-0.00594021786268887,-0.0729968257825573,-0.005627453809879996,-0.015304967036414856,-0.18026161028888035,-0.07253680297619658,-0.06723399372520611,-0.030717960043500695,0.0012021986832308857,1543.390618511919,-2.784235687394828,0.06924038226201282,-1.9264356056899987,77241.23393691207,308.4448921268328,574.8855815483032,505875.99157103087,0.44638981466988614,16.24414271554636,130.8026068773609,0.08331079756593349,1036.9821736860608,5992.037890195052,1003.9139756676769,-0.8662309783711691,1.8175844417554154,0.8712578878228718,6160
ls-1502,female,4,177.03051988292708,389.0938210244167,1646.1137139031166,2840.3366034452947,3964.7494090605987,4787.473792376023,15.551970314073309,0.7736478177396404,0.08748607738213542,0.32223362007701367,0.16291576592467752,0.12808468414260837,-0.026416932172545468,0.07654943354835184,0.05901082153550199,-0.032283930975785885,-0.05333648501610641,-0.008431389412827959,0.002557370082624199,654.3002437400885,-6.57949686286795,0.0018760250850522065,10.580082903176702,179387.03408017065,269.4507389485168,706.5559335596738,1084647.1500913016,1.3939488813304657,7.373284849869082,253.16401905940268,0.08633552303678513,1366.4824294768537,4366.18612051086,1041.5270638135185,0.7600364962567783,0.4745331521345846,0.3040300317226114,4000
ls-1513,male,4,176.02385731032496,436.16688053922724,1691.6683584290677,2549.326508664542,3625.240401453527,4260.826909019814,16.755079757508106,1.5131139464045227,-0.3572528788786714,0.24097267023158794,0.06082436614345541,0.11359949804963627,0.028170277906943413,-0.0627841356737001,0.024689747706153727,-0.04918557766434895,-0.07267907996945996,-0.05298559352522626,-0.034002756321560974,783.3422378004265,-9.836340611090376,0.004269973240276957,1.7439580354548718,106997.11135544273,283.2847713267829,578.8398890943034,799167.930236375,0.9412822765613438,14.411889519506861,211.11651268255085,0.08162615729707676,1154.6358708925839,,,,,,
ls-152,male,4,154.74697603844945,483.1813495792827,1484.6740722137015,2583.544400290206,3823.440676181848,4670.371758255194,16.43821077456442,1.023856543518368,-0.21549862167870878,0.19701974835760072,-0.02849549383034718,0.11417535834599501,-0.025552673050186537,-0.11569371044157398,0.06865623820951525,0.004757794422914775,-0.11340808428216215,-0.12326141203647253,-0.08614281491146217,917.2763644115882,-7.588572288246654,0.008049312896007821,1.081852225383866,106241.58844236506,213.28273133974096,492.0655223993947,789184.3584184651,0.9043925214529013,18.078943085573865,201.99325702244886,0.09424865499725738,1106.2555711946518,4434.250298106674,688.3143752014254,0.43868833092375453,4.584996824390178,0.12066601540058172,4240
ls-1547,female,3,174.7030232453052,431.60756756985086,1746.3539213161635,2841.4772273743,3756.514320673,4368.093006719993,15.923924972932484,0.9081234641983058,-0.31350328032432684,0.5920826320531363,-0.01352463457141542,0.16621603401167517,0.026142094826704855,-0.03984083793562645,0.0026154229868796744,-0.0795873471318564,-0.09651424207669511,-0.055286372855780475,-0.0410286983985639,842.7864783457142,-7.54592623304995,0.009018821198211112,1.458709058996936,151701.26092035926,228.44258164291966,752.2782961821624,1077363.3141153972,1.2124358544041691,15.0430724558091,188.00215152590562,0.08557795216239322,1445.0729247030897,3905.594011890672,604.1279586680675,1.0754450254186547,8.050079167674214,0.027927195203885792,3760
ls-1552,male,2,141.35623431890514,424.47065907728063,1652.0932355669152,2783.042813297151,4111.965907430793,4727.6668700363725,15.29048798946473,0.4386628836921758,0.1325876771696381,0.2213982943206396,0.060767957766912475,0.24338075712360951,-0.19801190569606242,0.07325911821007317,0.042553078366946176,-0.06811546818612345,-0.09681212998386068,-0.08806663194500611,0.008344821842589861,839.7041253285463,-5.828898077112181,0.005913875699118971,1.5546411217125036,163412.2249407182,282.63921653873956,717.5764868585551,1277261.558928649,1.3991760416912773,11.740734145336488,204.57445083140254,0.09145305736547245,1377.0532909807764,5273.601469409668,772.4916571990219,0.1568152362410978,3.4957949457172184,0.6607285642354075,5150
ls-1553,female,3,165.1359061962729,516.3183872626607,1735.6838807843853,2736.9872400509976,3819.407050257303,4573.345247937258,15.930450619752122,0.530711007876612,-0.28054499261693755,0.20956619326516918,-0.07513547777558877,0.17066137996343556,-0.02458821863323609,-0.018619839664487995,0.032852169040406935,-0.08400346985841749,-0.13680258693814384,-0.07335267930530126,0.009035553819627458,1243.7323549516657,-5.6280372249724175,0.024587383915586455,2.465978452561152,151156.02107095163,273.2979329589073,413.7964990076048,1318297.367400814,1.2100435413861632,25.576835033122943,209.4302660949249,0.09169919804578529,1080.81845247496,6041.9079418743395,948.0591297387032,0.013979639418701312,0.05917938740769513,0.8647043077912256,5720
ls-1556,male,4,144.63405602211486,497.80310538081636,1680.5665997908814,2689.4542046948477,3745.7208333872977,4631.018476654454,16.248907804108235,0.5979891391560073,-0.07246925715135971,0.295007547600213,-0.028818757199100625,0.1761169502262695,-0.05281491624178825,0.02882971793077719,-0.04159422311516134,0.010716332622139398,-0.07840909117679051,-0.10262076593248723,0.03625600047515799,942.2956083837705,-6.42321940848611,0.009509859014006684,5.776482454660334,200267.39454114524,307.82918812163825,679.933826744916,1320118.8092280668,1.2771688822715535,8.146857069573773,320.33649304338775,0.09669486445346573,1501.7079392633404,4750.691999881254,1194.2150751716708,0.16246122784174705,0.6610932044823152,0.37281244699871585,4530
ls-1563,female,4,67.07068124773417,664.7395572540177,1846.868371920609,2896.825514912212,4159.353241218174,4906.123672840356,14.865510805707725,0.17684735451451847,-0.08095510580972456,0.14250672381380325,-0.06382530686440743,0.026830603140462074,-0.18172031508043,-0.05416510971202734,0.0014992433455158945,-0.12251137599529525,-0.10688268833959652,-0.04716660990656445,-0.03190604609933919,1269.306672112612,-3.8222880982514402,0.019037343691800723,4.504955140834134,135690.80421915496,226.21780224742912,698.9925332551329,718684.1361899348,0.4871976559930622,29.61832700937387,295.80089872943324,0.0857425807964344,1232.9671569487648,6934.9059871527,658.981534131065,-1.787732984718545,8.322200657958286,0.990807049552632,7080
ls-1564,female,3,176.79134282935863,447.1964066163449,1702.1770643497084,2732.110219782217,4011.3353299422056,4859.734153105797,15.535890401838758,0.7222146172222024,-0.09244043508982412,0.2913506503846679,0.1545526504640534,0.22469158155535135,-0.04881996962965969,-0.0036990722921060866,0.07530989556212705,-0.0891994177523086,-0.09342222500498444,-0.04279058934112484,-0.019711667303981967,823.2072930400225,-6.8717817170702675,0.005759244570154618,4.129318485031898,109163.21810577648,251.22110593996945,702.6795847372778,923824.5801580773,1.0352842301374974,17.277387951925313,187.1532444629544,0.10721816509256374,1232.754843428255,4391.604291936414,654.4963858291951,0.40485782821235883,3.546188486750224,0.15498521851627303,4180
ls-1572,male,4,127.20345020844337,486.6581781914308,1744.7162251809077,2665.600260452639,3814.467543568066,4785.898410617511,16.097235200024045,0.579569534331162,-0.03299464477049836,0.2662062034758212,0.0610716528399149,0.1851598432981074,0.030683288208564388,-0.06009249382748272,-0.06535530493517014,0.04332491914167086,-0.12053040537146881,-0.1116620091324402,-0.06091711037577828,862.8336776072242,-5.558038982275596,0.004456029323648358,0.6276751799354696,210104.6074570788,246.79483017390277,885.7928622220943,1340374.250872416,1.0605953822247474,21.977853312513368,295.793533231715,0.09035767590379436,1506.980165301516,4765.84901235231,1043.0758332475345,0.7065265748468578,1.1794888059646054,0.3720374125866532,4370
ls-1578,female,3,174.448865239869,465.0846486123414,1766.0564587005701,3025.564349301134,4055.088092521659,4526.070343455617,14.911129973897616,0.5235930714623769,-0.10649076643520546,0.43770822094948075,-0.0932754553185413,0.15081352566100975,-0.015510483096427186,0.045918729045713494,-0.05056600295001822,-0.1806828679127964,-0.056063077366419314,-0.07223681778887299,-0.06526069398062183,946.7994859737147,-5.9314778954912155,0.009056692830225794,1.0970208936769095,98976.03121359489,210.75562356032844,585.677798374179,1147045.6484673307,1.257192537747116,9.514598539354862,145.70684599585158,0.0810613645965897,1249.7832360712487,3788.326115310696,756.9912248086977,1.2488429892416018,3.142139456113794,0.0747596227815878,3440
ls-1579,female,4,171.27828056970696,643.9778817621851,1606.5787880806188,2667.2512015309358,3567.7076472689996,4289.941285858859,16.79770028266224,1.0659093465837979,-0.6305961937178315,0.2006531372071331,-0.20321758132700313,-0.04857345175523786,-0.16294060115127296,-0.1130880833869681,0.05287818769956591,-0.07360306923805573,-0.08473893736398469,-0.06009555355266345,-0.004531453244268897,1303.9585256212918,-8.071150142928111,0.040222781412882935,-4.015401997308336,71965.77524034021,210.7998745217635,507.8666276730585,532229.6337375841,0.47420852665657787,7.332028069214164,104.30463752538026,0.07401093968626421,963.5332890669688,4742.561546596653,871.59147162097,-0.5761500992025479,2.788528490796521,0.49253054109852384,5040
ls-159,male,4,121.1171676630117,938.6581287725165,2232.8554628642387,3308.4993503930564,4303.514133691432,4993.7445786976,13.561422923410252,-0.1497026599275041,-0.11382738367142987,0.03993430708224129,0.08017841347114449,0.050264367195642326,0.0824157251179348,0.030594445351091917,-0.03473412455600455,0.06020204150669226,-0.02668032579934033,-0.03466464304038394,-0.010036117443986994,1504.7329346513584,-1.967219774016458,0.0400957764838345,2.862496752135772,185052.30532466818,990.6222013291202,617.3284780804048,1186567.6203675573,0.5311610134166356,18.638032932962577,345.87088473543633,0.08000833532248047,1112.160663442553,4807.57072023199,1073.4499499415988,0.6286573282464434,0.5660250714028427,0.3081508588294094,4540
ls-1594,male,1,130.3722024861058,700.1245647228316,1813.4901358265074,2823.4543218145964,3781.562487419239,4845.988539994744,15.729056538806345,0.5065203524360896,-0.2788546160373421,0.014958075098338757,0.10465648926406682,0.02974816953787767,-0.05622147363851624,0.029138477345886725,-0.09378936693097198,0.03298787249622138,-0.06364417444775047,-0.03821055390472602,0.027566870242710522,1263.4883674318917,-5.36806659099517,0.04568978502930969,-2.3740735708615186,192810.75683081915,475.5712652667613,592.8748386232865,1043141.565043475,0.7114340525755188,20.216508766780247,351.9704287070888,0.09313408934536589,1310.0239301842976,5264.789679714776,1087.2846159894189,0.6207765028094387,0.817433857101391,0.5024015653807088,4680
ls-1595,male,4,171.16863412156957,383.8199912832225,1652.44387644088,2618.938519716686,3747.7894852483105,4588.277752373451,16.415862207131312,0.6817250258217276,-0.17243639398296987,0.37968487959250197,0.06634122731744821,0.2691674176863257,0.030536061525414295,-0.014682982016226823,0.018951992375504774,0.021396149233707,-0.09837528293192413,-0.09899260437376084,-0.025396902692539768,836.3770044322159,-6.606403668918009,0.006460542583354531,6.296643492593036,151737.59999978577,244.91257304782536,509.60865763305833,1106611.762265319,1.3372219294521495,10.677715428973379,244.017777295896,0.0942241564157636,1134.7003848525508,4472.743644650003,831.9328799950683,1.5207174204489673,3.932920499370131,0.20818282366578628,4280
ls-161,male,4,146.8540310434501,466.5338750895221,1525.3958365229346,2690.8800015556117,3761.2315746774907,4643.024342013207,16.381900164255306,1.1283674886779937,-0.18044808286582337,0.29380024217372597,-0.03627003172650481,-0.001455571718904724,-0.0070194297960891995,0.0043401939206688545,0.04070664490663085,-0.008283084842880949,-0.12669613931740276,-0.10303282062858221,-0.05581830102098077,818.2345525619211,-8.274812099358375,0.0037701983760384168,1.6486659634760445,105355.70985434749,218.59291984168183,406.53997882329736,816225.8780593935,0.9897344258915041,14.309214546620709,196.35813328931096,0.08722965595326955,1069.594995459498,3892.996984497454,277.32951122463953,-4.415309639324107,45.74620489824008,0.001684268698593399,3920
ls-1614,male,4,154.40199438331126,487.5922384946882,1723.5296744003529,2636.9928929241196,3737.8077302481734,4569.284550919542,16.3274843672327,0.6016641821843582,-0.4446720068610477,0.14568841535167215,-0.023595103729155097,0.23762958058309763,-0.06276391493440552,-0.030124140768672612,0.02664652783482239,0.03331538111862935,-0.09733800886669933,-0.1088667551286723,0.0560409709812278,1249.6280488693783,-6.077372332862812,0.05259500267200115,-2.7161989831656386,173825.1589670721,391.3049643462669,550.0279202855093,1196226.1007999578,1.1421366514879092,21.760288206032655,234.47201266714532,0.09214314449543072,1175.711453776733,4785.208613953104,882.4960902966916,0.9046524097812032,2.616801977034197,0.29025285502452813,4600
ls-1621,male,1,144.09506197302127,359.2754033649317,1601.1604548798196,2673.807121324179,3859.901362533442,4773.7387596331255,16.135723816608103,1.0901249099166719,0.04633953427102514,0.25067738946773294,0.21470075170993458,0.20339222200024498,-0.054604266634964066,0.07985324906604904,0.059265967484140876,0.007814121622803372,-0.10401583665318352,-0.09681856995407574,-0.013615208045532463,639.1345979953994,-7.901118890106083,0.0019151113588688384,-1.1676745468698968,192995.31665107672,209.59581463493907,703.1571288498708,1279053.9875494465,1.5553133788324556,11.863781547333556,212.86843958218026,0.10002655954889912,1650.7029515907311,,,,,,
ls-1624,male,3,147.40162798681354,431.5117015779605,1887.396958154883,2748.8787478734102,3900.024539956563,5016.459540446861,15.6085680561444,0.38278040432056604,-0.06254546410230151,0.13442533730090175,0.31018565237454476,0.1437300856329296,0.04110108125565585,-0.01902295923940083,0.00935332514348721,0.0596085243094626,-0.04325771083298696,-0.03493278347863617,-0.015191408117435,959.2700978531577,-4.851137343004758,0.010907688398074879,4.0194120622571035,218582.5815944268,454.54804280203433,743.0308868674892,1124654.2303221915,1.0681273802934523,13.87409088822253,327.692771933257,0.09600305097281275,1449.5509189614893,5752.018825200293,1076.8546462200015,0.1559750056724566,0.09160099060185134,0.8194751516805086,5240
ls-1629,female,4,172.20328467210106,484.1518002676541,1717.6536160137275,2927.2433142919326,3992.395565602117,4777.3936496735605,15.338454162954779,0.7399156322915214,0.006728251369707183,0.28472952313568023,-0.07171895924758048,0.07671036314643026,0.011976582378250653,-0.03589003716681276,0.005084438609236357,-0.140938972215564,-0.0872336308127116,-0.051738516949869306,-0.05356915452211969,920.339387458499,-6.385495284702305,0.006914854419276708,1.292088546729977,94568.61925945756,211.35559358199782,461.8782086961114,1015889.088485937,1.05437641712851,11.997793568558489,171.81157621606172,0.10254258500049561,1070.7590300724598,6281.89342442947,1060.8334926428151,-1.1832560390430655,2.2834510387917115,0.9032608995554636,7010
ls-1653,female,4,170.96997786581338,341.8623789646044,2059.5169442725464,3217.295243381798,4016.580222422086,4899.9933711178965,14.447224333031674,0.48520352541373934,-0.03494826466235518,0.5944847566070578,0.2251360653585519,0.1212708241822513,0.1154777394876485,0.08518496573091795,-0.02177397403813081,0.03176906510109499,0.023524503615426642,-0.04252547558052468,-0.017155149290222167,676.9215461034551,-5.492372565402091,0.0031403546363273265,10.640288734920855,217844.91276990937,261.63981257072396,769.0397924933845,1578675.012674217,1.6332111466252148,19.80883299495251,312.2196466401007,0.09909870138211577,1513.6709829035806,3606.788372258921,827.8236565929255,1.9664606676735525,5.232752808692757,0.07561358073646571,3520
ls-1664,female,3,170.98836363332714,526.9509674391123,1747.3474187424158,2723.7794804500572,3812.3245191323526,4497.230885372186,16.09816029233797,0.6811145725697482,-0.25530953364772574,0.3710221012219858,-0.05421471494511904,0.14667051868297062,-0.021811327952579757,-0.045133361034061986,0.032180146514229103,0.028556736961301926,-0.06691860815666066,-0.05678174520735514,0.018492465081211402,1021.5745829332358,-6.385073072837884,0.013786111236610056,4.400916161682346,152509.40827316866,437.925279919299,542.7917797952168,999275.2626423317,0.8866486998903748,19.676089954626846,257.65990207496156,0.08528235533792959,1215.0155434906628,3619.0624247011074,944.4467815240813,1.1582509073385863,3.3509369182945123,0.06361837997780508,3720
ls-1674,female,2,173.95167320079094,401.6026007516956,1681.4777858319658,2809.770282735689,4205.609776722372,4899.289841141939,15.020189592796477,0.6179593919359742,0.19834078053956244,0.16274124013504132,0.2310784146012872,0.1803774340854124,-0.10839550335423198,0.09900601823965216,0.09116338898171107,-0.04376756728970285,-0.08086486443229021,-0.02442121947183708,-0.0027749115204081833,715.6242949100516,-5.975261002192386,0.0025871070903994036,8.743522791855533,184776.77844895047,230.3290661607383,678.7649016827361,1112847.9165798794,1.204139781746252,14.314713800653585,271.546186124051,0.09795339633594145,1429.244426885431,4771.845227423047,859.5107812666021,1.0264542434683903,4.21982669540783,0.3222132267929777,4540
ls-1679,female,4,200.6773339742753,570.5765712184714,1785.095160976776,2672.4316251300943,3785.3473614653262,4330.809090812729,16.212990914356926,0.46586592629812595,-0.6116140174575349,0.5024982364950856,-0.21679639736264056,0.39471120519801395,-0.1023279305887467,-0.20284380905258076,0.020505407590473902,-0.13450859118709074,-0.11351977240033279,-0.11085663374033589,0.01625920059652023,1364.4825978317044,-6.854986343870702,0.05919688866715164,-0.4720501013841485,18337.709340323545,136.32758386608424,517.3384193379129,,,3.3852087346163344,77.1534435117145,0.06169092903141772,802.8449546582997,,,,,,
ls-168,male,4,217.89556865699308,468.1802178090013,1717.5378523433737,2940.4696127015604,4196.888889668439,4924.261918554837,14.820707895552001,0.002100054723709433,0.3838306451777235,0.1717464530952871,0.13646585315542553,0.11008302667623762,-0.0941262596308936,0.04925657915545295,-0.05009629169425127,0.013730217443774877,-0.08719362095026503,-0.016159595830869265,-0.027902712339951757,1121.4098325664434,-2.9118596669486685,0.01313871941933916,3.5027904347773204,185153.16087454246,295.9658881642946,842.8818837057058,1312416.3603532999,1.3149482364290483,14.585331829879877,298.6740288337777,0.10142922956047455,1552.5040951154133,5032.77744988677,1126.1739718364365,0.15882659133218247,-0.14248615986399282,0.49237469015808266,4700
ls-1693,female,4,170.4772433007446,549.5710586927396,1619.6723486739902,2674.1953795962318,3795.337821432954,4654.591671625161,15.86887189955593,1.1631429277051417,-0.13881983542451512,0.25579154245689484,-0.192546176258359,-0.0420956167826462,0.05610438633074029,-0.06689651802716882,-0.046662103332386226,-0.06301700084896933,-0.0835438926293329,-0.07966976841412352,-0.078905749835918,902.3895476000177,-8.124674421177252,0.006024932396695774,-5.715348859019352,115008.36309808167,241.6471046635883,626.0897517302856,879708.5699667926,0.8646457939523219,14.321842180754993,164.74714769800417,0.08547358056918894,1170.0513179129225,3759.3816932105647,572.6715162425432,1.1774619476822508,8.458624634076985,0.05282840919621734,3660
ls-1695,female,4,169.30281826445582,450.1769163418151,1724.0601227557029,2943.5071475912628,3932.349342513661,4582.057767737439,15.288916158537669,0.7261789964184173,-0.07563603966252772,0.4668591162667772,-0.048834422239347385,0.12329047249193284,0.03399478250596091,-0.011864732002476132,0.013147040649145717,-0.099907741640022,-0.09308089913380832,-0.0686612615513226,-0.06287781284455086,850.5119619429372,-6.697652071067306,0.005136028434776457,-0.4194743323556611,112874.54413120911,191.1863842515588,575.7049519079017,986133.5625252557,1.0999067656468187,20.250198157548343,191.9676051663038,0.09065445985868094,1251.3480330918883,3761.0709472493018,890.2658556210271,1.6911892177089687,3.2573776979223843,0.10144708235459893,3170
ls-1704,female,4,178.59569921545932,487.340031363624,1704.9937157457389,2968.654606263627,3979.774803033256,4635.1732222249175,15.215715394407809,0.6957091906869203,-0.00006857262401194567,0.38921978382835154,-0.0700058485445087,0.1396822333842685,-0.023770589445915077,0.02955645471315939,-0.06711592757456712,-0.18364472528051767,-0.12009866752065201,-0.09792845791814993,-0.07906967677744134,882.7443063162044,-6.2458153137221295,0.00438703033944087,-2.3696781746775377,69703.78813821345,156.96485034035422,481.96837357570314,912840.5273167433,1.0325379875926435,10.669745214653258,138.3832612704019,0.0897082664391694,936.4916651944103,4227.658027780893,976.3449574225264,0.6265975275513262,0.9201671111299512,0.1550202667949531,4000
ls-1705,female,4,173.19284774853412,439.9283971605836,1841.7675710302879,2739.395336233342,4111.282532612881,4946.057487872872,15.213663680538122,0.6587800606652254,0.06636477626706982,0.1399526990595046,0.15283918755744358,0.24006264521889903,-0.02320917294638204,-0.05824257021953548,0.011609648943878417,-0.05337372548506331,-0.1021293547179384,-0.05026856994633342,-0.022689311112256687,805.929465192768,-6.046211771581021,0.004491550784933811,5.488421107993786,109306.4194845713,243.09404675686588,581.592765679158,823203.9554562443,0.8835153651787881,13.07964605277418,228.8007384694626,0.08976591048403565,1189.3757912700048,4206.635512491049,975.5052229662899,0.41789367459415366,0.6393508423941485,0.18733887358262966,3800
ls-1708,male,4,158.2159687192467,419.2512983892901,1619.9854082591069,2985.456367880839,3846.204041995242,4426.792095384584,15.544070814589222,0.48378573317104523,-0.22732413313201155,0.6092088461317613,-0.07177932922585015,0.02014006143779888,0.02950755789036795,0.05956267057693233,0.0819084255863252,-0.035676593994668486,-0.009335334397148615,0.0015053281705972778,-0.033319103902077755,941.1336475446819,-5.752469155966564,0.009173956329349496,7.840197055758951,219597.8934122693,440.8396790082095,939.4570336814812,1340702.7317420994,1.371629682524206,11.161803378431717,259.9414384081903,0.09349620280466744,1385.4215676493627,5341.934402979059,782.2171754454004,-0.010305429464655371,1.9989664267010694,0.6863593962681591,5160
ls-1714,female,4,163.08121348710665,555.7963654514051,1732.9295176804576,2814.136860744356,3700.856251052047,4501.143231591,16.00735995805502,1.0890183755044056,-0.3169085124230344,0.26173477004731216,-0.0398047419529583,0.06240817532910613,-0.0380854120500642,-0.01918676975710208,-0.08550971093003437,-0.15921423888184316,-0.09150631994043928,-0.05645219015018463,-0.029367664394379742,1001.2388201437248,-8.330247669805516,0.010974324432027463,2.7362234504825733,88336.19619443963,254.6895152323186,473.23831281796026,1059925.4617888539,1.0145800688818538,20.53523263703948,125.43604599004362,0.08245608032492169,1081.7301545395485,4299.039986385308,995.5328818629258,0.420526851221069,0.4110862304501115,0.2609829192392529,3590
ls-1721,female,4,176.24750532883195,413.4091083280143,1828.3672164571358,3137.1904899383962,4214.135094336523,5018.934105324194,14.368807213759517,0.5535379021579315,0.20459234297443724,0.43531606256922584,0.08439286795179513,0.09294959839717673,-0.01836360889991235,0.08288815657822526,-0.03690795867846954,-0.10820992712442334,-0.006084735245894817,-0.02478634694720349,-0.042374278846577934,691.418600329316,-5.347255750301551,0.002340166186266464,3.4061199625832934,135683.93796075767,304.0087290675548,708.0648784221419,1127297.3642693127,1.1863756895664044,6.014888713806734,215.19996121197246,0.08630133530803943,1426.0928569225553,5647.901695947083,847.515123921467,-0.23993750733791497,4.118842808310664,0.9215873865643524,5660
ls-1724,female,4,177.63913291297195,416.44088475788226,1702.9373366392856,2857.077617383048,4134.189386559139,4719.003199267823,15.097176988416933,0.8195129318037009,0.08727698301822039,0.261690092107537,-0.01888661784340471,0.19581456032365202,-0.04146930789325903,0.08527394683061049,0.04123977857145847,-0.09626623871081254,-0.03852983416506662,-0.03985141068820923,-0.04759283087756022,750.9517870628462,-6.942358502673489,0.0026811596510782597,6.22963502208164,132149.2008324617,240.2787477342602,543.9818472268406,1019246.3018889218,1.1329898484075596,9.594402601166871,221.5916693768089,0.09694573623640543,1188.1089346371932,3681.9961585679166,1007.8619047533493,0.22825148453978233,1.2723244523256199,0.05451365704609503,4060
ls-1734,female,4,157.43829340981617,395.1424054801814,1664.857496952013,2935.2745651074765,4022.3493726582838,4908.3181045835445,15.26792413528203,0.2019183688634883,0.1874542450423149,0.279840813929307,-0.010535595975912212,0.13685453334491388,0.06606220368887422,0.12070268500934236,0.03259451772961588,-0.052685208144432505,-0.11456305875989219,-0.020273051255500045,-0.051009454469621074,932.0435668564701,-4.241818609409492,0.006466574711279368,6.772346134693337,140661.15532341786,219.47561224235696,412.7768475082436,1199538.7580951983,1.366273351639328,8.873486830579488,258.74585997089423,0.08306692155036954,1179.2327033991842,5894.98812513735,986.8358290482486,-0.06345294342838034,0.4977598780262742,0.8236813434472663,5420
ls-1736,female,4,161.98775568487105,489.4942387539696,1783.7089831182107,2891.7710736168856,4052.052343973696,4792.255195736461,15.167307298962648,0.7057530253955799,0.17060220796281966,0.2368189011821092,-0.018280843660769687,0.12384066778071576,0.0023669271274858947,-0.012787761933495977,-0.08202752619318877,-0.08834391855758325,-0.07940519764095709,-0.0555312018313668,-0.04034964896126909,742.3396358211287,-6.364618697426355,0.002450904981115747,2.830142563824342,104289.46169261361,244.75967225122199,606.4116705136584,825464.7802480533,0.8746159004212313,7.948182077638227,213.39101170763502,0.08821036349519568,1149.7851015571696,4027.0312496467077,719.6350174183397,0.6745908798494618,2.522309584832837,0.07778053722509157,3920
ls-1737,female,1,61.063093092644024,1465.2641001276597,2511.242540448367,3341.614419474482,4605.96772782255,5499.999999999999,12.683602061111646,-0.48182599201044224,-0.20468220789711797,0.03242519352410763,0.13734576346487856,0.0939288760332951,-0.02234351864423646,0.1860208268815498,0.023298414006786176,0.05603712707961748,0.038752845749078314,-0.02638066554855821,0.034453449376199874,1362.7527822640143,-0.8177961199701962,0.016066712203941562,4.789993159858186,148606.59432988017,556.5676422493432,271.3076878473662,1081672.9803986785,0.34051042598022613,23.133967222423255,264.12486864972936,0.08183419985883436,848.5023547899198,5490.772957485115,1290.4236433179883,-0.5987396050258,0.6808892239236435,0.7294177211045008,5720
ls-1743,male,4,169.06098387676474,434.01782220047363,1554.9011071123778,2554.568900784158,3644.7017432047023,4642.438932727189,16.896028801074685,0.8834427455910054,-0.036307896921305045,0.2465223949581833,-0.034652743689085844,0.14615471940656238,0.034680059342733625,0.06255348174795308,-0.08317967204353792,-0.020813899469441895,-0.059136628765232985,-0.09233577350766993,-0.041939682274614046,858.4388947759469,-6.562546728507962,0.005129957999555412,1.604623345045326,121377.37974679869,207.90522498821667,535.6148611667857,969423.6456090859,1.2428273215812615,16.97907500747256,212.77049269951323,0.08487219326989663,1027.3493589303514,4713.138376209076,1246.8768970161636,0.8989422090345591,-0.02085728657496977,0.2993331393127098,3900
ls-1746,male,3,150.61233110548613,506.6236931587746,1567.2461964331276,2702.4604535214166,3702.7891978492153,4566.051119423233,16.42053994089258,0.8294607890731753,-0.40802408856188,0.25132335257265526,0.012775146877484824,0.0019557642800748006,-0.05101540862170108,-0.03165318217203788,0.0677631655330043,-0.03054894616625446,-0.17886290175753733,-0.0899229724173794,0.02546195277151625,1235.9723464721665,-6.5168986569035035,0.041708131785803564,-1.4162726736588265,121540.53144134487,183.26528723405465,585.9565143318348,878632.9976827098,0.8787334312503146,11.936133366551935,236.69530182919323,0.09261640485273682,1154.4940700983677,4860.612276378774,1143.5369605989104,0.38116117521639936,1.23338222065414,0.3266399450884332,4240
ls-1757,female,4,180.6502952536942,477.75020867779017,1611.1307908210626,2606.317655879965,3940.450970292227,4903.79301399163,16.04475173681612,0.7170660793562772,0.4333205273371351,0.18722967820090558,0.02235552888737117,0.19131365565610864,-0.038934035823061715,-0.09105391246012381,-0.13241905335681714,-0.06896680569244173,-0.17850369265178995,-0.10935023867996874,-0.08973337269420723,758.2943344925175,-6.145050737146688,0.0020639700051248424,-9.132284275377701,57648.14919579758,117.94772561949492,656.6113575282606,236477.25770705214,0.3059619333671348,9.603247649543817,146.05515265085626,0.08615199717262617,1240.254362441754,3879.668938593082,650.3081464897642,2.9972024732515896,10.462722338850833,0.06862503091943954,3680
ls-176,male,4,155.41909570684356,427.60929559126777,1582.0966863578278,2569.6682306379503,3800.911031596972,4838.56711666398,16.49993116895338,0.9562169768897768,-0.026961868529298466,0.2020408178321081,0.011759984159865566,0.103642251026036,0.07520773364219929,-0.11123597083969816,0.0082208516106358,0.03408087997780047,-0.11214847820020356,-0.09398609202028213,-0.031166158544020856,842.4706728147844,-7.474057816002302,0.005253583909021352,-2.979223010940821,119773.66294889365,240.8530568820049,536.221642775923,871138.4788925305,1.0454683850287139,15.09660584654904,205.40943142945338,0.092745047721152,1243.6262037636288,5389.743344112462,815.5451848676986,0.02092920101421127,4.085303365183569,0.7795668945551248,5160
ls-1765,female,4,171.42005924542826,572.4166972235912,1727.56153232209,2878.2548936839644,3973.282602180525,5018.764454510635,15.299468667408313,0.6622678155781486,-0.01780468869494025,0.19688996841447293,0.1033979700016066,-0.049104820854009315,-0.10850913569556622,-0.0941755677122457,-0.05438903828750334,-0.18255163633489138,-0.12662703634036193,-0.04968878379185791,-0.012096919343706146,986.1835349853139,-5.904269840597628,0.008525319197084937,-3.4574290650672515,69345.5055782786,201.07104142798505,518.1141498877438,312596.68523261056,0.3118969995695397,8.981102503063536,149.49748284880252,0.09116873952209167,1251.0097863275018,5953.307009413122,964.7677517966338,-0.012663587799710233,0.11808424847742716,0.7633999634340796,5780
ls-177,female,2,164.7268281345243,520.7516273046224,1622.7462019377767,2619.9070547541055,3798.1995839761566,5019.383879148031,16.305832668669666,0.8667143366865364,0.11518766060891977,0.0870352805772232,0.12351293350046312,0.0035359386696118753,0.002254678713546456,-0.1330612957670288,-0.07417188636784366,-0.0391750562102022,-0.17371119765806176,-0.12064406476373607,-0.04826016146718684,827.3481579597628,-6.990548647569552,0.003475408864302549,-0.944449542250605,119090.38889158756,160.66942208480503,603.6846998459848,820571.6985371845,0.8744849238519294,19.33869518269785,170.603883565216,0.09066682456609974,1288.4875809445025,,,,,,
ls-1772,male,1,257.0350176345874,667.7553236299472,1178.2027913049474,2508.2327885179616,3634.385922472564,4394.380076290265,17.423573115493063,1.251657591879942,-0.18020839248085155,0.35929381953621525,-0.2103016635377596,-0.08896505138189749,-0.19778838648886773,-0.3566667364106991,-0.1229091150120372,0.015893052936184423,-0.00004617413038648037,-0.14913610917523554,-0.013050827456249364,856.8501098114015,-6.39703884863651,0.0030467163389956355,-16.79823910722877,53625.700768694114,229.45373487116888,443.4724882077753,,,10.309118627838542,174.07375309475307,0.07088187228832,1464.8359989092583,,,,,,
ls-1780,male,4,232.9012663868487,407.68183880600554,1855.8793709451566,2891.661724204635,4023.4550250136726,4659.458744273699,15.184770405445121,0.47332479105681313,-0.1003732429979988,0.2865655266937537,0.000038312295785099953,0.2644711456607945,0.005976114797776639,0.035773538476891506,-0.02556435229024006,-0.08425119805973869,-0.0010067287832514994,-0.04337101616985149,-0.002171050736255863,1104.4466801199796,-5.053877634273926,0.013471795248758314,11.818343237431641,134206.51576651822,356.7467192418609,475.80678451964206,1219856.8432179175,1.2071378783604612,16.033542540872944,201.6934947629486,0.08870402968745841,1096.7276758565824,5678.634354522632,980.0545572452814,0.18074942449496917,0.8841330973033883,0.7391224671651588,5640
ls-1784,female,1,177.33142184046915,414.4139832360017,1640.0921397221932,2780.6755839770326,4101.8928677770255,4754.880748581375,15.328045704999218,0.6955857076253679,-0.11324603916027254,0.17914132542573766,0.21041276155674168,0.2036381004623029,-0.2245813966523144,0.0346790884005963,0.0983569201992996,-0.033609585267693955,-0.09670139898119832,-0.06939531029448559,-0.017394387041121624,834.6199953858224,-6.141056667866685,0.008024355494743127,5.0903908880108615,148049.09384795584,265.2976776873468,852.4946489280919,1184422.6688787204,1.3269101823523437,15.36259929021659,159.74954788563747,0.07373873422580923,1337.917721765764,6452.455055054883,872.9775929699384,-0.5796537370875186,2.5556426595871082,0.9557714574334163,5800
ls-1789,male,1,145.98491288954605,367.3807629953169,1514.0485940424865,2520.2806296434946,3465.783887496526,5000.795570552902,17.595764147939743,1.10075725369118,-0.08068066161904361,0.14075480311362817,0.3523314292018413,0.05198416055706333,0.036702887069575814,0.02024073197847312,-0.02378443805513787,0.03608766770376983,-0.028364256492598047,-0.1020505213949399,-0.08387530754163125,631.8788206833945,-7.994754727897282,0.0023847563690621533,3.2030535217351845,150467.06456082026,241.89854730252955,643.355900944428,945262.7734768344,1.232856391920738,11.409993445015065,199.8601256339206,0.0957728516284415,1280.5461615691681,,,,,,
ls-1800,female,4,61.70255695681655,897.8559374560068,2137.168998102095,3023.3279731502907,4258.211125960556,4688.239023840768,14.086571150368215,0.20313986408998255,-0.3338909433657131,0.14092045411367693,0.028843602767293145,0.24579145267190028,-0.03539236609387193,0.04757267085413823,0.026476214272147327,-0.03655112353399226,-0.013332120253077315,0.014384941153300279,0.05244444137285513,1079.3529728242577,-4.479782902561342,0.016899388272446074,4.950741306680044,248614.871171245,1192.107669372214,818.4807046670785,1251838.9145587927,0.5285090569987364,25.84667299621792,316.521012767062,0.0877832758510048,1453.1856182248607,4187.79231552616,979.3995768628279,1.362618131700063,2.0694541389537937,0.14000800115101622,3900
ls-1806,male,4,160.1100410730661,475.1596133635594,1635.4324249941026,2663.2525402614265,3879.5235068240795,4718.342860598508,16.079277965926366,0.474521324253124,-0.006494386185250596,0.14458413564206646,0.012524961796314536,0.13701689860434826,-0.10386042120531612,-0.017484021139098246,-0.07487988206091443,0.0012917799742902278,-0.11713469225554307,-0.09172724463709012,-0.037345421383093616,1190.3767591403282,-4.670614027412679,0.02311918307402168,-11.583616354155428,126875.80124193455,219.3139510100804,724.0813604634908,1005740.0702657859,1.0858825780529253,21.193021901933577,217.02992122167706,0.09051070312173146,1240.80792535416,3825.2785190001587,598.4226222096808,0.5714796808188282,6.169544483491715,0.05452744485272863,3870
ls-1809,female,4,176.12861631616266,435.80212605085,1533.5308057223533,2739.0307437973797,3862.9166224439073,4539.062988396082,16.10651015153033,1.0327037148501486,0.02769922270531891,0.2986610209501379,-0.09724690980306802,0.11793118950983944,-0.03834825147559083,0.051867836835397266,0.04367039246851688,-0.07281634465766615,-0.032182931486651085,-0.05102435595087999,-0.036829643190413104,783.0922475309435,-7.908472494346197,0.0027639604629655376,6.867748105753206,120332.38240491372,251.01866368199614,519.5974054374321,961931.594242676,1.1819701898679906,7.950034458950378,200.98911447888833,0.10264242296775411,991.8002748925354,4019.453411400436,690.8691529903226,1.5291252920550198,8.699448192597508,0.0476708757909983,4000
ls-1815,male,1,148.82154268361782,655.7539352206772,1849.7050848293773,2830.0510040148974,3816.7285577820894,4636.750422775506,15.61430363298624,0.415445794291356,-0.3185097142153236,0.26532142112268087,-0.07705389879189035,0.11461150668202817,0.05064352459355533,-0.02347986906241392,-0.035649432681467766,0.03935006862689403,-0.029794671248543913,-0.02978780984196953,0.017881398786810828,1243.8094700036293,-5.0078669891793375,0.03156290323741595,1.9075271881129963,238708.1234716854,613.2104076767228,724.6334667987089,1294293.5712078381,0.8573846840588142,25.479781453778628,370.762091668172,0.09526621776010066,1408.0408566102797,5324.297333020488,863.833525639886,0.856307168805693,1.0792084059240814,0.6541620681717703,5000
ls-1826,male,4,129.9677101712827,583.4136302207811,1831.024917804375,2804.095505016734,3843.700006228829,4949.41340686135,15.734560917686995,0.15163318875511195,-0.10742409820136846,-0.06222511353359626,0.0013131460083971565,0.04038139988083554,0.07041210368197671,-0.0005483710098023416,-0.10140609168543269,0.038783666703465,-0.11453252729642491,-0.046615645105473204,-0.01598607020981302,1480.4871009173544,-2.973886920791475,0.05421825502867658,-1.7107042748229957,140474.016964813,833.5804452198477,770.8274942854405,830542.7923020299,0.5409438657439903,24.654853891769335,268.8563928872882,0.08083600274497818,1230.2943586945967,4786.5756444233075,1140.0762319385265,0.5902001878829486,0.7599654110479168,0.3276761783261174,4240
ls-1841,female,1,175.19085111252747,534.3255844741788,1793.4658352616907,2935.53987210367,3717.3781944796747,4737.008494488995,15.767771468189911,0.40995383520711864,-0.31550540956972,0.2058170512175158,0.053397392468154295,0.005711570742820479,-0.047724243721733096,0.09462455178991906,-0.08384218582664574,-0.10889212561759995,-0.08860164160673062,-0.020508004781007526,-0.0006700881397664672,1435.3894795091578,-5.040532631863671,0.0658794857694458,-2.3404213624077013,142305.0358193075,286.5949142701146,511.02372448795245,1116439.7515580154,1.0019008523217396,26.04386223472683,174.99713192585784,0.08924943148281778,1293.771419428901,5739.489917123845,918.4098570134051,0.1867042896435589,1.8291940404927782,0.9168266727476003,5520
ls-1844,male,4,145.14913429564058,433.3648964934032,1767.3295610606651,2695.421478281609,3699.7166100597096,4766.375453664626,16.251083406025096,0.6666557714059331,-0.29055443512552814,0.2391857238111786,0.117471364849131,0.11656853672231506,0.06691806551071973,-0.029829652669931553,-0.055686452344619844,-0.028578034836397887,-0.11713103818724893,-0.06529784206348574,-0.008520839461522295,1037.4000374954958,-6.157437576379872,0.018898281860469632,-0.2939208620465007,103603.32386087357,166.50977453109576,404.3792409861113,997378.1816518637,1.1552009290170804,11.594855779972663,145.3604694529021,0.08555519017158489,1155.4619347852088,3991.4763073440076,590.9934548022172,0.6771504786160782,8.510785604658036,0.03295468453636471,3940
ls-1845,female,4,156.9593498152338,454.9068672881017,1780.618944198981,2799.348500245528,4082.1226566938444,4709.948871489566,15.231832418767217,0.5220103521022718,-0.07357413683017966,0.28107446689424664,-0.0016642680759487265,0.25425320701694676,-0.058349765434628297,-0.0524871467972997,0.08023855048386869,-0.10081270946094228,-0.0815998800948119,-0.018086970412725972,-0.023939786021709927,971.7143100539829,-5.730141454175792,0.012560734586216664,2.6776268254790243,172005.4801298384,277.5591788500684,697.8564583047364,1176522.4559635706,1.212949367516825,9.986180599714292,243.0897852055682,0.09387268727045414,1332.5977037964767,5823.315012731476,1090.025478076615,-0.6555439668793592,1.7464721222375157,0.7433715074606938,5920
ls-1867,male,4,158.5054429641309,576.207473967389,1771.8545856249993,2858.7544829389367,3757.233929885686,5156.909309638528,15.837585006467208,0.377494664479874,-0.22778171652668094,0.17275452458242005,0.14227845720809662,-0.11031706839255986,0.08664598087519651,-0.04069242485309218,0.0355065137784152,0.01538374978082781,-0.11012942804671144,-0.044361652284462524,0.046894272431095035,1292.1988842201686,-4.721825997754262,0.03223592104449623,5.525091615324813,218860.16622823133,417.0659622825412,820.8977770136548,1297505.9189258069,0.9580962086384576,8.498297441809731,352.43670497002506,0.09722599510550081,1461.852766234933,5420.361023889615,1139.4537227565838,0.35063050449429045,0.0860636309124958,0.5552648400024691,4630
ls-1868,male,1,141.62460366698016,427.8822204062019,1962.3577351648805,2762.0077115064764,3531.905489155244,4959.738107869953,16.38856921861289,0.5899440643357667,-0.4154989150651691,0.17315646597820872,0.4826367815414771,0.07781320832890845,-0.008106697300668536,0.11271145272694275,0.03467853047267136,-0.0029978027865760525,-0.022621396028691336,-0.028767571908801744,-0.0032067032589778973,1127.5973353910895,-5.736383199082314,0.039585868613517206,2.1221512629815384,239996.23994893904,463.47421530021893,877.0147898072325,1394629.5304380506,1.0705362123084214,11.206123502507968,396.3748280528364,0.08959372397837255,1407.4162309683807,5229.292548439986,1003.0622602121837,0.05128054714442518,-0.1500441526447467,0.6485636807610788,5520
ls-1870,male,1,155.7795516828552,452.2687525065262,1739.7596981314568,2712.9629165893466,3971.5451962923867,4987.156578491022,15.6259371563149,0.372295844447853,0.12221712722078455,0.11147655947989878,0.158707328313574,0.09740288807280059,-0.0025867661811570094,-0.03421796402289669,0.004902224507344478,0.039270065374453385,-0.08718327943940149,-0.030369371611445477,-0.017498758326774666,1063.6675496132498,-4.8813735899097335,0.012477532293559749,-1.952204772523152,157878.54347241303,360.3567651961014,712.7900244381906,947300.9062023272,0.9523007907072245,17.77587231525574,260.45155344758,0.09019679344338262,1322.1281684617109,5233.864671766591,1032.7230262556918,-0.5476328319369078,1.510976422077535,0.6615411329439188,5240
ls-1878,male,3,134.58252705102754,580.0029712521053,1825.5349948134785,2659.279002760211,3950.1248028010323,4816.792395236023,15.769288387135578,0.5000095976590936,-0.1186904141252626,0.011225014682552147,-0.04816137158262986,0.17638739156519556,0.05111829320468172,0.015358845795384634,-0.030804693196575722,-0.022327172135225115,-0.06598031861306178,-0.07173932220275205,-0.005351665398134305,1022.9366590592276,-4.893887323669377,0.010240640019812397,1.4968187945952136,184778.1785782847,716.4651578584258,687.7250347614372,1044158.4832237267,0.7045865735358331,20.15814933902439,276.67625748717745,0.08608825564788669,1279.0252293967394,5374.32326575872,1082.6407404626555,0.4916344696616269,0.07542441781553588,0.5276110067661277,4840
ls-188,female,1,180.36075663070656,500.33946732303787,1767.9817392667346,2951.666860643104,4174.178308476337,4758.418547037578,14.7644120663392,0.7044758765539559,0.007225927194251782,0.1906939675323451,0.07424981480698527,0.09707783052074007,-0.136595503602369,0.09868057903305677,-0.07382696612927449,-0.08482659359445885,-0.022347893122705804,-0.023809266300193,0.012673744688665474,957.5940383421353,-6.021997806066812,0.008973261296573658,4.31958993466884,131448.31155291517,342.27311051198586,737.4032697350722,1140818.4628657214,1.1937191366353508,12.05320477230249,215.7338348162751,0.08785972827478924,1361.6256010948512,,,,,,
ls-1898,female,1,168.93367046402895,804.7940448361792,1750.7788506401228,2690.559607953004,3693.7756784165863,5182.671886702006,16.201432650938333,1.5269556269747298,-0.44062400888847103,0.08054536018060988,0.04134992598413267,-0.04722111381057477,-0.16162012084218805,-0.09796735708332198,-0.04926076279423174,-0.030072617545908287,0.020748130134041635,0.001067141089443193,0.04550810675339238,959.3653550647695,-9.375021823883257,0.01005232601406348,8.379012055858507,90390.73039967738,166.02234551902427,651.5759188972452,620937.951311434,0.46236881447352873,13.037880289186614,262.80533786774885,0.08156542401859147,1306.1779454390296,,,,,,
ls-19,female,2,180.05927849806267,535.872925835822,1711.4044937282852,2664.5044628051655,3840.62721758313,4626.8489363967465,16.021147783969514,0.7644528972315295,-0.2796939973062442,0.2780678058172801,-0.06756648396019167,0.09613213568226024,-0.011299053795215775,-0.15136542636860684,-0.04964855880513677,-0.11700239395539311,-0.20915724622575504,-0.11725922432741168,-0.06666505936467518,1128.9666375040076,-6.708663083163166,0.016228779478506657,-8.294555720001727,49794.87302806918,154.32950552544537,506.56783288931047,457509.1317497335,0.46389759129017105,15.330156729519173,113.28684927765327,0.08332838690575606,1130.4985492399087,5366.099154080987,1007.1629700232329,-0.5171741840454258,2.882598712357506,0.6517682148060979,5250
ls-1903,male,2,148.99128553278854,444.76237399655247,1609.8839904578938,2657.5871497737076,3570.464618846764,4913.421828051622,16.87498591834732,0.6795802781154059,-0.2851584843758606,0.1361191805720931,0.16693829530653576,-0.035655657857844976,0.0871606163269757,0.08436890507949901,-0.013219688462167914,0.11323243427636911,-0.047371949517450745,-0.11364677955467689,-0.0012619410300564143,1113.3491461671438,-5.94714777529658,0.023316382682999605,1.9941977465962493,176582.2096043611,453.19326607614533,757.6463628054287,958395.9761345921,0.8732582417581689,9.904303301178551,270.56808121411024,0.0833221116195196,1284.0805047733825,4820.734906191073,815.6431432346635,1.2518415641147824,2.7706729969607466,0.29675366019857063,4380
ls-192,female,4,164.42403362372733,427.2396362532778,1686.9331257045865,2779.01529424635,3940.6152371767266,4771.44049896642,15.602494551660087,0.8408910520568322,0.07100047387532332,0.19188217950473893,0.08313410393935225,0.1697452660338049,0.00551876919003334,0.04595430763169869,-0.0017185106195048462,-0.04121734761108428,-0.08120637888487293,-0.041500143484171415,-0.015244612589663739,714.3161142086894,-7.094738661228363,0.0025372767569757267,7.2617386282232985,138644.5615865001,225.40293085023603,538.4406337161872,1012102.0155100812,1.1203123800736305,22.141230590485005,233.86925676097184,0.09374863495500729,1239.868765817349,4247.51046700459,1128.468867903142,0.29040006189897094,-0.6405474675485476,0.30987753917324656,3620
ls-1920,female,2,179.08612064644447,457.4628297480817,1635.2778082532336,2895.1260336595333,3891.8871183217952,4878.433280756542,15.611031585015677,0.3262879033244731,0.03834682208672258,0.2859677670805091,0.11607910914462605,-0.01144427152254719,-0.0660366996671928,0.06364467995661664,0.009994598654493137,-0.038957584435112824,-0.10619586028420602,-0.04111856672273079,-0.02670502453671028,1032.4633470034769,-4.49112728973458,0.013950910207755591,0.30373095475001666,134334.12880091136,258.286882267065,493.2952468266334,1038730.3940978118,1.1186576697051689,4.87449811250676,236.16976224730757,0.09258621793056604,1272.2831850066643,5318.2323304759275,936.2017521412472,-0.708728325445417,2.095343509177339,0.7378222108953159,5440
ls-1923,female,4,163.42194382854927,809.302615838033,1863.4409778156555,2714.04107234829,3800.7219237878485,4753.413920783365,15.780792389261327,0.20445180579101302,-0.4310769880880222,0.011655860848702519,-0.0755006505667285,0.04602498081665721,-0.17957524794811458,-0.09961709665928266,-0.07767978081067028,0.021440877084815433,-0.06303498328684383,-0.03287918635386729,0.06645627907817897,1739.9661531220102,-3.8583391817193657,0.10665813505143702,-0.25760768539428863,133850.60255331948,321.7108745039081,574.4998938256898,1026645.1190032107,0.6708322483378759,21.74436606939006,213.90854024938756,0.0796381458543399,1222.0716986807224,5184.68089306925,1133.3968610510587,0.11134772018995799,1.1597793875997617,0.49995900374830576,4830
ls-1933,female,4,139.9911475277247,442.7050669868172,1516.6043912043613,2875.950643849045,3976.639268071661,4627.763103522231,15.633549477596764,0.7610605032232682,0.2478867588525475,0.5294806940416081,0.09445485542503274,0.1765418227289361,-0.15216241452229812,-0.05944605720831764,-0.05363855473220177,-0.05708246457040138,-0.04494763358481951,-0.09506081971732484,-0.0382602038646969,597.6101646406875,-6.925991493652997,0.0013108781222347244,4.754564268526522,100832.76379473736,182.17178176292833,1007.4618905627334,580139.2740515575,0.7404494275524092,8.603501576256033,296.1303828724024,0.08792829702233038,1499.1154700375914,4503.37963156714,1340.307114908259,-0.12868938027303065,-0.979815914533559,0.42810749461614167,3440
ls-1938,male,4,149.75680254901152,364.6791244935025,1713.6128482261042,2601.806860706858,3883.9881562188575,4813.313420832345,16.096998087028567,0.8465283200102038,0.14992526928902913,0.10163791782583166,0.20749996742406368,0.2663851156423186,-0.028982407364274973,0.07864050485281275,-0.052987191654716256,-0.0036835472145348358,-0.02420292907069492,-0.05376816706415448,-0.036782583725474896,660.942876618996,-6.823552266628777,0.0020091860786951863,2.736610979635333,163296.48947307662,222.22816930387285,663.5424198426036,1056314.5267749205,1.3209956879382219,15.771076998204975,259.14399936748947,0.0960312547202648,1249.1729255942928,4661.44199755825,961.2854313992957,1.0145258167378068,1.841782036356201,0.22483140665954238,4360
ls-1943,male,4,159.75479442583372,554.5173109929937,1621.2607766484996,2539.511254035804,3306.5354925154597,4281.820541749392,17.709461326055873,1.2509126677096947,-0.789601722816831,0.4164987517848792,0.19943796658632343,-0.018561444028017703,-0.1032607617795964,-0.06370615060275354,-0.0837982326421235,-0.06109478298005059,-0.013092475972304568,-0.08107178075688606,-0.051077223041397765,1188.6124964232424,-8.360553713650653,0.056281359457919,-4.741083926639743,127379.67026463042,253.0811320097433,776.7866729115685,1036901.0870967298,1.0665937416814828,18.002030287442086,212.3163628563816,0.08587690755437212,1443.8642787601468,3579.5616443285644,549.6094119907524,0.9201230927876367,4.2405393637652615,0.016721334436285765,3370
ls-1958,male,4,154.52660154414383,428.729571847013,1718.7597302506733,2744.2190089629457,3799.0911588822796,4780.059802413409,16.034867813627002,0.35267103515043874,-0.033307001647308584,0.2615068595733179,0.145430844842097,0.21228393422485287,-0.03155569026866954,0.064334806921915,-0.05566120226130371,0.0421750482652916,-0.1340180123744129,-0.0480472339474343,-0.023405321230965857,975.9918014644143,-4.944167674328993,0.013201550979682303,3.5838499921310083,189484.70659030348,244.0768134728003,657.7847116983858,1191590.021656604,1.183935612097121,8.191299415852681,310.1576129762528,0.09927153089769168,1343.3237272763045,4773.318120819725,970.7044602345546,0.8669732114281292,1.7972201894906281,0.29809654329976165,4320
ls-1961,female,4,173.2403888104662,469.79264640716167,1738.0427107311948,2743.863751613281,4187.837831488738,4969.72334666236,14.991082997287723,1.0961393139450621,0.1871439904627977,0.061765509539851285,0.18465063271322202,0.12778146523142286,0.0031747847717252184,0.02398704994647806,-0.046817215407076326,-0.004583372245498235,-0.03955820994869105,-0.028548005743049026,-0.022461884061674625,703.444554557376,-7.807171122679989,0.002742183804717353,8.262226740081971,147164.0760793984,292.2511302829011,644.2845298396225,1001100.1537275908,1.0123088324561427,20.551577617850334,281.48757235800025,0.09057853013598252,1327.7966631152253,5440.070557831559,832.1024300406746,-0.08129455716511766,2.4334369143773658,0.7107711636571148,5170
ls-1963,female,4,168.18772930590933,536.6204539503707,1808.195644018291,2721.822700054013,3802.458641879266,4466.619092552117,15.885359333635696,0.4670116161850657,-0.341402378234126,0.3185963710183236,-0.141642631424835,0.14326507992766663,-0.011503894990047529,-0.09713695290811244,-0.02097218356691717,-0.05381115660263379,-0.10136327583997322,-0.06547243484920004,0.0014708251717402447,1317.0765076970915,-5.377032506203857,0.038209733359821495,-1.5270836119042321,160292.29359423002,317.6645006556653,599.7065897311459,1235519.327470835,1.0676490259353082,7.743970373670805,237.7920792517703,0.09112409161777409,1205.8462255541497,4898.371260436475,1093.3696578126571,0.2581814064863546,1.8839508362421733,0.459440998310791,4700
ls-1974,female,4,164.6322548759153,549.8899285947434,1717.88287762085,2796.4736747958423,3712.179061271171,4255.008892992397,16.050355645913477,0.7137243523232996,-0.5259633078602747,0.5556081274491096,-0.12858136065453665,0.03672915421255754,0.01712391283345792,-0.14552134991598548,-0.005548261767477616,-0.06929830295625722,-0.11855261094053268,-0.025075878569306365,0.007901229083601144,1253.3291605439726,-6.489672338298366,0.034565293429883084,0.3659076800091352,150284.68197942927,277.77024388898144,650.1876657777099,1151451.6167432228,1.0788970322193032,13.473531815143486,206.56637164093877,0.08506711305513112,1298.9238548910294,4970.731536521646,1004.5295776793232,-0.3332059743700765,2.696159612509688,0.4833948273313771,4900
ls-1989,male,4,160.39654535306778,431.96658170983994,1683.7767301023825,2715.7410802960703,3714.64344625344,5367.670532429856,16.350338379657224,1.0619360412089325,0.028989554551176182,0.2766834469487901,0.42861511450933054,0.018226899187125358,0.031089919195498073,-0.11061366195464027,-0.010425620512462375,-0.024677087860727136,-0.11302547567148807,-0.11121398472188651,-0.03570105101063337,633.1217993576408,-8.175381842923876,0.0020967495137245032,4.75219819800456,151365.77796728007,203.32524158226653,823.8069236974368,1583528.8167522456,2.0131705429729463,7.95599735762994,217.86776390982354,0.0965257798090261,1463.6108613854253,5192.605272182457,1139.9481211306165,0.498465515653265,2.4494423803097685,0.5718409286107916,4640
ls-199,female,3,183.73223842452958,500.93007084824444,1915.9611181553719,2846.9741119421524,4055.142721855129,4650.109089014683,15.062325804555853,0.7323647547371399,-0.21227220216181208,0.227660903701691,0.007717881319779491,0.18314367412100221,-0.13225789369774404,-0.02470244566907869,-0.06467521037008865,-0.11972271003921606,-0.010892175871962133,-0.048318597150105384,-0.04033946374251341,1018.7248237840546,-6.809510459639603,0.012452223470631506,-4.265869536461945,124774.24741391337,336.53832728706703,626.1303051443322,871913.4544321867,0.7499278141516474,17.481448857501107,162.1900014462435,0.08601581795729767,1218.1505541190597,,,,,,
ls-1992,female,1,180.1567244984754,384.5264027320357,1703.6397871617621,2854.801877463072,4151.897345031656,4900.832774117178,15.051378474258884,0.6493709376450303,0.058247177793349085,0.34364266112205444,0.15926369354021838,0.17092897168370463,-0.09244689867006618,0.09454105657810062,0.17018954030923214,-0.13036306511135115,-0.07110447069655498,0.004769351995604869,-0.004187878158692104,777.1227161936448,-5.961212744996477,0.0029125950612149867,7.328233659926352,166084.61014386723,260.25681883845573,641.5675385227717,1301804.1574620733,1.5482093399448038,18.32518173240335,214.0211924901783,0.09123161576266367,1524.0156988635654,4655.051322627685,1093.7806713690745,0.5216104840019121,0.681446179816871,0.448879646514046,4020
ls-20,female,1,177.07387308950496,381.0043716515803,1876.696413797711,2838.5079325850706,4014.7192835728197,4812.979576268558,15.215290692976723,1.2616369008993735,-0.19685973232510248,0.34544445640583094,0.36482280862565414,0.20505472919247736,-0.0344768537762078,0.11371117281351534,0.0898550263945014,-0.08005440705050132,-0.06214710435430589,0.010971998909149626,-0.0036628030870266776,612.0772576913404,-8.73175569962092,0.0021090218372991744,11.773913062677213,158428.07423015154,291.1229262516987,705.0413395197086,1065261.6460795025,1.243740980242916,7.097746343174868,218.43787302459114,0.086263135582216,1365.5877502563894,,,,,,
ls-2002,male,1,138.53957642621816,436.3407099316192,1509.1469258776642,2470.0711981361433,3609.046391406926,4628.829956708877,17.26265403595738,1.2095178039377446,-0.056395165789621976,0.305275129214096,-0.07048168205785078,0.05839055501981996,0.1243660793311295,-0.02645634848849833,-0.06965576892890156,0.0065425701443961376,-0.0850414633270118,-0.11978294661189985,-0.073668465102024,744.2385760427999,-8.660145746491638,0.002359084014864197,-0.266315535936298,90342.49788570488,158.2454507258779,458.8382367957365,796928.7275697764,1.0921576167321194,9.59816649756474,152.2730426707809,0.08755434294284094,1000.7097519062456,5763.7499816300215,926.2618091889211,-0.022965877906628424,0.6418392347111741,0.8475620536897657,5560
ls-2010,female,4,157.92708890099857,449.7896779275922,1682.2941911615528,2747.5318715179437,4019.5119144135433,4980.768339841967,15.48161545322202,0.7770712367577732,0.12493506498542681,0.11701616544330712,0.18496664894666748,0.11299689027669385,-0.0635997161245705,-0.029982508796954126,-0.0054830927556589765,-0.0947365118242296,-0.11698895163533413,-0.07578297874663553,-0.02919079082903564,836.7452180002515,-6.543419260988911,0.004245410494682986,-2.2872367500832373,104766.3582473161,185.66572957303455,609.2039956505874,942446.8698252327,1.1357738614260307,10.665058367370762,161.71377642920118,0.08795164439940668,1345.994731680989,5527.071182371493,1145.2035290897431,-0.1556462310451652,0.5362662713371416,0.626258743949398,5600
ls-202,female,1,175.08744732843905,456.34726570168084,1598.2159679432632,2860.287090174314,3829.2962747827137,4696.169196539985,15.85503808351566,1.2009653049277833,-0.06065564006402995,0.36739283078324186,0.11896584047556621,0.039018066110103534,-0.03810403818533709,0.05316684712009182,-0.0372252734048714,-0.137332260316013,-0.08238090138559652,-0.07274774431919735,-0.07260579375192361,727.304969210715,-8.767312756222553,0.0017505752770395826,2.8559355543404834,53133.53579363356,168.88843940373943,496.6550238883626,253630.0651157723,0.3339015466232691,14.999707837182303,175.69441891669078,0.09201321580026278,996.2409871117245,,,,,,
ls-2026,female,1,183.56731901009766,487.0045924396073,1658.313963503495,3058.6259555342313,3922.607195799274,4688.771820564237,15.24474769438783,0.7303202033588377,-0.13533678779207303,0.5769018536199713,-0.06143268816229775,-0.05016198990877244,0.028802050530198457,0.03600767472351615,0.02422461379067199,-0.0881957426943918,-0.029888344251893753,0.0016586859113437897,-0.047466772044202445,905.1986959296528,-6.735826329014045,0.006916409797770714,8.93282789712786,167165.43818203386,346.61901699406616,705.8624042871206,1212302.7530697924,1.2277206816771045,14.292973591364014,239.5125566529986,0.09733897241573905,1356.742255768643,5001.12599717831,947.0026251987479,0.37315824502116407,2.4063146914087508,0.5093386773480475,4840
ls-2045,male,3,144.26899063695058,391.8525282391601,1662.3157016824462,2728.460077807281,3715.878900027643,4656.542495211866,16.351732979441874,0.6285756275481655,-0.24932562570129815,0.4416665892130858,0.019728189471994215,0.15223832908901025,0.11276072964370698,-0.03764169781589721,-0.00871998531357491,-0.03063273491718785,-0.08788577762472317,-0.08913014970480856,-0.0548427897087216,1039.6928927114845,-6.250179698452298,0.01718807706871618,-3.430784218395771,88693.50732683895,156.58221822567504,462.1532579517245,1137560.4773636544,1.4262985761763036,14.508363824528828,148.4722997378138,0.09234120335103267,907.1324709974594,4722.587618614046,945.7044227992275,0.991627005983261,2.0618715842790714,0.3757034105246655,4600
ls-205,female,4,153.3787039709021,657.9507256832767,1838.15404236859,2698.1356287924377,3785.7659342378147,4756.199631599002,15.907870008484974,0.3302205007179778,-0.3667964499955814,0.13982711657309638,-0.012403937744119575,0.14566002772174713,0.00904634377731975,0.024687705788828028,-0.08415946223975561,0.013816614485886503,-0.10821522979148371,-0.10660860925676602,0.06499450188487381,1314.2970693406762,-4.57160490485181,0.04620771477613994,0.6305938779968263,193722.89991120828,949.4314073522826,916.1515665954346,1022813.090808542,0.5646193325944607,22.999621490839402,202.87288371705583,0.08068252168455063,1472.208400133866,4352.3068444182345,984.5493937156275,0.5563101028669382,1.5632860394502723,0.2330456743500049,3790
ls-2050,female,4,155.60649941119948,407.8931451316822,1700.4569226687145,2928.453609803429,3981.462159098569,4848.8196392344225,15.218729262241972,0.519849773513466,-0.05061918754310399,0.31927122359087656,0.07686459541594985,0.06703131364413789,0.04620919832553065,0.04682624300251222,0.03051716289346558,-0.055075925034362906,-0.048950507476615696,-0.021466978018645506,-0.03633924942414044,890.5161181467911,-5.696621603842893,0.008042200140944365,3.5694226945754206,139564.0349536813,307.5488621328502,557.2796853757899,972165.0219253787,0.987397443607027,23.060016202975856,262.02100475423595,0.09252008088130809,1077.9280833659973,6197.72557614266,928.1434961245086,-0.4335274562275964,2.2453283222317624,0.9286274488437163,6040
ls-2051,male,4,144.20917140265647,418.9156513134218,1669.9677635952344,2542.0434329264094,3630.778438489904,4608.1994366125855,16.875220617688758,1.060193705755287,-0.21248534180023987,0.3728699467530835,0.12458724415777891,0.20406047425880136,0.08765803496450866,-0.05285855443693434,-0.0818525010739983,-0.006527382595870169,-0.08850089950228401,-0.13125529345367898,-0.08272381330061321,736.1385826842265,-8.0117202907797,0.0036787095428372175,-0.6260389660000002,117048.13472576812,153.86240619148404,643.9492068897049,1057196.7162635783,1.3341089778911739,12.722718876905436,208.48603348445604,0.09547113314794078,1149.4020964866495,4274.240266843763,1008.0885781658919,0.707826574534588,1.1137417074574885,0.27372875871208513,3820
ls-2053,female,4,103.80745226323398,395.3344832726665,1661.5087107379045,2844.5355929227458,3635.0504406219643,4659.368325664305,16.33182128095487,0.7938927868315285,-0.10518421331488556,0.366732754460038,0.05720631095767524,0.09473017667330827,0.04772764961308709,0.12489107992293773,0.01123636827364145,-0.031725367659383205,-0.045596218068327435,-0.03905446476971068,-0.027469063797148367,710.290428892074,-7.191002905812773,0.003690750346894609,-0.06136523180286091,141268.22416415816,254.57811382455571,515.2608121032913,877653.9767893645,1.0451934145462742,8.693602507766357,250.4687542412624,0.09238165432192116,1175.8744647429126,4925.24868432507,1081.938665659321,0.7883557149689748,0.9450919572919307,0.35872085664477216,4600
ls-2056,female,4,164.2151178267681,453.1126943759306,1779.439893855027,2843.2355488837065,3941.6182493067954,4907.9605234689125,15.445642694456879,0.9193357187414357,-0.13159653343410038,0.23874732443072075,0.12239929552880503,0.10626439893185753,0.000713018343417427,0.0020455491459152944,0.041696057884824424,-0.06385077087015936,-0.07785522989713808,-0.034368964075907074,-0.020150704831054772,863.6886669098184,-7.512671371530216,0.006193071345711131,5.258702510666606,161185.01551440856,314.48374964789537,646.4758114219688,1100701.8146190397,1.042803671270954,15.38416451583021,247.51797469050814,0.10325930977684966,1283.4733699530748,5636.649861036979,941.2852619689593,0.09881917391172963,2.0848338161173383,0.7468579382348606,5340
ls-2060,female,4,158.7221785395181,482.20370234985035,1722.9918588070418,2711.2799182399285,3691.36095255314,4615.882894015002,16.247541094503376,0.9656549255755424,-0.1955294986155655,0.1137201648414949,0.1291300707837989,0.1995550722786676,-0.14574699158359444,0.05912925098935494,-0.045165863531535975,-0.10931337765230217,-0.09934125454859094,-0.10013567943132129,-0.02018606089524535,877.7672616851983,-7.74476613501045,0.008177643520309398,0.1404051255599599,126083.34969256638,214.36082652097645,543.0096902603739,987038.5080285849,1.013160666852114,20.107048856631266,156.75096366222323,0.08454683151375715,1190.861438993607,3880.0991108486455,606.4592749606172,0.7377203303505204,5.928475277469272,0.024030555576538864,3760
ls-2061,female,4,173.6335659010316,380.4776700136871,1730.5233784395218,2883.3778889136147,4053.72122107216,4765.482791393131,15.23327564110392,0.8320103172196611,0.09013796398843758,0.3340927288834789,0.09043402008126997,0.18837739292797695,0.00041713428568770135,0.11457538420677743,-0.0020053666266999235,-0.08957611005036381,-0.03181237025778866,-0.0325426054602482,-0.03376976178545585,678.0816306949183,-6.988737588059239,0.0022888940987233148,4.17669339691559,153097.80630654836,212.778629601177,649.6989860571949,1135370.903245408,1.3894761422313942,9.876906577841554,222.3950513350592,0.09839572803752389,1395.579461074496,5778.8351196626045,935.6235500395578,0.20481888666561515,1.3971744086392057,0.827679468089725,5550
ls-2062,female,4,174.89618691608774,421.37566860856964,1903.844504186732,3032.1366950689576,4056.2981067255605,4827.129745279,14.691710712977985,0.6874599374793455,-0.17090275909040584,0.3506469096084379,0.1521101639952995,0.1553699971860546,0.07292568489136704,0.10003495661270567,-0.04774690563610931,-0.11564102522812818,-0.008398575089807259,0.03899608140898437,0.014509485844764542,901.9197111309754,-6.477704508972853,0.008107195885876295,11.955182282873581,175138.92210916596,432.3128090541817,389.81740835164953,1371632.5889596506,1.2261450488120724,11.755711382905876,279.17578456865886,0.09472169579232186,1032.154259195027,5082.9105785760685,1164.8424795260057,0.2891096211462493,0.9779433842048791,0.42152148144137896,4590
ls-2074,male,4,143.50061499462134,376.156030478821,1603.9736320095683,2577.7988862466646,4193.7905412674145,4824.380190663471,15.491763593691768,0.9112663384945585,0.28544658579569243,0.045624330724792994,0.09465487527692817,0.2708968955335177,-0.018565740214796712,0.0536667560835822,0.019545987286553906,0.034738461561664755,-0.03573912819628871,-0.08488108437349727,-0.031048627413354755,629.3261325740799,-7.1704583835903755,0.0012474995203684569,5.487509513207692,175478.54956475156,296.6736350731052,737.9546669488924,1039306.153977501,1.1086305941888508,18.344239681860607,260.67904355084295,0.1007445750664284,1322.9878077868207,,,,,,
ls-2085,female,4,181.06122624859978,550.4924681041102,1577.6186026655698,2794.807738398943,3780.5699941629045,4330.6998939612295,16.03610514222521,0.8259812514035608,-0.2817916060004463,0.4109269869025798,-0.3239667041919429,0.13133633638615422,-0.10238634834515464,-0.041695936480502925,0.11698620053656347,-0.08881722042875098,-0.08479152198733206,-0.0345908459607834,-0.024786332371587977,1012.5557616830071,-6.804506616836401,0.010992878613668863,5.739131701796487,82670.15438715895,253.6049843256029,439.75982814195254,576107.1312404231,0.5862666448987257,6.412729138423767,140.48893402284747,0.06588804848824714,1005.1903258326137,,,,,,
ls-209,female,4,170.87036355103294,500.6449064929078,1837.2878431466459,2832.827123160352,3807.3559831148814,4472.267626394356,15.641289139075372,0.44982455884888495,-0.43000945055930795,0.43865445611010856,-0.047197301596557495,0.18512110390143494,-0.03654895140886098,-0.06609924148011218,-0.040009926826884465,-0.11767012851388974,-0.0948272954934661,-0.05437581982537394,-0.02436357120807435,1217.5538481066585,-5.5811339587785636,0.037686075282094306,-3.7541560252415787,141583.8984405264,223.9950041508281,515.4554392815103,1022848.2842890279,0.9351494720570799,12.787176448491964,169.6391621159005,0.08934725297404711,1152.328804637814,4536.043689120772,807.3002556262904,0.810243940017506,3.57902141092535,0.18782768920062748,4240
ls-2090,female,1,185.99696361940994,485.7099934350662,1627.8947880050791,2767.278135374438,3898.779407560146,4885.55841033751,15.807389556347776,0.7684320222504328,-0.0166681186435675,0.24261774687042045,-0.035225950436774164,0.023354871609983896,0.0032026571129777086,-0.06979903676772906,-0.007783365190738049,-0.05898645878316559,-0.10226443132668903,-0.03235199289280505,-0.06355993110255376,966.8180637087947,-6.424410962312081,0.008465963818246724,-5.42201052633127,110232.96238479228,239.13321363445743,652.5944136573435,787311.9662302848,0.8305280633368731,16.996278680777067,146.56051448408124,0.0804819355380255,1210.6066049423027,4355.850738251059,779.0823876872371,0.9419308801920951,2.0941057588309415,0.24039056899216443,3920
ls-2092,female,4,176.9428959969842,475.09086942664396,1731.7818011164127,2872.5624504449434,3871.0030975004265,4596.136060340832,15.621780983313808,0.8582245933224935,-0.12641029230124168,0.3580060409943981,-0.0482345911139901,0.12874696197698432,0.002744262351011319,0.03814461150284128,-0.041390538546777524,-0.14151728568285693,-0.08710791284592903,-0.06943803746956398,-0.03973841237208134,867.6251309275574,-7.0653672066695545,0.005249590602786789,5.27484910920039,102637.88237859911,174.2939710734279,484.3077618297435,893195.6686480092,0.9531352841432185,10.866675682744244,177.51813038743848,0.08952251252146554,1096.4280009749864,3427.5356399552625,616.2471096752217,1.0249105378732102,5.537538994149136,0.05024079953811261,3280
ls-2093,male,1,150.51223315395592,542.4866543546151,1602.0975860370545,2606.4807256105714,3623.273308771801,4762.378939079497,16.802267364429365,1.1196660314819602,-0.3033755089042237,0.11842983219271803,0.11849776539341764,0.03149673068352824,-0.0696848081058944,-0.0359832963503018,-0.01625803839968317,0.04169164474664107,-0.05897131367759507,-0.07016871042965667,-0.0039232049597514446,834.9465983864466,-8.167953138863913,0.007006989740868651,7.324187301582278,156384.24888423088,376.0964175628633,663.4403493907425,901615.2380860539,0.8888875746335868,12.749735281321243,264.41822607893187,0.09322489536675096,1239.0860428744543,,,,,,
ls-2096,male,4,173.37541673827695,457.41260412141185,1663.3964756439568,2752.965183810358,3751.072747625275,4809.72395691805,16.10916438464972,0.6966419502518009,-0.2424057165702146,0.08480208487026651,0.021645409517223362,0.053954903876534496,0.09684055089822113,0.10476510155287011,-0.01408453033055422,-0.011907042976136884,-0.05067148925238177,-0.09039133525319706,-0.03487780316743353,1109.5500626968155,-6.035845197628385,0.013665635466664442,-1.8072904850089873,198100.0273290258,836.8502142462412,568.3083668973304,1300490.2221180396,1.011114233606195,32.30759945106921,235.51732758256182,0.08924060713545587,1184.743728469926,4385.915897020182,1219.3116086349394,0.37366547168686154,-0.29434471461853606,0.3540749116467879,3500
ls-2104,male,2,148.63687777973206,407.82157937517854,1665.0688055491253,2502.5922058126603,3682.7383535605277,4836.808754918169,16.8217345361282,1.013155209811638,-0.080870408743736,0.12612104333819918,0.22248714904176953,0.2203589487758229,0.05316708894399455,-0.06570436042715426,-0.06739098117776832,-0.01737768862374227,-0.10331753058311982,-0.1292707177849885,-0.08341439688804085,747.7893328925272,-7.418985984774537,0.005156017616510348,-1.0804611021410597,143901.32082259667,134.55083473559634,644.4526133367458,1245678.1511132936,1.5008981956823448,22.20530555979011,182.83204670857992,0.10298542415874716,1255.3262256739824,4222.423513388208,1068.8215831923283,1.2973334983327642,2.2220800701324137,0.17617322972108038,3680
ls-2110,male,4,151.00663211178204,481.3868953196067,1704.2188026737367,2700.8846997271685,3573.669224210077,4875.686070695518,16.619916254129947,0.7603041040129974,-0.13977123295266214,0.1656005862908353,0.1826619560414439,-0.0327013176842503,-0.002891673064657378,0.08494362902354466,-0.05656833432091696,0.005956674335988782,-0.05726420635826229,-0.06256676278770666,-0.004942149195481988,906.0152517933001,-6.819215838410743,0.008537963426243161,3.168591384359469,184494.26594077877,406.56454810392916,648.2981947669211,1111919.5894894232,1.0010912457318053,19.979989917910217,272.58078632102615,0.0974275640470296,1449.9894472906617,5769.882893153912,1079.1397789566659,-0.020026812699192126,0.785681784131725,0.7383735768512238,5100
ls-2136,male,1,149.3033513070106,408.6642332386541,1667.9840047403527,2598.554734594154,3671.696964290024,4555.235476209075,16.663920078375682,0.8510634993012259,-0.3042215060384522,0.37425116760104576,0.028815041900002534,0.14925267738693476,0.1292787717253161,-0.026798727290108505,-0.007449469142959952,0.05813144099417614,-0.08042974423036091,-0.12970020104072877,-0.02467390269922542,844.6501696007363,-7.179071696693526,0.006684888775756178,4.340615009490863,160248.0166922131,259.64749791527936,591.1867921514959,1064398.138358667,1.1398588067415323,17.264262072807426,268.86953497225755,0.09213882868313267,1197.1752773996373,3976.394919805205,1363.479630005044,1.0532414726404533,0.5355955452403338,0.19169338512532327,3360
ls-2140,male,3,159.11942845848822,383.5128977476131,1281.5680841896678,2687.501275364193,3598.340404107478,4946.605366052748,17.09616314253506,1.1958044757166595,0.14245314852233973,0.30638983414551846,0.26991729062021946,-0.0419990581026092,0.006798219654379838,0.03324154754376548,-0.03275308546286586,0.007321841063802487,-0.03531592485787377,-0.08498695451801393,-0.04534236752642528,613.6341768991762,-8.386715123616405,0.001122686844575083,0.031051697126691813,129837.83494873518,213.82993927489423,581.1071940498769,1261920.9975517944,1.9998648602611566,17.803042831929783,188.72866242388162,0.09155427057365859,1208.4914934078258,,,,,,
ls-2149,male,4,149.75619994195551,497.88081217015133,1699.6464256845413,2438.4173318836934,3746.328168498898,4633.767652769508,16.727633485625525,0.9764393129573906,-0.27068023549305675,-0.056896583737908665,-0.045244178661322534,0.2882763820017361,0.006157299075414726,-0.04418743583573509,-0.035761678559531704,0.0065931556828932375,-0.05328753608489313,-0.07953018206669547,-0.051083135680791064,1044.6166427958494,-7.261023727007365,0.021655000838250053,0.8085589276635633,150821.1321544991,259.786253879525,560.9409172702711,969502.3444709838,0.838149932238291,11.916427999012356,259.82972553477373,0.09709987903812174,1193.4324825362626,4939.942863225064,1361.9612101685088,0.07461949981913817,-0.3573220999537847,0.4725824504984907,5160
ls-2167,male,2,137.22584525857366,438.11435822805356,1597.03575298668,2862.6400221662043,3980.393485245644,4888.586144047606,15.504650750488551,0.37895173411783956,0.209848905441257,0.304545725516865,0.016251874906431117,0.07926213213594388,0.02564282356582246,-0.0168421173979235,0.000009855043175629324,0.019662864217116154,-0.07937217125856023,-0.05113790194193932,-0.03402847455245751,804.991319928132,-4.923211273412109,0.004746292792039721,5.463422515493496,160555.41029708873,247.42214852790391,707.6473903535427,1110420.9602881032,1.1782960413091417,20.019512068610858,289.0983058999325,0.09391993226486828,1268.0096451391955,4684.816625858683,1395.126341867477,0.7460447286143033,-0.2287439308213718,0.3043754861667621,3870
ls-218,male,4,156.29177069214825,425.2304397277274,1679.6529397662293,2683.5609733216925,3976.6753854787503,4817.539499501501,15.700976274910932,0.9422482117840594,0.1803739338328659,0.2607746407426712,0.05944727248667447,0.18728404907745413,0.04400576038559033,-0.04364113838298319,0.006805307524047336,-0.054701731337094495,-0.11541055321261721,-0.08439087561261169,-0.050575521070126875,670.2465287259431,-7.501755863656268,0.0012965781076950378,-5.083036690133211,124746.03659418775,204.46897912623461,576.4577078927742,904957.4759910627,1.0907266490038807,26.660686219033085,181.64968218936144,0.09654131846629135,1171.266473072573,,,,,,
ls-2182,female,4,171.0244412314289,455.62711987049113,1718.598837574401,2835.83175968849,3945.500973154273,4498.248865760359,15.486453893304569,0.48786721226700575,-0.06406556504413805,0.3833864057446369,-0.09901442015656929,0.26033595319792546,-0.08132955335719992,0.0041228521042155335,0.0036350806287546522,-0.14837089739579612,-0.10784785192331296,-0.07845661773762115,-0.026767824888051246,973.3666589223928,-5.8882967170674405,0.011639790529771293,-0.7691746560814985,138844.58322727837,195.96833621710695,614.5106096781532,1196502.24003735,1.2497190539163667,13.074900911742604,161.53944784809647,0.08485992372725962,1266.733369820021,4683.262039872189,648.5390353724174,1.0567284973944577,5.270421079545383,0.21038378432168708,4480
ls-2195,male,1,160.75665631777537,505.5287920724749,1557.9067235519603,2662.935584703858,3664.6251928543,4492.085036988672,16.649185687576157,0.805020919407717,-0.32909952779097656,0.34769006056789425,-0.1357517445087869,0.010910836119569845,-0.026544435006214902,-0.07314231544824301,-0.019451689346980817,0.04366754486487808,-0.11634896678718405,-0.1400376734198983,0.049350036216153394,1093.0212079947332,-6.72039671205075,0.020271927406668284,-10.67702541151151,166029.41197567023,229.72435179671697,592.608528138227,926405.1953108282,0.9529964162243401,18.29626617770837,173.70981483693618,0.0758852285314395,1221.5969633046345,4063.4313205011267,1043.0712326383302,1.2982306504482604,1.8627563868885124,0.16461883418513315,3880
ls-22,female,4,164.0359836132536,549.3162122494912,1805.9204069962343,2814.9720149432314,3828.8407643042,4698.758112947491,15.702319280236374,0.6482147662085104,-0.35570087304427267,0.10396073384320637,-0.020785501780713592,0.11971179183913574,0.027039302902390337,0.06986265130044964,-0.002504591216413846,-0.09996122821487952,-0.08236619507046619,-0.036406654211227074,0.0070393129332714304,1198.7368847462158,-5.8761768040997655,0.03419184985010779,1.9050059535284591,132583.92161377906,393.5111866394484,415.80482285738844,892511.5287168857,0.7095181612881677,23.97705695950551,263.97131334521583,0.08866975686223866,990.831924234156,5834.118962589638,905.4832989240633,-0.7403960891941679,2.977152446319759,0.8743011607266593,5870
ls-2204,female,4,157.30074409676075,463.2311655385762,1756.1699309929515,2990.7213238695094,4032.2031204455016,4764.833989719084,15.01769005205822,0.7952868241945675,0.07540369431213262,0.4586402904962274,0.01012855930505972,0.13515596848384726,-0.020975873943377597,0.0021615639768656847,-0.02033083256963708,-0.1180510316151483,-0.0570733955111862,-0.04612599178698908,-0.043091744991878775,720.9065049222418,-7.154350782897966,0.0025958842467687813,2.5268273740755154,128808.56250726662,239.25294031554978,680.4484498148544,1157354.5769743002,1.2594251471765405,10.035495544555689,177.00577387448897,0.09085393022502625,1359.2085703191758,6338.208309744765,1020.7877688650669,-0.18464482208380054,-0.1476268871776345,0.8922312053532964,6260
ls-2230,female,3,162.14185709578095,712.9169870558361,1797.2100623861568,2689.7141776766257,4006.257846750205,4589.971189113232,15.38393263802779,0.4701851563074368,-0.38299856990443115,-0.09001559457801417,-0.31704445243310964,0.1969551434389845,-0.04309167724515371,-0.09424762774771941,0.030718274909303653,-0.12310592766214189,-0.07737284434520737,0.011733387810861194,-0.0018094027033447695,1573.1236861522225,-5.299153610502103,0.08771632065360771,-3.5307450465323895,87384.55854663606,259.10792360671303,466.3759312856055,634746.1677912999,0.4845237581234423,26.232961248619304,189.38062170171204,0.07907968220812503,779.589950479635,5779.456399923244,1079.6305212701996,-0.2427282815717608,0.009812537602424065,0.7923480671920105,5240
ls-2234,male,2,145.14441004952124,433.6433995952003,1530.8200839946178,2574.112999394778,3638.1864785066928,4256.237970466129,16.949808585082145,1.2946007543351064,-0.35714806701255175,0.4636140253738509,0.008060052256207947,0.1301215749226261,0.048936629421189905,-0.1244444527059611,0.011496970687999515,0.0021599617110692644,-0.08970581231919136,-0.10290037645748301,-0.021426326252410234,773.646218939553,-9.068358009767959,0.005473018873550768,-2.9639387384062834,118456.46552236704,260.89775377325964,629.6056524017201,920499.0863132717,1.2001795371455017,13.813852477022461,198.6769638068929,0.08908438178831057,1329.174589114755,4416.698343991089,1359.9428684253653,1.1492033316156296,0.38516422387575533,0.23939556153287656,3660
ls-2238,male,4,144.86759797846653,409.163156674477,1686.5479093753386,2713.014014240315,3543.3895133892365,4926.1866321864945,16.83684665221981,0.643495812220004,-0.10869133669890506,0.2693616778391684,0.250620069626566,-0.019397454029411433,0.0916485793152717,0.11755039466406417,-0.105231718992551,0.01989173601152862,-0.04148895028721414,-0.09981627615122869,-0.055603956804564335,906.600208717495,-5.917517566536368,0.010013798037796152,1.963578778387674,137505.18272838995,217.84605522402074,619.2932407113891,1011186.6820158861,1.1656716376210479,20.062471353271643,271.72573410311554,0.08676345110444712,1326.4135476098977,3432.9156805356806,861.8028070829563,2.047549335692316,6.426893068703015,0.05511038277675275,3400
ls-2240,male,4,161.7089901321154,476.4486576699387,1770.2677278085712,2386.1213483749834,3404.8473948239716,4373.68380906699,17.75367701284769,1.2227771295167185,-0.5697128656929158,0.02464558212721176,-0.027529543180593648,0.24541495904778432,0.031936622042357574,-0.04036653957389259,-0.04634532092341112,-0.1054925220662156,0.010649292519120083,-0.03227012451840952,-0.07987755189021059,1205.789125464738,-8.700852808703592,0.042988938740069184,-2.961349891009272,141260.06137514694,392.4405247564745,448.00735239632945,1163837.5826201509,1.080215224986567,21.669153816730095,177.63590708665004,0.08278045835030155,1089.3811698153722,,,,,,
ls-2246,male,2,142.81484375341594,431.3494797335384,1769.6350642407851,2655.1444987221576,3642.5841523540967,4564.389354564689,16.51203381171707,0.7499242576387934,-0.24620407815634343,0.35906701554129145,0.053105234279096095,0.18129610235309462,0.03607118507332513,-0.01995803336111445,-0.06712930071306916,-0.03306918512761624,-0.06410137360061387,-0.088273029477773,-0.01579352399778431,817.6536989931881,-6.69501272031896,0.007404237144846301,3.7905704726087075,165580.78110758986,245.20711503738275,608.9836078000754,1183714.2183879695,1.2303907378442815,7.578448319411388,250.17645484366335,0.08746051455127085,1172.6510865303567,4591.550927511585,773.1557368019747,-0.003269616956138501,2.7990945601596864,0.2649164534415569,4540
ls-225,female,4,146.42110329870357,536.3799630515489,1832.9049047378771,3022.6356734498395,3984.5101736500123,4986.705194956627,14.919884504339182,0.4229765355793677,-0.19515418075439298,0.22043305124200474,0.001528111384928847,0.024719632794495374,0.060236300197285424,0.04089130413577357,-0.027250360101144233,-0.10469375318700776,-0.02854329751825864,-0.006776617124630373,-0.03128117597326216,1225.3962179453622,-5.217719523912829,0.02987340334859802,7.414871404816646,152462.55266767403,414.37533295665366,547.240642569581,1127559.8784226624,0.9128859832012364,15.40234379972306,233.19515128578809,0.09185604957537556,1152.5783948448304,5645.027448184177,941.8555388623017,-0.05619081336161437,2.439408635534294,0.866193086589194,5460
ls-2256,female,4,147.29761016414992,302.1194545184609,1785.120234139284,2892.5185666029993,3793.7410369406516,5016.084794755244,15.613196030387922,0.7859558936641431,-0.14873503154333073,0.39980881757027287,0.2852346519740088,0.09576364874762555,0.12422366352038713,0.06535640598635366,0.07068767768791218,0.00042321274642978437,-0.011288317071209836,0.009604800365327104,-0.001559022460141436,645.3426630975105,-7.03196890706515,0.0024986088174730973,9.346797295255856,179059.89250058477,298.0018714855106,724.2563266232545,1186941.0962799988,1.3980464633779346,19.52069636782713,325.17142172666536,0.0986287633760461,1314.3958494043884,5252.085346367513,775.5914578251735,0.21149851612117557,3.9007270975210195,0.7722637762315696,5100
ls-2262,male,4,173.987041834352,448.45518855697117,1628.014359173923,2718.1867971092697,3789.8088097879695,4615.355534898772,16.15404762633038,0.6182835054649316,-0.025123228423960448,0.3150557509553613,-0.06235940722791877,0.173250488220082,-0.01373263428569432,0.013642599932405929,0.004343906400832668,-0.06089538109954811,-0.0846311029150343,-0.09343346908468078,-0.020445952022601778,867.6570202482322,-6.271872748619158,0.005587044107739221,3.1047042177534205,156617.12249164731,218.14001438249338,557.7206598870067,1058535.0141639893,1.1343382560933484,12.994140826930284,225.2250336571298,0.09065344712147069,1232.4399395547111,5717.879746294105,1380.6184050105653,-0.22793155535554183,-0.6506167494362418,0.6973109251757981,5280
ls-2269,female,2,159.01220943767305,585.146991871993,1797.4270267689917,2935.8398586989942,3971.5653891914853,4806.67016399981,15.195860455451363,0.9270919364379588,-0.23016062701519402,0.3018039695496766,0.042558105530280194,0.032224712693021566,-0.011461707377565699,0.027403462427656525,0.045823193979600524,-0.06522628595805122,-0.06259832800104226,-0.0006475858021336009,-0.007185436479249017,925.132748402372,-7.269158967525884,0.00848075262257424,7.970707889415185,195821.23352886672,625.1181650988112,773.6258728052867,980386.812882693,0.7310976550754084,13.906153138568463,227.65291466243025,0.08369024111415634,1442.1637971614555,3252.198946907955,638.746511065357,2.513742069632613,10.238739544112892,0.029801170558014706,3020
ls-2276,female,4,170.083493423388,423.2956417902976,1924.375679103638,2959.896369146301,3915.654533363012,4744.452288353487,15.19185368601435,0.5524646049452462,-0.26216786245240975,0.48437213655856176,0.20947731782775644,0.12474300143242778,-0.03651750794169219,0.000966088030691099,-0.050064159193594845,-0.0901006124431889,-0.0404834588840815,-0.03621808316799635,-0.037916312306655736,977.4488181897863,-5.735194323169507,0.016502849713370467,0.25047689504197695,128459.38221041084,269.86594011855766,581.9241660718446,1102078.358951426,1.1506889268315694,12.41842631640159,220.35012419938462,0.076821047906766,1377.30721555613,3915.536579039762,1017.2891947349616,1.73986135544965,3.931578416368755,0.12791810584187946,3620
ls-2284,male,1,151.52264068816268,427.44938180168765,1653.779071689159,2588.645852813491,3755.059137277032,4856.158381972889,16.47338277741025,0.8176071968270385,-0.05173394969816568,0.12555466065087076,0.12765819284893445,0.15498564183488478,0.03379208401503312,-0.007891578315133818,-0.02330112746205195,-0.022085546149446307,-0.03555828892348712,-0.06405052003836119,-0.04692325401096548,820.0905949227138,-6.95704843682516,0.005220283171001511,3.6476538852482836,156477.9180295654,285.85837784674794,594.6981903814951,1095177.0808804664,1.2073915678007554,19.1529698831118,245.5440878877988,0.09702296739440343,1138.9830091831568,5838.992260718116,1033.3119743297166,-0.2312637373218154,-0.12821852854507831,0.7875473935379819,5760
ls-2288,female,4,142.57606537493456,308.13727591310027,1598.5235507840794,2753.140700026186,4304.988681605678,4878.932151567662,15.04903502009093,0.7515792790649839,0.38027625179495533,0.12654527565085225,0.3036994488144201,0.2615084807696305,-0.03250660545876346,0.14403604285616384,0.05861028361081885,0.034987503657287713,-0.04148203982156833,-0.028506676902320782,0.004832991154744027,519.3370293599974,-6.551886469086238,0.0008857651402573508,5.971608389063654,163625.03347911112,152.01110831866782,633.4243534678662,1219676.6734660917,1.749522302628411,7.837934411976483,266.54011006596846,0.09849886439956496,1258.2900808953186,5870.979823919926,902.6831398187986,0.29206790274837074,-0.10801689057281338,0.88392090554691,5300
ls-229,male,4,146.58432099071229,455.146729834765,1460.160572348031,2443.349009940897,3716.286504828526,4748.706090307913,17.10271261282459,1.4267746389433325,0.16094349831163454,0.04060777239197556,-0.0215984492514959,0.10238689833006787,-0.050068820853826315,-0.014653798156001242,-0.04601778612319667,-0.05224671143019935,-0.07802492702479456,-0.11296690855761572,-0.05868643056375911,683.4030992361843,-9.378992201368323,0.0012994380702033505,-2.9681934465315436,96987.27486965107,207.47599509868448,497.21942368022565,899960.8995056469,1.1683936760777989,15.493346604096677,149.5453536212782,0.0996913198003278,1032.0230167822758,,,,,,
ls-2292,male,4,144.65510637253198,482.94821396248403,1681.3616849947407,2232.289810385457,3714.9196839138335,4540.534275554958,17.216351180874618,1.3376186983033396,-0.10154029903194393,0.05569604759394771,-0.14226160862729248,0.35285642066129974,0.1713872089249393,-0.11207244473141995,-0.19339184436446621,-0.10531687200944966,-0.05098762877609997,-0.05930571965384371,-0.03991409443326353,765.6922262587401,-9.25351945397659,0.007325711385866609,2.4207540222956205,101543.0334486613,182.21405125085238,575.6340780434631,1082551.6252316888,1.3174886486390716,9.792241038897817,176.53985192349273,0.08132349979395334,1079.2019996092758,4092.441400799119,841.2591366638165,0.5806651189284544,1.4598832971236786,0.12712545956122678,3880
ls-2299,male,1,146.2540995422983,429.93015339943963,1714.5869136248325,2488.237626779546,3773.385663844241,4893.881255794186,16.543405661820984,0.9236831566357954,-0.04102813859852291,0.12441864261455486,0.1795187025844876,0.2520030951686364,0.09035756336366516,-0.11147936556580629,-0.09847335857913139,-0.014123729614110726,-0.08410380832302108,-0.11456902536640533,-0.07979472948065905,724.012305680975,-7.536055592735625,0.00506666422697911,0.6621002392605932,121346.8503213793,171.3824879945019,552.1975426103904,1033434.1365200873,1.2601267993036576,10.692510876424846,200.49417000980503,0.09249757460780976,1195.8245332460694,4790.587410535221,878.5950085842165,1.0899109721081763,0.988929927189456,0.3093142066908008,4320
ls-23,female,1,172.4797419449219,584.8951685849922,1909.61684349169,2946.947905266261,4113.587623496584,4843.141719596111,14.746126298942947,0.2688921556896227,-0.21630390138025515,0.1625332049871989,0.12670847553372322,0.11798285231944823,-0.009477762855328637,0.09966320015764357,0.05391440581068812,-0.03828218169502026,-0.08569078253325656,-0.031865194459373546,0.010488820231482487,1049.7056552842973,-4.091346914891744,0.016568822748628288,6.732983251840306,193492.41711303496,1073.242868409715,903.740032891129,1227684.3871934267,0.7095490586883627,21.980527864096903,279.38179942484044,0.08610554693256388,1300.6703226829854,6492.324141840219,991.5798484377318,-1.3006717691908916,3.4362283518713563,0.9364946154743274,6600
ls-2301,female,4,162.08724986103942,460.22129871960595,1845.9828124875273,3182.1589834217866,4230.140189603289,4838.762074000725,14.23757293714619,0.724884881636537,0.11493873756691503,0.356813719146697,0.01598864882638553,0.08621973621796089,0.024536212630339727,0.07684074345639151,-0.06281410654145311,-0.030451084475869455,0.0371807594230331,-0.021365100583506654,-0.008627300237383263,823.7796625263513,-6.536537863763687,0.004385108660298268,2.4278942912388084,192248.81668199116,499.8727390991724,742.6694851264236,1448878.2966973293,1.3468346598981653,17.137558979644773,314.2593903107305,0.09218480885763083,1480.3832185494448,4417.353104123184,761.9390022986995,0.722883091952798,3.4182474759519845,0.35226122068466215,4100
ls-231,male,4,190.0753577791466,406.7226995528146,1585.9366285994904,2540.701001209054,3571.188899298526,4290.742448470377,17.126951776193547,1.0474874334532678,-0.4733626859094817,0.503706285760221,-0.014942096976901268,0.11335553508107901,0.14652579980530295,-0.02881512558518452,-0.024584685304630007,0.07360432972778902,-0.0375656800965699,-0.12143107919184704,-0.02351997220776438,951.4410534540377,-7.886987574971524,0.009595554090460744,5.036034480320041,142066.49002317124,274.54611151278164,599.667717110585,927016.3711206169,1.1742785026424278,14.869732430301717,239.2424193269606,0.09144180152217443,1153.5907631638747,3784.818353048139,1042.7343252255112,1.0723649875288288,0.8166905222727328,0.11619783479716957,3440
ls-2319,male,1,162.54965188165573,334.7389508430751,1407.019140037735,2406.27894934797,3653.7264178364053,4584.266813653245,17.432231766294482,1.2390964001351406,0.1561580878024179,0.42214478662311594,0.0549704596900744,0.2990867904096949,0.012934595933138612,-0.021125349334280508,-0.05925116646721626,0.04898872424492593,0.025310490808450544,-0.09555820682446078,-0.06414194805874923,502.89689856867454,-8.59287150720751,0.000615568703858012,3.2658579016413554,153690.70091528865,204.5277178088632,644.5671130470314,1112254.2799011644,1.8080643005028998,18.2981790809416,227.23055618601526,0.1024966716107665,1314.500589699532,,,,,,
ls-233,male,4,152.48095260357306,510.4377537779302,1618.6907488136817,2651.61880967624,3552.7079850645387,4832.0853672108005,16.911823745689542,0.792284027833802,-0.2980369731723268,0.0772828073240261,0.18890839029536943,0.01494805126755807,-0.13921967069785435,0.041193271196230535,-0.06590057760403195,0.0031183498681067374,-0.08478530234332686,-0.09586612246513694,-0.041169061861208056,1153.3308523348712,-6.37079903821648,0.029977559057408214,-7.330206742118363,129762.84782356316,257.7922648862151,682.0344727267948,793706.2722804041,0.8076515886973333,16.503731134050273,193.97485001285017,0.08508539577120992,1166.331117501391,3470.2270277561543,604.4962493116291,1.300972381454896,6.45235032384826,0.02421959309886502,3400
ls-2356,male,2,140.94926984252297,455.03704927387383,1614.8700367567994,2756.122661244137,3724.730919171829,4526.469420716587,16.27801724756609,0.7872980640620872,-0.07563378348810884,0.45469754240006965,-0.018175500122610492,0.10183843996509848,-0.07524385630698818,-0.024070620637617574,-0.03637805090378064,-0.061491947239923815,-0.044518573923931624,-0.10074396683645206,-0.025567135256019516,791.1444107489101,-7.105265474037074,0.0037301748497573163,1.9206025394499393,173214.97791060485,264.9259275921395,785.8630917865521,1094359.385119964,1.1904076237905334,9.961656756359902,243.67936390239458,0.10171461092279264,1372.497234583545,4625.409228370866,927.503556533449,1.5818304728729533,2.7102538508036282,0.2129764750502732,4190
ls-2364,female,4,170.33375167826836,477.47079327761156,1832.4190772952288,3010.1445400996345,4042.4797778176035,5499.999999999999,14.89596670435009,1.0749768135012236,-0.07419043716824994,0.49952150455181343,0.06765849297312293,0.12255280035991184,0.056430970625415564,-0.04722280862792278,0.0046733606888816415,-0.18395739587661208,-0.09761555451939533,-0.037758435974419316,-0.09458328904975791,728.0931946399825,-8.01577352700974,0.004894051650022321,1.3787133240740774,102452.49705494731,189.28860772613626,603.1191353872525,960140.4252628536,0.9614336446081155,9.983744036777182,171.8138407652935,0.09998833840018026,1279.9254603631894,4718.129272946585,669.2380074466377,1.4215280318311114,7.117300942202842,0.30100571977602397,4410
ls-2374,female,4,158.29102623836303,460.17580723951073,1808.702578278123,2814.243801134615,4135.8510254941175,4942.16535143798,15.025982635073621,0.5600449794627982,0.14197146469503288,0.2925288968156873,0.1028143403088066,0.19304714504941087,-0.07929326188406621,-0.05234164218791848,0.0601753211070625,-0.10280003176262095,-0.06370035203316389,-0.04846179306518881,-0.03365285368579613,782.8465633230779,-5.8088551592515,0.003722074142922487,3.4805493918080703,149177.29112995078,266.9674569658689,722.3460414964517,1083690.3023880215,1.153170181334018,9.973188503640042,232.88181010251424,0.08802254325537415,1332.0391057328989,4264.00487971254,1128.3344226605213,1.067920390765391,2.7759592678131337,0.20167934430482554,3860
ls-2380,male,4,169.1346581484268,481.72827659668565,1481.284188909786,2379.373641702732,3110.7490348109723,4679.428901345926,19.04372150935547,1.5273223885365415,-0.32588179142528967,-0.14416693033906355,0.15393025968637244,0.14021176521112536,-0.14386573859515028,0.0336987189136292,-0.009932019000976882,-0.008245415130902095,-0.038170259612524265,-0.050661143452978244,-0.06957885357603856,936.0430686746826,-9.696042214926152,0.015802716203542896,2.8887577280828096,119407.98136271814,227.51958296668138,525.3668502038468,845898.8173211182,0.9481423190358912,9.933768584819287,224.31116719613345,0.08942138334368799,1024.0509371315072,4433.2108784382635,815.4695806793931,1.7114715160741067,20.403902010203765,0.14651876647143133,4050
ls-2391,female,1,174.36220364979448,451.58177307835854,1756.4476465618654,2809.771016399995,3821.692432621115,4747.712057683406,15.799103560902461,1.0534480430723057,-0.1295082616041679,0.2748494076119052,0.06273859872911111,0.09841946824732177,0.028403395795059957,0.038855966006054975,-0.04840984568581703,-0.12441411921952683,-0.0919779292784824,-0.08403015058096215,-0.05991391882797049,780.3730366936859,-7.7026447131436875,0.002888983961165031,2.1476841134019615,93587.41924567384,147.14717734356543,511.3597546595611,878260.8662998162,0.993694879898486,10.717902075524558,159.08676638711214,0.0919097375543532,1150.778038778712,3879.5949605168526,795.2895439121096,1.4984555681884868,4.313651441968143,0.09152382598984556,3760
ls-2393,male,4,153.55011304318705,541.9661387267835,1602.4653971728358,2774.099961259699,3609.87229930008,4303.669163107687,16.545270369178713,0.9386493670462206,-0.5236654107635382,0.4641303607785548,-0.06417515344039693,-0.07892103937005865,-0.030398387003909108,-0.04159457120480361,-0.033117890581166445,-0.07841614927843851,-0.10880659977271137,-0.06882813617293077,-0.04325623465590131,1232.1944183477794,-7.404251690719738,0.03330351090514216,-1.2991142251961016,123123.97075870245,195.294751884545,624.5142845642525,794124.9773162557,0.7892392551522049,23.683464105779514,207.7377566808139,0.09351697611058846,1277.726195412692,4062.9038793995205,1159.3838453860678,1.1677929814747803,0.7687570696601278,0.20446609854005446,3320
ls-240,male,4,138.9016919745635,445.0883520001946,1600.2384764905155,2616.219851945215,3672.032578945038,4499.682247064621,16.723307860777403,0.7725908646118063,-0.18936478714647623,0.3536350950372858,-0.07578495198616253,0.1410693307802111,-0.016438661368197976,-0.01748978631922246,0.0027209057520005664,0.013197149779871652,-0.03765996558539976,-0.11544456076827345,-0.017818974674266543,895.1001089575063,-6.743352342957227,0.009284951530939334,3.132362717263531,137730.13686059805,279.9715821375396,566.7528387917848,820345.4076525052,0.8984906519229638,6.81539031340052,248.10442744629916,0.07839025456603929,1224.1496622838417,3688.1230444419753,929.5138765203449,1.6039640403865758,4.354833838033803,0.08637298454168241,3380
ls-2401,female,4,179.02566624655162,517.498686562688,1768.2943864626268,2862.447325092009,3781.2001398191132,4727.63012183201,15.777969602130495,0.6596181304861903,-0.20377661208506115,0.48519049532239406,0.07227065518524994,-0.00514715400721853,-0.09654780457739434,-0.10059722440629376,-0.09516197001437365,-0.1405650857956956,-0.15125458527497676,-0.10782259569758951,-0.07652137314868948,1013.3045802356933,-6.273008164952207,0.010734980205991482,-6.700575633524997,45036.823503117266,117.6712398198508,705.6611657763079,144693.79272494727,0.14506509785021424,20.315382456478314,136.70852620022404,0.0803959169837698,1274.994575824625,,,,,,
ls-2405,male,1,142.85550493333272,369.43790376509213,1356.5193664327417,2603.0379733993054,3683.2072333531546,4974.585228477379,16.999472193910343,0.8477018180674608,0.19592332555930092,0.4295372463962874,0.3134736142515277,0.10266374519198743,0.06057036312006273,-0.10627481115783884,-0.08504969721147917,0.10456151855877015,0.004977392189149223,-0.1382889346770592,-0.05497031377158424,534.9587680154135,-7.041973990735171,0.0006662090787822498,-2.947314587448478,129890.37063843517,119.96857648645573,1197.168098124136,786345.1062956601,1.116067416452141,20.08136195467375,128.03323752340842,0.07624775357956878,1486.0874206883652,,,,,,
ls-2407,male,3,176.10614983295721,496.9892334686735,1474.062249070405,2582.1301463741493,3669.013565331254,4793.1906645865165,17.071192170607453,1.197699714819203,0.0807289775189168,0.11339143060285864,0.2013527973209238,0.05329196780300437,-0.1843202554768822,-0.025135738731124017,-0.10788212318922123,-0.07595931377653116,-0.1034417764731147,-0.09382696160795422,-0.07720618042554357,796.3862355663789,-7.9325764594101535,0.0038327928892846674,-3.461470487835415,72573.0449604788,159.90533802127175,731.9488873907412,482599.0108082064,0.5502913612425808,16.92713481207535,174.98138095456565,0.09715135160180666,1134.5531491515528,,,,,,
ls-2416,female,4,171.62529107899957,536.805034289431,1661.099716649888,2795.20615207285,3771.883131775465,4589.994867803353,16.023946478015,0.700470471951087,-0.3012381424096451,0.3077930499564013,-0.08438411890407096,0.05334497235107822,-0.1089238941972081,-0.04567573786692601,-0.05443106730022814,-0.10246624949635828,-0.08398042552365138,-0.06912661881408487,-0.01706869291643265,1065.9496827120229,-6.439415261672824,0.019135899634953032,-1.008669664758686,134448.4396241915,241.14305705416132,662.8501310139523,1044913.3756896748,1.0324758608290745,9.244383364980681,165.16220759542756,0.09330582523572203,1309.7892184460347,4773.946934531288,891.9690017309536,0.31443995778195877,3.6570347746299774,0.4351455337976322,3880
ls-243,female,2,166.24634759419718,502.93947662703386,1711.7371840325145,2818.352190478784,4120.67258135714,5499.999999999999,15.133232711228187,1.4249143178772274,0.05826008062580593,0.3258573147762249,0.17246168989252686,0.1570765103882618,-0.12578154543054876,-0.045624778069756435,0.05968474882571547,-0.14569943222120937,-0.17365920228331178,-0.10911156149951745,-0.07024419620073269,671.3512786352433,-9.119253346279748,0.0016989039071974741,-0.34447884800861023,54077.73164030645,134.1311319394578,751.6867679530803,905836.4849082873,0.9812836212736719,15.703402483508544,136.59836455298725,0.08953404563543628,1277.332151300769,,,,,,
ls-2445,female,2,171.84499514611946,452.56481601841887,1756.6762451419818,2778.3058780376177,4045.2627825817854,4820.0322716443625,15.338982214816088,0.3881218009790831,0.01198419675923687,0.09594284930853342,-0.037626035636277456,0.19748934389162942,0.07830142928636466,0.007085946953895486,-0.01672515726212148,-0.06730900519337837,-0.035806105552614875,-0.06690998105931246,-0.027008714513621725,1124.1967654651432,-4.780179489499011,0.019596762438262742,0.802588374665777,144005.00677166064,365.4756918050828,544.8714667828759,1203017.530849793,1.1155374353969632,12.372455983047224,218.7899331024526,0.09192762580786609,989.6656128849737,5624.814747281647,711.874382147728,0.21650643591640045,4.674050969571112,0.887294993222287,5630
ls-2448,male,2,150.70750475623655,412.7334373970652,1717.549906584286,2863.5256663298387,3649.7071772924987,4499.865427087414,16.19054430015496,0.9098252603630521,-0.31748333389254246,0.5192358171889357,0.1016073695386583,0.011915472045121287,0.05678044121392624,0.027025613784704992,-0.01193163552743877,-0.027577938170871265,-0.03581954088946424,-0.015512449133962023,-0.04033039570159393,829.8635274539272,-7.670355373203513,0.0073760017076755675,3.88617946374852,176604.82755366465,252.22446231006143,773.5671593234515,1173224.9934922697,1.2824459897739193,15.496865613324804,304.16665541742213,0.09910727474487713,1391.9314587533063,6234.982244289865,1077.2540459916609,-0.2638172592556923,0.01630403367839739,0.8375942433774973,6360
ls-246,female,1,178.4708600287599,506.4257013204198,1835.1844894931423,2855.209251304796,3921.5938450560343,4842.86294496494,15.39615812308819,0.20254118164441398,-0.17611127694677337,0.1951952008572389,0.0347214309102165,0.13824335257526715,-0.03892849223855995,-0.019731835508961643,-0.017772846800153317,-0.07310467900951807,-0.1270183653183644,-0.011506119564360342,-0.015721209575061505,1398.4652088242703,-4.554892103720787,0.05225722002392542,0.5342650339583597,156931.93186695778,293.49168013009285,594.9353770515618,1164912.8449990302,1.0164218291391722,9.777589225772708,194.1575408223535,0.09490187405589487,1183.551116487962,5182.637184417599,852.3439513557755,0.7889627886023352,2.1323181956702912,0.573253275187396,4940
ls-2481,female,4,175.18825675828685,661.1825320455068,1717.6021069318226,2771.5921456951064,4045.767016603857,5015.986915027425,15.340384625012762,0.35724943923152597,0.029041192555089003,-0.09680683283398996,0.08762145469168649,-0.028485899402700476,-0.1324516904535713,-0.05572891726854115,0.019128055522056046,-0.04117472081471517,-0.1316737212873384,0.014500380480442132,0.02897144278325739,1354.357888222199,-4.716190150224412,0.0418989286205,2.653349701953889,162011.0994154205,323.1323247475576,675.1369813982716,1015750.6353191475,0.8291823990419477,10.64502252889853,226.35450058263723,0.08779175674718655,1439.8871998145664,6172.074234293299,911.1989221891489,-0.21547928685841636,0.24616414982550583,0.9155948265885062,6000
ls-2488,female,4,146.01028764694766,399.10974381072776,1675.0671947434441,2791.0525025281536,3927.241953991743,4661.874404876518,15.740968165051846,0.7687663937585838,-0.10028245681005848,0.42638311613449165,0.07687758842798097,0.145599069478958,0.03223117954549427,-0.03070875504727696,0.11887486290900645,-0.06377194934564422,-0.13534537534802266,-0.013689210898298089,-0.027330065877785574,807.5773375101863,-6.940957228253325,0.005374739353231885,-1.3560310664953934,160362.77907248988,253.14142709656585,645.0009407951546,1350460.5207208453,1.5696531829177143,20.64079464278533,196.74809566037572,0.09206187575414129,1248.3728274663927,5290.7655846112775,1112.713804388131,0.012910642181894513,0.639087668212079,0.6825316566535102,6360
ls-2491,male,1,182.0131654491709,488.1755159036598,1604.0675980461756,2756.9253476433223,4079.0478339524966,4763.506651465434,15.428749233495854,0.43230391180198513,0.13883487273252337,0.06181739771809677,-0.036517815036196,0.14466788242195436,-0.18362845587585905,0.10904335814834155,0.04965038685600074,-0.05608198521385133,-0.11159335508784919,-0.07819316881393526,-0.022066742528196542,1202.0517791569537,-4.5048558705832615,0.016224297586640162,-6.774896677217422,120832.26213557537,197.80560778305232,559.6358103046944,1030585.7639327351,1.1029413391065925,19.906648490447218,205.40228097528632,0.0870973569369465,1016.2112213187563,,,,,,
ls-2498,female,4,177.1382142304604,558.3428356657413,1787.4914313234412,3044.2640147178918,3874.8557708784447,4663.40125944857,15.224557013234598,0.2645779436451159,-0.2221399198128146,0.4228040254055339,-0.11297832412676079,0.05120303958330613,0.02845866035612749,0.04178693777324519,-0.052986311420381814,-0.09309030963471751,-0.05163740134810691,-0.019699774539367006,-0.01173240069626082,1182.0614972678407,-4.375269947259206,0.026957895529716086,5.658334392431426,165972.6603786581,388.82010930381216,545.4685607998332,1098045.9009660431,0.9569822097072953,10.50872439504338,254.1334730526262,0.08545355952142655,1096.3205835684307,4371.215404423356,1074.5669293987823,0.6850118769107362,1.5830556609591289,0.2548655695161395,4090
ls-2499,male,4,171.77873297199633,445.82939889099714,1604.357482660337,2401.4309844226536,3709.5842678162467,4834.103160950888,17.015058059752796,1.0856488434545235,0.039876350972141934,0.1764025771038714,0.02264048500962581,0.1467644458906489,0.14791168386099862,-0.11980687191201811,-0.163983356186149,-0.006956675749970397,-0.10641134154306683,-0.10647558929667844,-0.05210632622895103,781.373023880398,-7.7865413135730215,0.004498476110680971,-5.098170677725656,78103.80853613334,154.29147365554522,615.9610946153563,866972.8371687985,1.2000306874211013,16.277864118585754,183.58976906379644,0.09204049781727411,1129.497447007241,,,,,,
ls-25,male,4,159.73382740082178,521.536255353694,1605.6445929444385,2643.7999160303284,3485.227126224084,4706.602962692488,17.132269105261024,1.0369766179456534,-0.49302044101638476,0.15365049677645015,0.1388998864014301,-0.04367385829340416,-0.04186059295193935,0.001050323417420731,-0.07146642339276583,-0.014114598646187656,-0.07429812513310595,-0.11730139052339289,-0.011833339537809677,1164.5593383520302,-7.951522216570426,0.0359706083963441,1.0380065757423975,130140.48352909528,252.40136149720055,523.1762212207137,885050.788592899,0.895419661105585,9.569072661170189,182.24396180031354,0.08281739562016566,1202.914001829297,,,,,,
ls-250,female,4,162.14763983514106,513.8341327368752,1680.2112414999146,2816.819889033076,3944.7380737096437,4797.890655651847,15.504606082994265,0.6360946317840408,-0.019720648249059305,0.1692820686678218,0.05570366480356434,0.08457440274445671,-0.10258280230821218,-0.015148011619264396,-0.051709215330568235,-0.1331439108087205,-0.16570426156661328,-0.08283919221530739,-0.05304399206918352,954.4478327693296,-5.8006842698686665,0.0072836546942978905,-2.776218887608197,59241.44894903792,116.97444361622027,473.83951617143737,449512.6368130561,0.48068887922683246,23.935170503791788,137.6388869750996,0.08402473041502356,956.4787752753552,5257.016505702402,882.315049294938,0.11787861766510498,1.1926895149133854,0.5650403792750187,5080
ls-2517,male,4,149.02162640871035,464.2044309100761,1526.8372166922536,2634.007991962839,3494.354916725354,4651.090515822212,17.262266524190647,0.9049597149552817,-0.21438946328272454,0.2781975436019021,0.062293530543893104,-0.019589311138179702,-0.07378221751672091,0.10753210939963043,-0.09583052061506156,-0.03182803441287543,-0.07692487734914091,-0.16001298362592964,-0.02195553758458962,994.3325467701881,-7.445824759734869,0.01307105112550663,0.21558638426536397,128144.18346518464,187.11872437697227,551.9882278113523,892133.4057370233,1.1097363351652696,7.785799570807758,197.50029893052118,0.09364995064021545,1182.5661955619983,4787.125033114042,838.1038852676562,0.615434724716365,0.8809555191126421,0.3488979187635518,4450
ls-2526,male,1,148.92226328510853,377.67049571115245,1635.555369983603,2566.192592496332,3761.856348535358,4574.689827401345,16.536067725557967,0.7316299437074183,-0.163569345013979,0.4264986223255677,-0.08538383710653384,0.2602719851447672,0.17221195617305204,-0.002124012160557841,-0.010382200743869061,0.05380986504875323,-0.0829139321288333,-0.10537597951792356,-0.010277166572962997,695.4363556025088,-6.804660022086096,0.0035244222730934647,3.5099599976689406,164375.6022701468,258.65902352626404,528.8120057892829,1015659.3598543024,1.1756305581316637,14.157718839365838,242.67314558715336,0.09414862262133353,1046.239771923203,4681.314873188826,808.0937718864285,0.8493910858354903,3.3220083851740627,0.2598206913337098,4320
ls-2533,male,4,154.61516864200055,846.8179686362881,1838.3918784177022,2924.107560038025,3882.4659584655583,4653.807604764736,15.303718546667401,0.35552906737422535,-0.3349743701154788,0.15878360603799402,-0.19899494651022556,0.041224637314903716,-0.04159473415885506,0.01778780132729797,-0.04875952944092293,0.036588190021085945,0.008260897529176418,-0.047887315609861994,0.021224219206765232,1474.8834848825768,-4.542356620430503,0.0680495918064229,-1.205905282965487,181186.62662622787,451.56268937998135,756.3558273618286,1207021.4839014143,0.7267302557265589,13.182633466636357,284.9656935904434,0.07808944422109779,1154.5306217929324,4722.796013615765,1281.8395635131694,0.9200182100554692,0.6273523441892803,0.2735601127168009,4230
ls-2552,male,4,154.9403786825614,445.3913144984784,1659.6632586312505,2558.2242031364913,3505.631457437459,4767.410737080804,17.244089260689584,1.0894764483802184,-0.14235394094201945,0.23511569176833808,0.3536495718229181,0.14239636563041902,-0.08903427349734788,-0.009693707969788768,-0.1259997727773254,-0.03995577867805768,-0.09878387328474134,-0.15494819942071386,-0.09594512416508794,825.1542212941237,-7.7175801554472825,0.007726597524026159,-12.963035129769677,79082.05298378118,123.573863624924,775.908576106306,1130166.9741042615,1.5619272968160707,21.018605941631378,185.77369223015165,0.09013143592297043,1404.6160231854394,3607.637721859805,1115.3952733446938,1.3704820679567233,1.2084254816297255,0.17384264344362932,3120
ls-2553,female,4,148.31181875862333,664.2870924454882,1927.0625645357707,2795.9719282319443,3896.487806494447,4644.772006394132,15.423297974099821,0.20613404933878365,-0.30399925130501537,0.3404253119980645,-0.007084129981293324,0.12001692314236607,-0.06940445350057839,-0.0355419733718748,-0.007461616913795782,0.0518513545107564,-0.0733164548210953,-0.042693195000203216,0.03896167451210535,1221.9559595571577,-4.263920357137188,0.025691090792416868,0.7771733838729005,264413.97969319316,969.3723760965431,1167.4073718132522,1176950.6004329962,0.7043622195175718,22.609428289087568,226.1562623518671,0.08849758006107236,1714.40465032285,4886.181265583582,1234.0493313649386,0.2695426972204302,-0.39218670030055036,0.4812431061787875,4840
ls-2570,female,2,173.0026555053937,577.5448064524369,1579.5611323602534,2786.0825112623666,3963.8544554620703,4787.036722430388,15.64337624961191,1.018656525995881,-0.07349033589580634,0.17090965371921363,-0.022618010394338355,-0.022625564379154386,-0.1329042352556967,-0.016248179409105064,-0.001278441218927508,-0.12506325535839247,-0.12044840854223003,-0.06918984009735757,-0.06166966157652273,965.9710570866285,-7.667017169814784,0.006804991992968623,-3.661623312511981,69221.07461215738,199.30495482966018,516.8008314872548,488715.2511104033,0.5051404929366482,14.12812244982469,155.27076178709024,0.08426655869371955,1041.714832172849,6222.59690353065,942.3453583951143,-1.6593940447071724,5.552422841743935,0.9249118969609293,6260
ls-2573,female,4,176.4403564453472,581.7419192593875,1800.6560916654898,2851.9165471538436,3732.631068827519,4852.520426737451,15.792633179628023,0.5577328348748811,-0.23104495942245407,0.1950231992278923,0.12927413439606178,-0.021039764817730913,-0.08890886688850935,-0.0487326155644778,-0.1739279959737457,-0.17050774295549473,-0.16777765916711418,-0.08897559444069211,-0.04665746041944057,1266.5035205992822,-5.4774501752284745,0.026776240905875163,-7.483091221940234,51224.973171183214,149.46731988320943,622.8069401833774,217007.20616399797,0.19993986521332882,13.888635255638498,102.23648908624472,0.07930041533793264,1126.6330061140152,,,,,,
ls-2574,male,1,165.292356041927,805.3650588454207,1583.7064909247208,2585.038860078615,3482.524678740071,5026.131266295039,17.149116187007888,1.0712953413756119,-0.2843375924525475,-0.22777620700012055,0.09551014759535817,-0.19816475917068868,-0.14298292226601148,-0.03326288935644649,-0.03573544169155697,-0.016133805150795495,-0.010497876885995735,0.0008779217802153949,0.00046862199182653747,1218.9459727496164,-7.811478535204846,0.031109175475394314,7.76458442759397,135268.93763130755,287.3089150887531,570.2188294439936,834064.5974541001,0.6219665640524491,15.136479712492076,348.05577843140577,0.0753121362182009,1164.8841632363053,,,,,,
ls-2581,female,4,151.26743542820608,597.2756814938655,1668.3405967243393,2720.3928147898605,3692.9659111285046,5043.786621742882,16.262500852835792,1.2169443944853289,-0.29767007777038623,-0.026012593454894567,0.09084218316761603,-0.04490958455870854,-0.04833409088357648,-0.026539246165175993,0.009546233908835213,-0.08464934410690733,-0.11926601633562012,-0.0315386708787513,0.02141106861146745,1000.1940468844651,-8.809322933658095,0.015501958440220934,2.555008871156791,135999.06828668556,303.451467234533,505.60382918331493,1050194.1496485665,0.9181331641917823,6.641209893829601,185.8424558390908,0.08693980072032008,1089.8170229505115,6151.728992764426,1216.5715757243947,-1.0240766446044482,3.642382283901851,0.8560166185090134,6250
ls-2588,male,4,145.83413504933105,453.0101666245031,1676.234094063686,2705.1250826540363,3794.2396676345084,4563.1634824748735,16.108141912191723,0.517722378935169,-0.26959929856260273,0.4038467027864552,-0.028362956777063682,0.15152766821523883,0.0029032412416873173,-0.03186181621084699,0.05045564111459325,0.010870132720641894,-0.1066123780005245,-0.06582715405145682,0.0020203866813885054,1100.2035078403765,-5.852302646571664,0.020496180216439466,1.8048895445465885,191946.6969448552,307.59155705978566,674.873264139494,1167806.1113650803,1.196729381429773,16.535982090630142,261.21204635145443,0.09871225362689577,1422.8906066196091,5008.625399501506,889.4926113388224,0.454090541438842,2.347254324097004,0.5523119090254034,4990
ls-2598,female,3,173.89647303909442,457.7258307464151,1579.9309219129245,2796.907862200893,3924.1900325684396,4891.762205013357,15.919282322760587,0.8826057719294396,0.1665441434251909,0.24258433180560585,0.05308947243067598,0.07023412977828218,-0.06975744299347136,-0.029196544685697975,-0.01713722629738654,-0.0844314429276382,-0.09159004797043376,-0.07636346717315166,-0.05701443721713184,825.741657843055,-6.957833065870764,0.003584999508407619,-1.9952941401741313,106785.33862029818,229.37244930649996,596.254782043419,920429.8716336634,1.0885552437404273,12.460035192956969,162.63121900937378,0.0982094974151983,1286.971769681795,5311.829558696862,970.0115563032169,0.08072286623662686,1.2207661245079926,0.6986282842379251,5000
ls-2606,male,1,152.718580850247,569.2253779888092,1801.5249248319278,2696.358431158079,3890.540319552407,4620.925592075077,15.742339818439032,0.232056372649889,-0.19939806810666166,0.28390420077651113,-0.1609184998744928,0.18571193248963924,0.004299206409952645,-0.043522058288595726,0.016328173240375967,0.06452372048585649,-0.04586670900975835,-0.07880883239236916,0.034068039848398096,1437.7833976383722,-4.416720622254028,0.048669606500733695,2.8280773255224068,214776.08146028983,596.0809594918549,811.014891607424,1440846.625582975,1.0368051016274302,24.32026137589728,366.06926795602465,0.08710187373351756,1336.1972092510744,4253.307508357014,1015.6612244149752,0.759532904639683,1.1950334287163624,0.18055709069241094,3800
ls-2607,female,4,180.67554766464434,414.4842663686021,1822.3063118695127,2971.474419910124,4288.045175002808,5134.368377682549,14.535006959877506,0.6808475926023083,0.16394045138776842,0.22717186268551795,0.20294429853714174,0.10766063403232706,-0.09635531731351471,0.10253340995829538,-0.016000514751503835,-0.15435955996924333,-0.05482918320941657,-0.028607876557331803,-0.04765467530382976,860.5440681335481,-6.162585238823018,0.006428929766990306,-2.7549795578507785,141155.58433175398,226.70737475669523,748.6625730956763,1011559.8160734457,1.104239975861541,16.806114206677293,194.21590044209302,0.11151073341029985,1402.1000645592937,4524.191680004458,1029.1180601436436,0.5135305920967905,0.6810527816672829,0.2964444432374781,4400
ls-2618,male,4,162.0206370914687,426.2066126163353,1594.374935222536,2638.9762737553147,3792.2411279540065,4524.972131565264,16.39351658622045,0.9799154183000564,-0.1467521273217201,0.29580402681945706,-0.06356325079466443,0.166230098770798,0.06919771770934878,0.006359795934774548,0.03864908722002346,-0.0449519532681181,-0.10089341345363985,-0.06332125527530932,-0.03985441060143998,860.4050545059888,-7.575292377097671,0.00417483262539615,-0.9617577613344361,115494.8607446161,257.26451530674706,432.346452300994,1101242.3022642406,1.3036406059760328,21.01997007125961,197.67228020571198,0.09547028284399495,955.5342656554546,6653.782907485367,1510.5322677418994,-1.3098452191518928,1.3523338684521473,0.7891522016688559,7380
ls-2624,male,3,156.43329721219393,376.7440289497757,1707.0754601438832,2749.1655028485184,3886.368362674038,4928.323451128727,15.86818709243313,0.4846990566120542,0.08731851721856902,0.2868195302097659,0.2051437626379847,0.13087145697108163,0.024563026214477545,0.016740055853151754,0.006883365013247256,0.0012449295116643915,-0.08061613719108006,-0.06927818145333683,-0.029512250859028807,744.3371877028767,-5.723387094005549,0.0030888472148724,1.520462151594475,161375.71627350946,234.77367046268847,638.8197152912126,1038655.4814404547,1.14052667443906,25.460801828140188,275.87217155639485,0.09666034027177502,1283.4618217961531,6185.416193079232,1142.0978280504269,-0.6263594517999457,0.11547555302309287,0.8654717753719536,6800
ls-263,male,1,143.30369302458948,709.8172162646198,1774.6523391354933,2616.1570509525914,3681.412967767434,4978.484875306658,16.375381578619095,0.7440090600324833,-0.2946802133042645,-0.0074633225192883785,0.07967181540526434,-0.026982658910071275,0.08331368459818105,0.021020450393659827,-0.09566400122451504,0.07478837453832626,0.017862281169113543,-0.0694048839473398,-0.0227525458872665,1138.2395639386493,-6.5596480599125115,0.03271486755098663,0.27066138442202065,163554.17483749113,666.322316610846,714.7578629970426,704103.7224092402,0.4790212767113925,12.48188794258968,339.55655017240736,0.10111757255982128,1238.43580061633,3775.909962817555,723.1991065004179,1.633272167276472,6.045369768048275,0.06367789730154569,3560
ls-2638,female,4,160.82235808125083,499.3349375563063,1629.0110481823097,2609.714099709029,4002.56894228676,4952.991118461305,15.832745991319918,1.406603462150993,0.15865428165333312,0.11108626994953538,0.0019066024687406907,0.1571605193868763,-0.018969295055160578,-0.09605959548162162,-0.0002362448907244449,-0.058103637026195254,-0.08170075453499163,-0.022164465763632415,-0.011174124561967456,638.604876376533,-9.35780980684547,0.0010635903605321706,4.4543249664393905,92689.77028711908,321.20312374817524,585.99076943966,724602.5686215905,0.8174078354526881,12.732506982549964,190.53733951677629,0.08895258641516328,1074.3325872060611,,,,,,
ls-264,male,1,173.99265434833205,458.31539710235666,1861.413936943944,2856.4530739093625,3860.045466669467,4766.256811311665,15.524296409196321,0.4259145878333858,-0.22088758806808487,0.14873933091004327,0.2017403864144095,0.17682084475001145,0.017469016126079484,0.16842885460992008,-0.08227179846683788,-0.018732041199613723,-0.05071707258797782,-0.05280179462629014,0.027408287395846293,1179.2924099545319,-4.484737980626415,0.02946222572219316,5.489846285322164,259700.6243404426,843.8589639885049,719.5932082592574,1260262.87484913,0.8857452194621606,23.36594186655413,457.08031074183674,0.10486943779909128,1566.9890278762077,5132.514920518856,1164.022020847997,0.2822919981007966,0.2208851040300246,0.5172550574698592,4960
ls-265,male,4,173.3691262673175,514.3429689061772,1754.175250998117,2934.296681912542,4033.1564744618954,4665.2455527088605,15.144615582215456,0.650175850287285,-0.11993778655537164,0.2889573655971031,-0.09170788985046616,0.0640632280942063,-0.16390626038090025,0.0276037682645984,-0.05729146906538078,-0.1506105645103109,-0.055375271587439996,-0.06201800807564101,-0.04237951230090223,1114.506211034619,-6.161648977110258,0.014302808742244186,-5.466222822624239,110982.39036196146,284.943959843918,699.3681152326255,1102586.9326237792,1.0528630367387986,9.798310177308315,128.10541792156275,0.08709257858399058,1356.099960757866,4758.367849292841,755.3500268912692,0.572880991173973,2.6855482887897058,0.2671425721787219,4540
ls-2652,female,3,178.8587560289124,492.35929016124686,1640.3926087795023,2712.5637721475364,3719.421805902604,4414.982478128644,16.32825878770533,0.7897270714284739,-0.3007114782577686,0.3095968672854519,-0.13447538270959786,0.13183244596945357,0.04676353718604046,-0.03145627093763013,-0.059464213676464345,-0.11482892149498507,-0.16343243504217325,-0.14885490123800715,-0.06226400972931251,1095.7994584350922,-6.974208989162472,0.012668685825808847,-10.177887998396812,48410.47888681075,96.74736679991247,406.82967209389835,404007.52287651616,0.4459513286857193,11.388993886592468,109.30320305647469,0.07820628890089999,802.5598361151424,,,,,,
ls-2676,female,1,113.0408005939295,638.8138005127228,1857.6740340446197,3011.982101948306,3978.8722521805967,4781.100022969808,14.962181657536428,0.1517814698579555,-0.20051951624209574,0.2823881734554444,-0.08187639298327891,0.14213203862550386,0.0827651954958367,-0.01054559807690429,-0.006908955629894147,-0.11464425437779491,-0.08392080832393957,0.0351418817815198,0.008429125196620925,1387.3223450562916,-4.165687818922376,0.04439061322147272,1.7165937949063594,278744.9992419578,517.9961905141865,733.435842685534,1769244.9275454204,1.051566912446471,25.030082383444928,176.44658110821717,0.08590085584989422,1610.0895954463203,4529.11724863419,839.8394329267512,0.7544303865637838,2.6962491913166104,0.20480316278325672,4280
ls-2691,female,4,152.3113574694175,450.50662898582027,1701.8006160457994,2673.903605654528,4054.1678841488665,4898.299896629276,15.60975588694199,0.8273463556919847,0.4165076466031074,-0.11286648171694152,0.1508174910532762,0.19670736974503497,-0.019984306188840437,0.08157485567704204,-0.1400145089174792,-0.047041626484652724,-0.15248075977276349,-0.04261127129075666,-0.04372476428650526,791.7690754507095,-6.66766453041687,0.0030320569065005873,-5.08068309143345,72744.95259168276,150.00615039999124,520.253769084411,973233.6426775074,1.2578878689669875,13.306117384725436,134.18669518953283,0.08739397201152997,973.369167659782,3871.8885741786507,1152.055164137824,0.9042865937482891,0.056475334648427244,0.1634426092924171,3140
ls-2694,female,4,173.157894661112,499.7195958085841,1677.8743652149399,2638.898071903238,3870.035167193596,4638.82211036985,16.0877907312176,0.7218063769554972,-0.20034302760099548,0.30570504622708405,0.017605421186415095,0.11825323070891944,-0.05570084054136226,-0.17740988569921973,0.029325914434522215,-0.05114243161508296,-0.13506036580158243,-0.08232790515590314,-0.056048678662784596,1080.033053554574,-6.380702760841828,0.017476203186277295,-6.094777924977318,73461.19740139229,247.73081343772293,632.2439510354806,423140.77858149534,0.46102541878417314,17.44635825868687,169.66493022155188,0.0868787385102523,1196.3732925210923,4104.321030282061,714.4583067597546,2.4928745675487733,8.763328249613952,0.07256276107544196,4020
ls-2696,male,4,143.14461350629182,504.7483971483493,1757.2534737063231,2593.46255555683,3758.3606786651444,4364.500382824406,16.287789438197514,0.7123058973886331,-0.34475233053669785,0.37020790464593145,-0.17348628103943936,0.2593852286150985,0.13058276233163885,-0.11116191214995437,0.01303789100406227,0.009599795546366675,-0.045498967083847985,-0.07696730479139857,-0.009059223278436567,1027.0209481413049,-6.262875336481846,0.01807772082088558,-0.11618628586606167,195508.80001873412,415.6753158723312,701.2708821436968,1066848.1210331707,0.8410414830906925,22.56014296884716,256.80354203819695,0.09465603122681454,1369.2331838118935,4115.936865527332,1036.9927172887478,1.1306930254850736,1.794530648992768,0.14331158676068412,3590
ls-2709,female,2,180.68090940828966,522.8374814935521,1784.570817961947,2713.9101312697853,3769.5783467369993,4644.184051894394,16.036761739466762,0.7081873754490084,-0.24658331839015352,0.2001583848502519,0.000904695069257281,0.19690553229435737,-0.04723982307059324,-0.07334611674356954,-0.13286746045562955,-0.1851423438148232,-0.16738038092707735,-0.1240599113203544,-0.05783669913971247,1096.748537451208,-6.119866006907543,0.014420567770697027,-9.26904737095806,37702.54947667759,110.05075132145265,396.1406594678981,149373.7947412003,0.15525904005047528,12.232976676519911,92.33982355065847,0.07491984824930392,946.5032912439808,4092.884053553609,861.0847981665592,1.2627708626720273,3.0754803990524042,0.11473896523836703,3840
ls-274,female,4,169.34629416515332,439.3498526218792,1694.674418604824,3050.880738534931,3975.0752524776026,4798.3883909245,15.165300447961048,0.8179625734065856,-0.04492717814284404,0.4856744999082659,-0.07221115044284351,0.04339294764069704,0.09441783520262809,0.016117181875052934,0.029407457563313096,-0.08842717993336877,-0.03551547936022482,0.002844014490084106,-0.042353050517646096,811.7647026354575,-6.8643717128678325,0.004937657071158865,5.839885085975709,155026.7273760643,324.3741126196784,612.5874767310912,1117678.8756262586,1.1888386628962997,10.019859455866689,239.45170588611666,0.09302818225259628,1328.088946915227,4560.138875520355,1105.7339456370319,0.9982446940786593,2.897935181544374,0.27521127578192234,4140
ls-2748,female,4,146.15691329102282,406.0862237670665,1645.1403379874414,2764.2778836458046,3870.16014970741,4615.032885977789,15.913397481159706,0.6087052362931404,-0.1355924413734948,0.4754735922730235,0.09463675293354855,0.11453515889983103,-0.025993474965811954,-0.06296994141285304,0.08646502436789988,-0.01211499365596139,-0.1063105596066802,-0.034482368319525475,-0.007916631468419892,889.5449670479771,-6.636562619224889,0.010870793052754554,0.6163759953425187,160281.9275312144,235.213972827668,750.734221405833,1038847.347138053,1.1782485614249008,14.093518770310684,247.53354217967433,0.09005720964059108,1338.160308707138,5825.156608806767,893.8818723324275,-0.5424508740689399,3.626379651173126,0.9235309412196062,5620
ls-2751,female,4,171.6068545507247,647.3522947494458,1916.946075738701,2883.41277870938,3897.581215990099,4759.252685116671,15.29571610380448,0.09627159987215178,-0.39049844797971583,0.16553744575850754,0.025744383132821624,0.09931207426809421,-0.08509930939544061,-0.019791063033958077,-0.03635779693179181,-0.028051122476870877,-0.0792985305574514,-0.018331505271246065,0.014283300105151029,1619.3977899519568,-3.497811221511597,0.09944218425019948,-5.632075071550335,164231.19996255168,478.6421057892343,669.4318370862512,1029198.1571750286,0.7119339790625806,26.922550298176287,273.61353901171805,0.09047848882766024,1253.070972912296,4203.667798336825,943.2201626083139,0.6789359129477464,1.532112220458801,0.25966873223147086,3940
ls-2762,female,4,192.7066983997872,535.4567535428585,1791.1400074938106,3024.577649986009,4053.312100471523,4626.392617918643,14.85976770390407,0.27860346499293287,-0.15104572002694094,0.40266858450026305,-0.09744066509588177,0.021533343534623394,-0.15113568691340745,0.029596324164764376,-0.05068870757259733,-0.16343056538089218,-0.018465544278987167,-0.00264106690499879,-0.0014467233250409388,1247.5571524021288,-4.43226947113085,0.027959959419802494,2.0678128175236252,179149.09544662235,360.0911305736057,734.547284324948,1534150.4818461305,1.398601021909252,13.413758177082492,201.86318186770387,0.08385433041916686,1574.1773785792261,6303.233640120925,967.2738032352405,-0.7169724257818745,2.0664393759732187,0.9235416223251147,6210
ls-2769,male,1,143.7900461702491,442.90834298386176,1562.927611277432,2589.4020193796596,3550.4508565203973,4168.839980692807,17.120153814650102,1.2338744469669156,-0.5509342086718946,0.4845120093652848,0.04319259960186911,0.06532404896977809,0.0897491393627829,-0.08753964116541815,0.02640794539236246,0.0802312219573188,-0.11393445929311487,-0.1220244283523965,-0.023993773828124853,836.7244975482282,-8.947112228568145,0.009457199762728689,4.215698968336359,148060.6990180828,271.00565181875777,514.1814557734015,1280431.5021810455,1.5664427221371313,15.656606017444672,217.8770264987222,0.09378751485035353,1242.0559137342127,5823.765391598097,1226.669890296827,-0.12586470416237988,-0.7365890538040092,0.6784598508364806,6320
ls-2785,female,4,172.646298040555,568.9081654919548,1865.1486214554502,3105.6882935414005,4141.658823413682,4787.229756097053,14.506334257513029,0.11642553960709026,-0.0819195326720816,0.28694405969696396,-0.004440032736237186,0.07760081052881887,0.03183038707409691,0.08924680773444932,-0.033691133638624235,-0.12047529336772742,-0.02700919658788191,-0.01785772857016233,-0.01064276008600769,1074.82525681135,-4.006649881565808,0.015449152743484837,4.679240420969879,173530.86406873626,434.0496144700322,540.0813065164415,1017257.152888705,0.714591941056473,22.186182521017752,305.47074372621034,0.08971505053565729,1292.9314546663863,6066.131023767675,1035.7082179853792,-0.26512731904394826,1.4505012317189752,0.8907422066772601,5900
ls-2787,male,1,138.80945692435688,418.8950378836731,1839.1209647683486,2728.417395734605,3655.8766476389583,4863.267485926106,16.272048659796827,0.5898748031783657,-0.13205231258460462,0.21084685078070417,0.2827051812970683,0.14768457398457385,0.08162510500727158,0.08805342609401516,-0.04754423679183611,0.06880131775156896,-0.03806293301306718,-0.05290650364490517,-0.01450003343042177,798.3110316940476,-5.779443945791824,0.00646172039468676,5.820734778170607,218283.22165427948,444.23227314000457,721.7505971975311,1288343.4098967428,1.0999852453063252,23.229288124807063,327.5992184187664,0.09971931641985002,1310.318564202563,,,,,,
ls-2790,female,1,209.77340647763077,566.7711585993723,1594.4306600324753,2526.4877237604887,3582.4098180438923,4665.985394980429,17.06945530651486,0.9230164300767801,-0.21304471950012563,0.09743786922956625,-0.0780712594073125,0.03372970417414249,0.01698333763002556,0.03773641940058804,-0.12969035899976303,-0.07681750206570756,-0.13538937666086695,-0.12300475706681573,-0.031222913647325688,1032.1707163060719,-7.547391980556076,0.0065060854515059975,1.228823894398558,26887.508352065568,174.54659695731823,386.5032543170471,,,10.962648264452653,140.39803729708328,0.08576330991163446,636.2467501026204,,,,,,
ls-2792,female,4,164.36726862567343,420.27650847773083,1759.7064463796378,2829.421707627059,3966.5597764487966,4538.5784540425775,15.462204880180742,0.7774728135459008,-0.15658801702138653,0.4455436413420125,0.16063889811470378,0.14952039393226535,-0.16758955854324747,-0.004541011434008181,0.10758995228935772,-0.12660170748958766,-0.0834255911299185,-0.0904470559911544,-0.022116594071637852,904.0330369651912,-7.266883386070817,0.009207696078242622,-2.7664719963551523,127111.65869810704,250.47497879983817,983.5802751750749,1086046.680437692,1.211414059007311,15.124622466494658,183.48158383470206,0.09062664024408278,1444.415266197498,5734.048721442194,1076.7702125083383,-0.14071485055171232,1.391436703866224,0.6686437244487937,5430
ls-28,female,4,157.62348147785917,469.0511694574491,1868.0260078362444,3033.877429813753,4121.38522181106,5499.999999999999,14.704357806810185,0.9758263083417628,0.08525551818305671,0.43911155938434954,0.1700010185912627,0.11973567797666404,0.0353552655659621,0.057336050675473565,0.006986713833422604,-0.07506422097042822,-0.007063129561131426,-0.03131613456539048,-0.023084898718087533,618.2461489776343,-7.457123490476898,0.0014209738282653524,5.437096775238066,208366.10532991902,390.5388882063313,749.5917292133254,1498769.6115262709,1.3912125431108933,12.848358399322356,306.3741641798406,0.10540205897866438,1467.2756788842303,5362.1074224415,1014.6068669128078,0.2942988601197236,1.694701593463544,0.5865863790371046,5010
ls-2812,male,1,139.72678254739714,493.20720917223423,1572.9708070381778,2583.886370020766,3683.9366949399437,4722.178468339593,16.73531243455163,1.097825517236515,-0.2227059749536729,0.29379379751754475,0.11347311751506026,0.06360300523964924,0.03520924438402876,-0.12956822450113076,-0.02443754705272056,0.059289930062109905,-0.08776888493223456,-0.09365256194707874,-0.0053531260678909105,805.0313051074659,-7.986787561743534,0.006106969789207975,2.759245618777593,179327.123929916,291.0001337601262,841.9260601689607,1021345.0002551915,1.135249327807061,6.871290393661766,230.50734280106442,0.08292710135098848,1513.069900079835,,,,,,
ls-2823,male,1,156.94757841052902,475.90135802925215,1510.585976559099,2392.8168851253645,3738.1858730087233,4707.249269154968,17.037929397647886,0.9170863631291081,-0.049542061297757164,0.25171595404333513,-0.10192983361474854,0.21804311275384353,0.13217386052139707,-0.15664747899971532,-0.06780243039521146,0.09344854759786893,-0.13756979516929604,-0.1435274417455063,-0.06655687288748366,837.1526624628498,-7.09261595209467,0.006888072340687686,-5.295251921700292,95120.59648058919,169.86978050328088,383.96441113481546,961678.3457981969,1.266018750486352,18.674312467715968,144.64795351818617,0.07760312596231944,943.0645691861248,,,,,,
ls-2834,female,2,173.87452723921862,499.4534131724415,1787.7848276488305,2826.8075173892576,3908.243499035449,4914.356185687913,15.531518314928473,0.9002259603078071,-0.1495027948037852,0.15025933913767076,0.1776761073761479,0.07319271680791142,-0.050888676175038866,0.051434634416140976,-0.03137892000781591,-0.11326326775615808,-0.04985744908767947,-0.02481691879085417,-0.008369944914753793,882.5543366100835,-6.830449020025794,0.006604970533388122,4.774273558042198,153488.26828969872,344.70426929532323,595.9627654272166,1193990.2119327635,1.1952782692485469,15.87927396980605,203.17626774941277,0.0870721616807314,1376.8914897776162,5342.072491216688,1108.3180900712614,-0.7059665008310032,2.9962610262103953,0.6814635223621703,5220
ls-2853,female,2,166.070637893364,509.5628650580205,1709.6308709801774,2789.6212030382903,3822.044838844793,4637.453817788472,15.86207748361133,0.5450823998335577,-0.1953234544021048,0.23822413935284234,0.02211171419485864,0.13005119876075777,-0.07790222052022688,0.001273258832237648,0.014694870315127014,-0.04834256893796099,-0.09126477149793732,-0.06906944454024852,0.005043813923257887,1138.1343605823101,-5.528628879166739,0.021073382459384917,2.399276880939169,155295.65590215888,332.1885071018156,710.2383688930411,870154.7577499663,0.7976938743578543,24.55772568838355,241.20382529840555,0.09588386782475684,1328.147764618329,4594.369739743539,1055.9090865938651,0.275448253404754,0.2394192737788201,0.46129106631371775,4250
ls-2854,male,4,151.27802783618785,439.780742649143,1613.5937316929226,2675.06609044962,3672.771724737362,4465.178241533908,16.474064737056985,0.9131731077391678,-0.3999514049919909,0.41653932944332284,0.07544692143142273,0.11695098875437146,-0.059445493961684935,-0.08969575465061239,0.059153360025714,0.010039567273947354,-0.12133623038658903,-0.11795800052635003,-0.03539695846283279,1001.1656808307123,-7.427935772058545,0.0144681200329186,-0.6350559201398704,121766.8080790267,204.48629010682527,700.4003596996041,823449.623699809,0.9571649613983629,15.152377865228683,208.40851119010964,0.0935732792995616,1302.0164839456988,4615.519191271424,819.8976442025277,0.3528453387567542,3.1659800483145792,0.19029944282910188,4490
ls-288,female,4,172.2463678251928,575.1039910445561,1698.8484505497718,2675.5236396559676,3508.517143756091,4336.414066362733,16.888117618722372,0.9044083632544875,-0.6141575834552944,0.27062562042310384,-0.023165312752461652,0.016071727508306186,-0.06651168090835807,-0.054411606534292244,-0.06247651976936042,-0.13664002123249055,-0.14781605034088346,-0.10246815002240711,-0.07164224719797474,1316.9236654311167,-6.9395651844654385,0.04564459001172645,-4.021434270827879,50419.13937364223,130.52071435424284,397.12103386501246,570619.3935772353,0.5628341908139758,13.42757258589792,107.79555098793884,0.08364272752292815,775.8837101605361,,,,,,
ls-2882,female,4,162.56386020367404,598.4985035793293,1947.653527172215,3000.789281671348,3997.513297827195,4852.829032481739,14.859308799251188,0.28500550378084955,-0.35264586956588495,0.29864540433292097,0.021283836956497014,0.013855294449937694,-0.08408625633317682,-0.048741522844634726,-0.0375161032002383,-0.1281529032639468,-0.07507053540437242,-0.009817884956332278,-0.034382920711613,1436.4114463859996,-4.810456453316571,0.0684224695870946,0.6132062507795484,127445.83355155471,295.90060457557564,697.3548459355657,863895.4292015692,0.6959702536045136,9.40274612658692,174.47125583597833,0.09081105113396337,1255.224495573044,6091.267265688957,776.2738124177589,-0.10347553699388781,2.4381936004251434,0.9583147734945627,5720
ls-289,female,4,166.86174288323775,540.1325631790759,1884.9562030221311,2991.478803067803,3869.598007323424,4766.2850217841005,15.237673178281284,0.034139319165510204,-0.3124371192324814,0.34652224567020706,0.03153844928264742,0.0725492201476926,-0.010051112314603584,0.0511919576009104,-0.06270264142513322,-0.06097515761472319,-0.06186237226847302,0.01639724784463799,0.02000684408512788,1493.8169135306623,-3.7043535518372,0.0836807704373282,5.322422984226522,220412.37678114336,372.2703639752127,571.8790651239607,1471473.1546070732,1.0877348955298183,6.892204135537324,292.80322000347144,0.0958780844769432,1406.1392797904496,4701.870132287099,739.9184897999437,-0.03510358816088478,1.471669595733026,0.31677615066924025,4660
ls-2893,male,1,147.71224463043635,435.2887635191227,1780.4249410738564,2817.634019823135,3653.478915151691,4566.060719964845,16.17550138471485,0.6869248477277657,-0.3091275191171072,0.40654702242938967,0.1479751155705852,0.11476154027057348,-0.058900284100986154,0.07221518490197737,-0.0051054136611660755,-0.09112674749318239,-0.058568953762832825,-0.06632273116435235,-0.04348873613445836,948.5852437304195,-6.749069424667358,0.012070235918634124,0.6965517619236096,163305.08539882972,278.12675601883495,646.3799351447133,1240486.0821223522,1.3203168681192814,20.919402831425593,211.96461979751962,0.09064944944007593,1396.5215645244814,4965.562185916369,1012.9779976493205,0.5538213799953823,2.197707577572759,0.3470774598494779,4580
ls-29,male,4,161.2073752112094,372.83548603812284,1742.7504148698742,2774.7996594253327,4004.2611453983322,4913.632284276303,15.558152936932451,0.8145459843580244,-0.01585192102415744,0.24022678031030753,0.2391838204906721,0.18920220279552744,0.024752429090945563,0.047616087290461726,0.07398891413011947,-0.04539767181263366,-0.07687822856708659,-0.044777600227449005,-0.002241618346324786,679.7580167380834,-7.15275977204687,0.0027236759455991607,7.505443163840399,176698.77444053796,263.58567028393503,579.4623641551142,1140499.9317197395,1.2145177552604758,18.838509003658327,260.631000128599,0.10822224016993198,1293.181501552829,4892.711482990422,837.763700221889,-0.32607424928113793,2.264139920502529,0.36037035554263713,4900
ls-2920,female,4,140.32866494427583,535.3819264439634,1786.3358179716242,2909.3393533868084,3808.7153925300872,4875.153549986517,15.607103320529532,0.11761903538187289,-0.13649161440650026,0.2640024444603151,0.0535632985027656,-0.028751053851334564,-0.007706683200687948,0.043813261233870374,-0.10861709136403513,-0.06613591929876883,-0.1629087434707044,-0.026946272306805373,-0.014479927001669723,1423.309965952039,-3.8352068542635136,0.050174866381148576,-1.7786305843119927,130304.6586044855,194.831339283186,496.34103499423725,957212.4335726061,0.8829670494858205,11.93074700544501,198.00607784488307,0.08689542174758352,1197.554735019687,4750.878567291734,1026.9426284537908,0.5446200990665311,0.8623670390387081,0.33831529149753964,4360
ls-2925,female,3,179.39944129663957,596.8809880897458,1588.4770717848319,2779.780463648007,3660.7174591949897,4413.006346534898,16.58505286435467,1.1100397182556379,-0.2529390085869991,0.26079784860024674,-0.26816802503594883,-0.02607941654545156,-0.18097082071212775,0.01974826280779154,-0.03067403658315264,-0.21463069815283795,-0.05490202559294945,-0.0698420761026202,-0.012216810198880889,1167.1140277568875,-7.678215084263746,0.01301186864095541,-15.48139882217739,67433.65463554372,216.1327311059415,461.8282554877121,579685.0852096926,0.5792995321576748,9.238188340166992,82.65304101780532,0.07563484223638198,938.370975177817,,,,,,
ls-2946,male,4,152.04096362968352,464.58666157235507,1469.8954533513236,2574.683443548674,3773.4313365175944,4684.9616423510115,16.647912585323134,0.7996303720845206,0.03879186092673617,0.1884942208029292,-0.06599891093717196,0.10135552657390925,-0.06340668990894596,-0.07127632280935961,-0.03173401132373925,0.07385223971555789,-0.11486269340771367,-0.09373867153673153,-0.023140558769777077,890.9852855543447,-6.62174184810784,0.00624517070312375,-0.34971153532131255,95281.6266164857,207.3749880998958,440.78839821859435,702947.9326513177,0.8891123489175863,7.348797804727079,135.1852940019679,0.08312489060724537,972.0801572031518,4584.992041305482,1110.8822571316296,0.47231128400176975,0.8790491195871057,0.2577186521780883,4360
ls-298,female,3,176.08167740109943,511.8124651729089,1772.313382818667,2780.4552341772524,3921.435052545734,4528.18009905122,15.643319775031294,0.6496033163530714,-0.2963332267079432,0.200783950878995,-0.051961825728977375,0.22255640209531338,0.00440556644027046,0.0008837698366475865,0.04207450484868525,-0.1078347133711245,-0.11709762054644628,-0.029639187301915424,0.015286053828690173,1149.214027252262,-6.094384865962202,0.020302532935551735,4.093505508333305,152079.7642684411,277.73540728590734,456.98921440957974,938274.5385301663,0.8210782227809625,8.47610657057428,262.35374644416714,0.10005551857260372,1077.3248457697973,4799.436736379281,1283.852420298122,0.19084195665080905,0.7355595487117648,0.35663388066707224,4420
ls-2997,female,4,172.82704301139682,590.4887228067007,1816.2399755721067,2812.593933103385,4165.976994916712,4728.54911212542,14.941571715593126,-0.0023458306209640234,-0.19181051117634773,0.09136410664742414,0.06745152816143492,0.22025563033251422,-0.3204879820533121,0.04572810393691764,-0.05175254374299766,-0.12424024919571318,-0.13648320640276115,-0.05771625226565051,0.06027873369020931,1718.7701725757347,-3.7405744756326484,0.11706065755917483,-3.393837675446487,109457.29350470257,251.94324908099048,567.8474666128486,1130427.1458790926,0.9605540216694567,9.932708512236225,111.3974345772552,0.07281109252086858,1287.7198532792622,4767.323517275883,909.6627133770944,0.34752440882512736,3.290159619841025,0.37235316360334664,4690
ls-2998,male,4,152.06409690028664,369.49117873394067,1533.6858004978485,2881.6107322402695,3947.0997659319974,4806.573627112219,15.53775813324803,0.7890046649086024,0.1873543912712445,0.5072553785663603,0.15048259568699346,0.11051312817488547,-0.006172486275477207,0.039258787116276714,0.042886007429224195,-0.04332394237176454,-0.05946424173365532,-0.04340333257646449,-0.036343660979288574,587.9248544171793,-6.640339930264167,0.0009251273647894911,4.71392880345889,174602.54215625033,191.59059947331167,794.7629463078721,1162058.5283523179,1.5951445079051885,13.04054663349153,269.0645829317689,0.10336804686801504,1433.4703638868073,5155.990234708679,770.007644460129,0.5227010182659692,1.9962892662854776,0.6039979775786484,5160
ls-3001,female,4,183.01504383078677,450.73824141171747,1673.6510611795554,2650.4484752791204,3810.12276956071,4948.1892980998255,16.24705283563255,0.6050760759596372,0.1590135524426723,0.02650083332405126,0.25267449472337783,0.13683153193352887,-0.03691825305615307,-0.01972152684525775,-0.07631435985958929,-0.010623778388414612,-0.1778881797913867,-0.07691581345822177,-0.060496973368979926,782.2794506862056,-5.6613223025601895,0.005744840261610009,1.294938985513311,87526.89147295001,148.96217407256947,584.8688465401502,1156063.7456148304,1.4746666489680476,12.604283184810456,97.4202120880697,0.0719045690321477,1125.4755743202122,5148.323924513481,741.7191098076578,0.5157258274926406,3.4591438052172534,0.6069141759772599,5020
ls-3003,female,4,167.86007806477392,496.37093438916327,1950.9235689303036,2978.7897412349525,4166.028781539321,5499.999999999999,14.56458454801999,0.7625260982671013,0.03751913792429899,0.23578346405433798,0.22674844721467147,0.10560035798211284,0.04069833109437572,0.022392851407886084,-0.029479864785719394,-0.06445587567946111,-0.032872498971627195,-0.03908800171633306,-0.022239875631242814,799.3966564589325,-6.777708277171472,0.004786644710520718,5.942302231350551,229835.14128131833,672.616679064601,712.235682201883,1141863.9023560525,0.7966469594797013,11.043415511609261,269.97710628315525,0.0865573415133638,1630.6518467836238,5564.834074234919,263.8995019319566,4.319484230034382,50.14830706911307,0.9947964983047312,5520
ls-3008,female,4,142.12904779428152,458.11982963984025,1788.2932637783083,3038.562860965606,3975.0783321456483,4903.755994063276,14.983729299069932,0.2764413979469557,0.13938253196295194,0.2789204424569829,0.24651873685075876,0.01357290193123595,-0.09071096371047015,0.054892344971372534,-0.14849689871593047,-0.08328042212392994,-0.08554139784469117,-0.068475117938287,-0.09509601028360204,1027.851255044763,-4.663272837250051,0.012293729031538681,-3.5977145807837667,89281.59202525168,139.07382361277664,797.0192744188273,1008757.8565781374,1.1404333612740025,12.061274719882416,186.58716776605507,0.08723577633253934,1398.9643956037398,5704.976476637872,868.643912032499,0.2606984580395935,1.1402649530304236,0.8500074316026738,5620
ls-3009,male,2,147.94613785691402,392.3352203436056,1534.6544658063021,2465.0770568908847,3517.7617132594023,4600.687897303113,17.530360408863565,1.414538839806935,-0.30050441155356944,0.2554454056896233,0.1442072228334864,0.1346297408009356,0.10296967152756326,-0.020824996070244746,-0.03562942242200382,0.04746282857365522,-0.04647987216002897,-0.10380132102164655,-0.06365585001863805,675.4940561363007,-9.324822080914549,0.003119324665380086,5.105852702727696,108855.95712126764,196.05200087081337,520.0274212022191,875440.1786141996,1.2409463382202863,10.152162112521125,164.67737418936906,0.08352971656571095,1003.3564301635109,3846.114351592735,1105.0263083059394,1.192998864951639,2.1748654362275053,0.1435409692003618,3120
ls-302,female,4,173.03117087415436,482.31181614895866,1586.934170664606,2718.0873489852474,3995.8703743523483,5187.811405560115,15.722550863760459,0.8011421639153976,0.20809236088785438,0.1333797006828813,0.0860911679614055,0.047187516818747346,-0.03583726011431108,-0.12263261106336568,0.006332094384170258,-0.09163936493623949,-0.0886584369759362,-0.07333113986744998,-0.02466172544037585,837.3789657184723,-7.046195956093218,0.004438849455980547,0.9713084974805681,143835.56427262616,243.23145890388497,763.329343706764,1219757.3277680678,1.3775838339827122,13.755871143648534,184.32612963539344,0.09734012526179732,1387.5054248567171,5685.0576636354845,1080.6916954677426,-0.5076130472330361,1.6241702137252658,0.8025621064729984,5260
ls-3021,male,4,151.19824393295835,484.980240277135,1625.8072316345797,2667.166777845525,3467.2620020203303,4511.621996554774,17.0435417807075,1.0848403238182585,-0.4004060900616093,0.3378137844964655,0.07869337491367215,0.05129480927892156,-0.032796099994013596,-0.003826162603469834,-0.09673310899429918,-0.10928800446458134,-0.10396484197551456,-0.1208151641046965,-0.08352554182332678,994.1194484066955,-8.260606159980021,0.01338559739345677,-5.389390648083559,72741.75528953061,179.6453062561309,570.8837807810369,840839.6953148295,0.9679207174947275,13.532358583957524,109.8700847425834,0.0931431885714211,1032.9971656462578,4543.400957076534,729.7478042922578,0.5753102002152037,4.952221799427073,0.19188373320827556,4400
ls-3032,male,4,150.9196854797006,543.0546808561764,1587.7745811952434,2774.732007755615,3551.549491036787,4717.5269884721365,16.645377744460774,1.0395959548971687,-0.4155462668507377,0.3239247223841255,0.09015427028326638,-0.14880405837712743,-0.022015895075882523,-0.014743031078925719,-0.12502746663730344,-0.09402925103443727,-0.17165913978761943,-0.10776560893614011,-0.028061730242450247,1132.714878873428,-7.616219287728735,0.019703133893000005,-5.4517663500004065,59533.511717982256,109.72028548858108,538.2568411432595,507652.16389610927,0.5783361768637381,18.633900111658452,107.24323476951432,0.08269117863237097,995.7612955884526,,,,,,
ls-3045,male,4,143.90804035077585,447.74414425755157,1733.6361296883929,2643.429955847603,3648.855130104036,4300.271650324359,16.56585899113368,0.7682726773803159,-0.4008523336591584,0.4031928312716106,-0.11724120565170555,0.11855928208846694,0.1935096568208282,-0.09763954383013389,-0.03275884585781234,0.013075235002797187,-0.07318264387347481,-0.06802583836941702,-0.019430565679382818,1161.1941327435934,-6.504902346554484,0.02596483179291479,-1.1675272691742116,118739.65358143843,212.92435197893064,540.1967455215841,890875.2839392715,0.9775235059553289,17.69376587206462,227.22950048022315,0.08832314325237006,1024.3246816636552,5465.061488012121,1035.0419401281938,-0.30705508379481045,1.2356010170281564,0.8072102891601366,5340
ls-3046,female,2,169.43502406625637,461.6754194684051,1731.4100695312104,3072.3281431503774,3807.0306334649376,4886.110758759788,15.422781088201006,0.879093687025882,0.020014575621344406,0.41520641482482784,0.07079124769076452,0.011400141161528422,0.05382326869563741,0.05907683760852028,-0.11887226270880827,-0.12425308057265894,-0.07416533314165176,-0.08888587974718057,-0.07025938990692754,730.5660906956454,-6.921596049640241,0.0030789336036109644,3.2278410443523087,112887.03329010689,182.09399608356932,615.8797447326664,1012760.9305678275,1.147256593669598,14.106217082151062,176.11011167257612,0.09396270623899142,1257.219373954376,4163.415420728614,832.8879902501808,0.6173325186292727,1.3975600479135568,0.15554376902541112,4160
ls-3053,female,4,186.4044027080063,435.5766350450541,1853.6063983086524,2784.247069545303,3990.5851673029288,4950.4860208341015,15.362745557178076,1.0371038295785868,0.11354222254236734,0.242792042775476,0.08581094181958862,0.1765221138146893,0.059231471872724616,-0.022341410091198624,-0.07209881178484369,-0.126753764085074,-0.12365696771370874,-0.05052170313961656,-0.06253007277477202,712.7643391954732,-7.868971056103561,0.0024222295421618446,-7.2468879840082305,73221.38251356351,183.0614525706979,559.65760812075,817469.5114939152,0.9504444104202094,16.610056745384217,160.1946956138044,0.09186964891060329,1135.6711803989574,4197.66030519373,452.50915653965484,0.7560415534359342,6.641996193241055,0.025895960424602515,4020
ls-3054,male,1,124.27690983731432,508.53970321223073,1586.8893723240135,2569.401664792077,3711.319522562364,4648.847192951262,16.668385361615105,0.7026317967542779,-0.24671722332840895,0.23030693995597232,-0.11413446237551388,0.1251913044570002,-0.04562557559222777,-0.07012090094565179,-0.026847341790619213,0.05834705008887979,-0.13856811732818078,-0.14685229302429803,-0.030839593131591708,1128.0527845680049,-5.846731074622884,0.02082036637988851,-3.8334224881938104,75951.9260683565,180.85231069937765,373.65258704153916,847065.6212930047,0.9745158812437006,21.376865317685475,163.57452205513522,0.0731999679318961,921.6217057080071,,,,,,
ls-3060,male,4,169.55349070098652,368.84746610019033,1750.3095316792128,2674.5813980101743,3675.1557363380525,4915.7751718764675,16.42536331132616,0.9042906532217871,-0.2112273199805415,0.2656677471618371,0.3057677909334962,0.09421016005276639,0.09331596338643386,0.0018388356555233275,-0.013318730358912026,0.034130478514378004,-0.04832392971230994,-0.07331103605793313,-0.02504373710160089,837.2872878102705,-7.2504056536504295,0.00789456070170945,5.820414069149476,174684.89737103353,205.7049520345409,686.2207178579271,1079472.7380155423,1.2770005378332105,9.633961446651131,215.42879883870512,0.09683868648004601,1326.2796565898298,5192.662767798321,1018.2008714721928,0.18795707073104173,1.2119128447915353,0.5424184970003335,4740
ls-307,male,3,169.08656986998506,488.70500062925026,1664.9080457333323,2827.7084987379176,3670.7531733730316,4648.701270563824,16.229717094140526,0.6983605846031321,-0.41509668652418985,0.37481818490136576,0.09690828892030787,-0.055471373670183115,0.01566332443447959,0.02335044486811043,0.027540092438292495,-0.035550501497415,-0.10880832488103152,-0.03927081691891824,0.03162334888115263,1148.7564306571064,-6.313521923705762,0.029375515031173763,2.9564331837416997,183090.40803576316,341.94064306464986,651.1116872296857,1101054.5512977932,1.0740188518764926,16.971689353150342,263.1308060352894,0.09266274653200082,1555.3717901907366,4656.686532614792,1234.1881744816494,0.0679030228310723,-0.5986950264602668,0.46565453599933593,4200
ls-3070,male,1,83.43922040994133,422.50465228702296,1159.7018008764082,2623.606202059321,3504.6293615813865,4107.680417637994,17.688659409275804,1.2929904563528918,-0.32340152432227,0.8889225505965599,-0.06790204574676668,-0.05603524142190455,-0.06231496966241811,-0.12164962462197361,0.031073640863517608,0.04202493557999295,-0.0569421528166896,-0.13386872370547223,-0.05387877729903731,600.8741335938065,-8.972255598670024,0.003022878668006368,0.4571497974838773,16982.810844758165,59.5739502620321,390.0771378432447,,,3.1802134870683316,94.09064638154882,0.085305625909044,541.0849098889299,,,,,,
ls-3082,male,4,144.31292325137287,584.8100051613742,1952.5457114282603,2825.5382848337495,3797.2129399154705,4907.3204506250595,15.689161952462678,0.2625028281817649,-0.37337081506583725,0.10218448434697984,0.1015755791079295,0.1334123415961792,0.12005297728041488,0.02089644311026309,-0.0695512268543482,0.07190112264780013,-0.06436166463747499,-0.06013776625234875,0.030576592676569057,1458.880515825327,-4.3731992863716265,0.06980630030298937,-0.7154445192675314,204333.9143993188,855.8450912306422,641.2540259183207,1171339.4574997264,0.6780886580844521,11.00950045848204,400.7288038745337,0.09649544413316473,1102.5996130502272,4974.396915729638,1091.631595965891,0.5872134664875593,0.3254762895629846,0.42553741551444146,4510
ls-3083,female,4,159.01067556356173,544.7576999057994,1881.2851129274566,3095.3702798168806,4171.983158987032,4835.237588516027,14.438933298146054,0.6146434221452293,-0.1588043851019058,0.25125142703813985,-0.02767559903595397,0.0647333712618459,-0.024347127277560818,0.011879600535233022,-0.0451316739471075,-0.1361128286133156,-0.05033267404101223,-0.04518005265691459,-0.06652958256166579,1061.0220758086184,-6.3628739903230285,0.013552873586015531,-2.275716578580286,152185.02615569474,375.96280501097885,655.2709028984034,865856.9141304804,0.6711987189613758,22.658072360044322,215.3976822591855,0.08693127823458864,1301.9079353163147,6059.298803887571,929.5856219019998,-0.5808237490195088,2.7937879566093247,0.8989960837130414,5890
ls-3088,male,4,164.58029228516082,442.55111640343296,1747.3339236336933,2475.489657654498,3593.186978730547,4796.439802478111,17.10869770859989,1.0937110786619286,-0.19324735886331512,-0.09808034193341708,0.34641418437334826,0.3301287532218657,-0.016345709269582585,-0.0021774391279292494,-0.12123473282612743,-0.09714503901319917,-0.10981399232984812,-0.11357634528199914,-0.09426245519977008,914.5572802973456,-7.50603868334586,0.016451589999808683,-9.015774787505658,75404.70708131292,83.5907743022785,346.4110295121362,1089507.834059847,1.2954737338122693,20.36154503033059,162.13143744937128,0.0861038882322091,824.1918648235575,4687.883039810157,902.7140177393867,-0.22405203206325855,2.6323459580357715,0.2457407822189099,4560
ls-3090,female,4,61.76212897195302,747.3210441183709,2034.828012152988,3037.710759831169,4277.829024824707,5023.056530600903,14.150286198216223,-0.1491821282802206,-0.01155258475005401,0.08008493423761948,0.07725915380392814,0.08769949541503799,-0.06971033504948476,0.012834244539114165,-0.02421972359363958,-0.15117718400856917,-0.034885896943983544,0.06973115401419769,-0.014207737727247764,1157.7626212659447,-2.793407910734955,0.01762952252255681,6.677754354790095,257885.7710183336,905.2617036486238,1059.0813324152823,1377120.4047406309,0.6376819569649957,23.429316637964718,307.17290382525806,0.0976958287308323,1745.8452237542542,6315.045357659845,864.8023546779948,-0.8143533852393193,2.385992030144459,0.9439031757837412,6420
ls-3092,female,4,177.06660130360478,508.10972479207794,1795.2270252420617,2994.288967985357,4193.54556128683,4914.0794033996635,14.635808767123267,0.9710633356380778,-0.051783797186627914,0.2672285340926973,0.11650510841704187,0.059795800509526875,-0.08217688168810079,0.06614864071676214,-0.07873188881861001,-0.12612809936607222,-0.022587895678700377,-0.04147016844557154,-0.04861147464773381,792.3744605575577,-7.245823643094635,0.006061032485529552,1.1439100551067691,124854.0527999822,273.2039740358485,670.4933663954374,1410526.36819369,1.3884504774932214,13.300553008672914,196.01066969571366,0.0870602733976155,1428.4402705581936,4395.855633817847,563.4855857271492,1.5613874279621998,8.172582149137817,0.09261351501784855,4200
ls-3094,female,4,168.5766165660816,440.6522475287569,1666.6679502843376,2612.905218484917,3813.559752820547,4617.049032356101,16.228453187519584,0.9051450913430771,-0.1113199534334742,0.22681389598530943,-0.011788427325893715,0.30236462706016065,0.02768748087694403,-0.041797114942285524,-0.03532477170969966,-0.06102098910659602,-0.1416389092540973,-0.1136979449711144,-0.03816992070761159,851.0040156129339,-7.020106500471487,0.007640624941512634,0.8283641617990074,112318.71565212455,137.56332559657614,529.4590271268581,1061364.5597692323,1.1517435750261438,9.862125406065338,185.48097531722055,0.08746147742285675,1118.9906769652066,5413.580636042465,1395.373986299339,-0.48062521391103835,0.21920188169163923,0.6158875671658648,5400
ls-310,female,2,210.3318301615202,527.117547887972,1582.319907948751,2783.5447914855204,3881.9278411748764,4587.80188407998,15.858665217824328,0.42138160293237803,-0.018409116033681575,0.3190501765536843,-0.27835665937444204,0.0994701605819438,-0.17711983911131585,0.00945143038844869,-0.031700078304330866,-0.15393999290317553,-0.18518038941414475,-0.1008280146684261,-0.00904105072257181,1047.9824973367877,-4.7869496392209925,0.012847728141245653,-4.9579620992100075,34251.01419294979,170.75477069896033,314.10399801572385,180878.73647481564,0.21423141867265638,11.534022542436718,33.791426212547755,0.06208605527401495,632.9441995491309,,,,,,
ls-3114,male,4,125.56549340815576,1029.6764029333417,2170.108590732817,3176.197668059119,4443.323864040336,5025.416704834657,13.472505093372469,-0.051777412028318724,-0.3690991749604481,-0.08084380929103746,0.14104892829469162,-0.0307701782853482,0.023649864278650783,0.128405484751336,-0.0628625719297091,-0.005945544463971926,-0.019855232760149732,-0.018180706436864515,-0.0077831524618767675,1748.225089674066,-3.018392288651053,0.14101206363750327,0.7129191574037304,213822.56079498076,1110.986054783234,858.1761044705095,1155103.3920673786,0.47204766652853786,19.564408183231034,350.86695621423695,0.07899769024025247,1349.3331622311007,5159.602451536914,1002.1637035078082,0.3538703826636086,1.2317856547069292,0.5476373569007442,4920
ls-3118,male,4,157.21333377160892,306.16754462557424,1721.2857689493649,2719.0599824872475,3729.3252748915334,4893.647533997219,16.30575980678966,0.668174400074053,0.06547248850009339,0.31513283545879023,0.23097693820383636,0.16041900843367368,0.1375580579407635,0.06460476230935874,-0.0041457118382034934,0.1022649391055839,-0.048707448383843055,-0.04497236877011372,0.006779346437800126,619.2316395691641,-6.22802079779162,0.001855705005782113,9.406863949810834,213925.16215270726,248.02871673075387,694.859362883205,1295227.610865524,1.5007275970715472,9.638239919125038,347.78445275751307,0.10193632584218856,1423.760060224644,6016.397224178364,1039.8178090671315,-0.5621679245217807,1.3715931362011267,0.8976669678273937,6020
ls-3135,male,1,150.17821657713534,402.9572407019935,1556.2346070222086,2766.6900589839597,3587.633416615503,4303.812183916065,16.697507730926397,1.0172800460273055,-0.44159832289527257,0.5885679576919934,0.07199178630075588,0.00822661283757699,0.005518185084178426,0.00034379723902923885,0.07136488245099856,-0.04723931988642859,-0.1431192925929009,-0.03783030764248669,-0.0158314397070601,888.1471491838488,-7.780277648472459,0.009730676892741624,2.266335467908795,132225.996661263,192.49305855343965,579.5345989164141,1181943.0085755796,1.5629632449072208,12.347524039569365,181.6589790625541,0.09373079605415066,1275.7505143550675,4525.789296824118,1201.9200959357559,-0.10387644367915551,-1.1793519762359046,0.46660105531910057,5200
ls-3137,male,4,154.42851673100347,441.5592616526194,1713.2384111551619,2690.3113524964783,3693.4933618887007,4547.056381205664,16.366699537689897,0.6204369900049206,0.05975937057390436,0.3563685815469275,-0.08334219367183462,0.17925814754099562,0.027184208946035095,0.028078439950780396,-0.14914296431250934,-0.051203813622293384,-0.007093547977450369,-0.12545396892022964,-0.02959574832081815,928.4568772428051,-6.3448785939869685,0.007235393550831966,2.6303829867242845,100080.94799692296,222.8961585447256,644.7418961936504,757227.4093385318,0.8732637415562634,24.200497055852388,167.0315222312849,0.09099645790116347,1257.1845833156647,,,,,,
ls-3143,female,1,179.94785486509,389.5741041296958,1730.9623676892656,2975.3388300769425,3961.387008421711,4921.956848498926,15.252486417750335,0.6676213663221362,-0.1175108969698306,0.4143595377197359,0.13270340339199285,0.08279481462467882,0.04524186838053785,0.06129997117365358,0.05944298881434432,-0.1342406543564392,-0.09374588206380209,-0.030818961445925244,-0.07497688375722374,814.0241462630763,-6.527701862946779,0.0050231766382421526,1.0935670455117896,133779.09842830704,216.66252059718448,493.58906783952034,1117901.275985267,1.250537065227598,15.883275268287111,193.80321358501158,0.10599348687769816,1239.6495150916048,5746.2287918285365,938.696845662688,0.3856452891263994,2.2222969555281886,0.8548497179125458,5140
ls-3144,male,2,159.1153250355411,472.2426894415087,1376.5241525975614,2483.4238204607364,3739.4269676267186,4571.139889530728,17.016097024097178,1.0911621779042762,0.20740483942187088,0.5238955956566969,-0.13034804503562247,0.12724022172197053,0.026166642723239358,-0.17754970488436264,-0.1568353129005457,-0.06993576212136396,-0.09278438393473232,-0.09668688891585964,-0.06813916046371132,695.3015445048488,-8.259010180858676,0.0012888982152312574,-3.9385814599701034,67316.62326108752,180.3190954460751,793.6740020125042,422167.36359037366,0.608715443978109,24.358014480692226,208.25282691094998,0.09875593648283026,1280.4733217628404,3444.489270140042,1110.2524804024524,1.5089524526951374,2.0353268070691453,0.11342095316180346,3000
ls-3157,female,4,177.87882588618874,478.9867373725581,1889.06321842412,2770.1226619380677,3601.4115212227416,4821.026412896032,16.244500361880185,0.8575861915139646,-0.2532894750476216,0.10621368835464173,0.272894152770914,0.14303681074065852,-0.0697360466434822,0.016659505452809496,-0.13686452835844956,-0.13195641677613718,-0.09631060223548271,-0.04737737014159065,-0.04141457606292793,1001.7656899280239,-6.911480034110834,0.01955792029540285,1.1072323237114046,91348.18346031179,157.31609706155697,530.7849207947075,1148889.6464495547,1.2000413395849845,9.040596785132454,137.96183704889177,0.08238706280706548,1227.236611701962,3969.9916314144966,1094.9828530347036,0.7742928167216234,0.40766321184125287,0.2240299157568199,3230
ls-318,female,4,175.17563257016684,489.66629989374076,1916.0680529365268,3087.740426063887,4187.355145862639,4867.5784590744315,14.356746173082517,0.35445333385928945,-0.02718597461992143,0.3106706600185086,0.06999696022225765,0.10179396828583276,-0.02769155246644388,0.07747330283248693,-0.04649533073614515,-0.0948012934581835,0.005597435098972578,-0.0020931284892977066,-0.03587689322753146,961.7078701610678,-4.963149951129429,0.010287286141018126,5.572943995947687,177472.16601863032,430.9532219797204,577.4554496059701,1270041.7695048917,1.09036833075657,13.600299149111082,262.69494020282684,0.09101103270690439,1217.4730469925817,4810.654590973247,1271.730621285449,0.24220046448519555,-0.6433456667615636,0.4129438677162623,4680
ls-3185,male,4,194.84064578964706,432.2755014269279,1626.9116730185797,2614.657964469758,3922.6104975000762,4834.852423106433,15.997949166350043,0.6617429489242637,0.21705136012800139,0.027656190428946348,0.08371401373565389,0.18534245923060502,-0.07776031094065586,0.03900742484841489,-0.02341288718703321,0.04614234201308694,-0.07269456501870872,-0.08504274175996646,-0.024578861910801404,900.6372074501587,-5.7886111197538455,0.004920080973165376,1.8704655926694638,160958.23968839296,251.4663465930048,561.5834867255613,1002807.8675204305,1.0985348854045358,14.717892799305307,202.20438137984598,0.08966901760732351,1171.0598288249357,5051.6590554375725,901.6416883110542,0.5785085302117425,2.8493279409934704,0.46822595981253823,4680
ls-32,female,3,175.13788383836842,488.09488527811584,1735.3453123535694,2769.6247458138755,4008.0082713227634,4584.4976972160275,15.37014318584404,0.5053069068857196,-0.2809434230246525,0.2030025805932472,0.0019444754639481158,0.15001271333024008,-0.09922979609811851,0.036503375320445855,0.11570418660294898,-0.08973878330927189,-0.10299209228101473,-0.05482835689884929,0.023050761935464455,1294.0367685296442,-5.076054693680866,0.03931354106821824,0.5405573383554616,182157.5857698325,421.2815158271296,639.0333232966634,1124301.7727971124,1.0618564884114088,11.060367593565923,251.44726125954148,0.0971124159898601,1308.505147776558,6139.338947769134,905.3249102253792,-0.24585359731524806,0.6008257097786931,0.9358798085979858,5720
ls-3214,male,1,144.6004075010515,609.2999719930685,1822.2672402060066,2307.666073405403,3686.7330282777993,4588.853130296679,16.927073667059815,1.048458581629963,-0.4630952757472899,-0.060357324458457276,-0.1378770220033078,0.2593696371851335,0.19732276947117813,-0.04372462814932313,-0.2185436159015661,-0.009327271640909643,0.04051051720913956,-0.03703063154953621,0.00935455765371295,1237.6322079230758,-6.804488877283351,0.06489374839985793,-2.506569167627882,168135.02402607628,471.59892724123574,514.4316740481836,939172.3129222638,0.6968860648485184,15.648769521882944,304.60439039455457,0.08780697911912365,961.7383490782145,,,,,,
ls-3215,female,4,147.9942262395536,454.3977586270423,1685.3167023248438,2863.482961345597,3839.8217926517027,4643.546264846982,15.73311220990849,0.6040853514310218,-0.02185675044940016,0.5071374531291332,0.0550062330867059,0.06860282862833356,-0.040274826551429145,-0.029250355859323757,-0.026934580108764646,-0.11417308940660192,-0.13726327626893264,-0.08461818013288765,-0.05629942608162458,827.2859432413658,-6.306364911478139,0.005398118843320598,-2.594763656826702,129748.03539515499,168.16608252662112,654.1861774105219,1077582.0231232326,1.198583905540731,12.04152409925993,199.77111244466766,0.09013849622334566,1462.0842797933183,4431.315590549058,951.7216886258361,0.4779453773777552,0.08295352851049875,0.31970908519874336,3820
ls-322,female,4,142.80649865623792,659.0212824357752,1944.9262597152492,2816.3161224754335,4076.0914273401777,4933.120965646285,14.991560832364593,0.21890481960052482,-0.0904565724697246,-0.05493208766861256,0.056752980533307504,0.13569044648113032,0.06806403473412947,0.08851498896692128,-0.0028576810370537914,0.07594816111815611,-0.08333345530943967,-0.026411808888555478,0.0008121147281334169,1134.5116903098744,-4.011611578150935,0.01928037401285638,4.737701324433853,199030.7072770925,1101.131253788337,811.1782048095372,952907.3060329213,0.5454395987477689,24.920418206595368,389.0423433747452,0.09526046127770682,1278.7985394628213,4720.528679830755,1130.317588278555,0.16367898768911493,1.5688974391966841,0.4160070488129839,4500
ls-3221,male,1,154.08917684598904,380.8260410955186,1699.9712563471398,2627.4341902851434,3715.1040853521827,4780.813684512392,16.47109044796679,0.7955990926779333,0.006540032460417575,0.3233933949405708,0.17938467572839034,0.1324717392353291,0.04886545181964736,-0.016466884671551055,-0.02045189708482132,0.08981387131210519,-0.06908385416451868,-0.10216467504394584,-0.021693131953714258,697.8382725507915,-7.046720943986987,0.0030843798977945786,4.555427801444599,229975.5633775909,205.23406233917905,984.6252202104488,1468267.0946959378,1.57766990576089,11.519411652699606,299.5807545609522,0.1014155279727645,1522.2747981938232,5621.564191150981,782.9210369830133,0.9512788381748687,1.713535190070158,0.9004322737559981,5240
ls-3224,female,2,178.4862057085473,666.0787016166377,1986.020102900721,3077.106217790681,4112.613047826939,4883.109602785052,14.469226406501019,0.4842709522047654,-0.1515043165339084,0.2580895970417419,-0.0898761149700803,0.06958121383902241,-0.10148839612814634,-0.11738842668247096,-0.11230916345153003,-0.12772373235510218,-0.018357605940642265,-0.00404247915523434,-0.0024382087830553956,1210.065423390225,-5.505597412790813,0.03603501678590031,-0.27216314263581326,104175.55243319774,256.83819288816795,563.8050421389877,1034668.1672609606,0.7859283205918473,13.696857106311077,190.82863991833392,0.0980847808427818,1250.9025577026973,5319.790762879508,962.7344328831205,-0.09437536999211171,2.222370217349228,0.6115873953410138,5220
ls-3238,male,4,149.5966496387963,434.9198372844284,1674.7549887501675,2536.3975051500647,3568.2598886636406,4439.152710565597,17.073607167182903,0.9054816767744769,-0.45088753602059395,0.37054108585285234,0.03637684741788115,0.14737471211418485,0.10571333768074712,-0.054693163426621,-0.12251159293080383,0.0015324166247541416,-0.07330081564329781,-0.1264860393805361,-0.0391098479498902,958.9919759112335,-7.029416296481063,0.01678773606648172,-0.2697586732248244,121083.23152252127,203.61412223899947,529.2391583322351,1095389.9466237305,1.3164147120942307,15.32563748784199,204.21901800729444,0.09265802760056889,1034.1144319622117,4553.637571797282,930.7569199591494,0.7254437596910268,3.525741025312001,0.22339642170886637,4040
ls-3242,male,1,144.6759955249505,427.34935461089844,1544.9659784180376,2531.6941147739817,3600.4203020732866,4389.557820500719,17.123423314145853,1.0963030252932662,-0.345810478734735,0.44654035587571606,0.05827411048881719,0.1941273461482222,0.023669470494844202,-0.12270327594577776,-0.04670961423821532,0.026050972716793037,-0.014916705500762819,-0.11471374575858527,-0.04043677898252039,751.3823887241515,-7.971127336682464,0.00740296983160668,4.4651733214304485,126482.98689228334,301.5345120663142,690.097255572588,1049299.6975031737,1.3968514010706465,19.120265167104435,259.41308642958006,0.09175631834179436,1155.6436813685887,,,,,,
ls-3257,male,4,139.83782799972528,425.3472822740018,1642.053416996761,2710.518884716807,3470.695159627392,3865.224794042335,17.021222361490263,1.4361690642200147,-0.4427281850530047,0.6361263142795456,0.18496341013469936,0.008343023983055184,0.13479959401513777,0.0862372884504737,0.05890885262348794,-0.002553343233666365,-0.08513325204498565,-0.06673252191996083,-0.030636810438244275,636.9772865070383,-10.85730534944528,0.002448245751733392,1.31345181715891,258501.05015690756,301.10268485965844,958.4695015754468,1837224.4013201953,1.6369604987180186,14.91663663277205,215.40709028956337,0.09952820731794235,1903.6167924984024,3992.3912031783652,861.784247884339,1.5806163177243326,4.9172850841817155,0.0813482046891372,3700
ls-3258,female,4,157.78577161265162,522.750956666037,1745.5575106472738,2870.4386758064666,4008.156774483833,5061.809513928843,15.316016152785451,0.3822811638668703,0.006174385645434132,0.1508217585671481,0.15708728326287633,-0.001400270591117296,-0.04947816400410374,0.0039596057177652706,0.047829904758303,-0.10131415284852663,-0.10208946933363378,-0.005677607466598775,0.008958877933936906,1148.9477221814795,-4.961235857719795,0.01684218794483308,1.636739263559155,183385.16451504946,372.1476013127851,672.8437627428243,1201363.493829709,1.1885375573488726,17.164808453925403,221.79232528275995,0.0929119119665057,1437.8707155881523,5817.46041867904,919.5634283801924,-0.01677619974869088,1.2276344449564014,0.865305829322594,5470
ls-3259,female,4,167.17248495568617,453.4067741191145,1567.9616840246022,2648.8951196927464,3646.155763607867,4715.111042695556,16.78107694214509,0.9590067489281204,-0.18120257698121137,0.26191775547214635,0.055867401907406695,0.07378036054922449,0.005040544309491191,0.016511503057301924,-0.03275831418770575,-0.019394553637983244,-0.130276081439092,-0.11036710258939947,-0.04355968724349977,866.3719131797698,-7.361724373233412,0.007655199634324842,-0.10864750091308059,92615.75107007968,185.9313570562592,477.71578257322403,685175.480512956,0.8445345423830383,10.826886351748383,169.81237611773966,0.09115796808663221,1061.9512706568548,5590.531842238122,894.9003920929033,0.12610480918756012,2.4289494770148354,0.7284140736525504,5240
ls-3268,male,4,143.89615399293322,385.31425533877973,1571.2745692386065,2431.476342926231,3397.495203248156,4361.170153002031,17.881979542799403,1.2905747535989838,-0.4637503659446749,0.4624182297630165,-0.04502072654020805,0.19122199190188927,0.09535339040937763,0.10108671819734114,-0.1298706686280117,-0.09850365030727966,0.061646759423186856,-0.14473510754480096,-0.06603595033292395,763.3122076583213,-9.920672848548689,0.00615744314707427,-2.9196055812739825,82351.36626315364,139.28027660204253,564.0208419347658,777775.6403398946,1.0947085419138096,13.328515079780502,121.24946162793512,0.07683086419367356,1132.5110027717037,,,,,,
ls-3274,male,1,162.11773092246648,488.73405013041224,1568.6990090667666,2769.3722076167905,3538.3109701518256,4666.207682737437,16.77704175671084,0.7828901030904892,-0.29554689913203425,0.3630434019166872,0.11688413608999466,-0.0359394020458028,-0.0830486398227274,0.0611640036195607,-0.05569993974898672,-0.0442751584198854,-0.09047710762717333,-0.06854194896490502,-0.018106523582591023,1135.1781407428834,-6.864395349272932,0.02181892183111172,-3.7192389771294487,147432.122755019,242.0720077824119,697.268522388465,941565.995499572,1.0647762385095088,15.73586169779017,204.14302905885185,0.09483061845842351,1337.317434986142,,,,,,
ls-3288,male,2,150.3235254824439,441.1081328720246,1651.4798078468218,2733.149997277694,3626.9629359444352,4491.744640695062,16.53564051841788,1.2209123883515294,-0.3867927432926594,0.3761629577764306,0.18468726736853724,0.08078406724637567,-0.041802985740337764,-0.021658905375039197,0.003980722275382934,-0.07098782094175884,-0.1557877315106571,-0.0932982605975465,-0.008799082438376757,840.5894431980707,-8.993724198717832,0.00794354031107905,-2.33378939267179,112863.33323353005,214.47268207837448,572.2944962522657,1097890.425228551,1.3309705180136864,14.072220109007656,151.4230487983122,0.1019764087448183,1161.2184652788055,5006.079542773225,968.845968118524,0.6143104556618182,1.9606578382228055,0.5304877695023306,4660
ls-329,male,2,157.21109138480244,396.97669648992087,1619.5390411561177,2864.8200091150647,4046.2225331811856,4938.766866636584,15.34782820129756,0.8532174009623545,0.22473654843044602,0.25831745373798765,0.1926037595008282,0.10593407872613628,-0.012426531075422537,0.08598744457830756,0.016380023835745276,-0.05103836073204698,-0.06357704454150921,-0.042746944833551875,-0.02284793884628175,629.4585776261802,-6.926485798656884,0.0012838721821848472,7.003969457014216,168836.9647187938,259.2052083609232,671.112236348911,1327659.8439602314,1.605986109476838,17.997665686614532,267.2020617685674,0.10181903236964494,1363.3872427309022,6049.115177971671,785.7871261219897,-0.8729118258552022,3.6654417138867266,0.891641220179523,5920
ls-3294,female,3,179.95193555162155,486.50190887244867,1530.8640680411418,2722.3539974625746,3872.053382781743,4810.307420593776,16.070417728298402,0.8141077259764947,0.11938291422861287,0.09429315450184941,-0.015186548491642608,0.08563917792670074,-0.10011997220361009,0.03639391385275034,-0.02115753696832207,-0.056957977836852726,-0.1560666047834488,-0.09873971011596262,-0.030071500528908588,919.1032592958918,-6.973867267300095,0.005711704550079443,1.0388705536979943,86387.60781925947,183.6987634701324,492.45962737357945,837464.9508330926,0.9812255903312712,8.793791520756017,150.05107430004531,0.07990506624606478,927.5857841411857,3680.4341303694737,656.6636799559325,1.8914141035978804,6.932811951553171,0.05768013864316634,3510
ls-331,male,4,158.32544128842562,411.9511439387172,1476.623792012168,2705.852730368437,3846.175647457073,4786.325468313942,16.164344672902196,0.8377743431650669,0.17676349113148523,0.2909751096122412,0.16742177975646774,0.07725103907119357,-0.056685744087239795,0.022511414294540476,-0.0053264908041091436,0.016174283124030946,-0.07340752458815863,-0.06039248236488215,-0.0017413270577930164,623.4340117859697,-6.593597449179001,0.0017164889235456928,7.718725708178125,157393.19325193347,215.4919371138598,726.5928866495219,1054240.1937843566,1.4072229254958954,12.673885295655515,265.6201451223177,0.10088251696262229,1314.6721402440066,4201.741518945247,762.3213549325243,0.5320289715631136,5.116363477239067,0.11792263794177302,4160
ls-3314,female,4,180.37216451305216,531.1451267588791,1632.7292890036501,2739.6897708927845,3957.307658741819,4764.066868820753,15.708793381519587,1.0231702236017923,0.024675645491725504,0.1386833229568553,0.10139095137948595,0.10723200172927846,-0.18790106075026053,0.006223234335358731,-0.014408561846866291,-0.13093387961932318,-0.1778745922073723,-0.11871658307842747,-0.02549317553067744,806.6889148553796,-7.692233721639413,0.0027235128202989386,-2.767585703299523,66713.1455911325,139.46030349653174,463.3032801914311,571312.8634090186,0.6218543437588786,12.624509185066255,158.25911831001966,0.09047406863941854,1094.870985145016,,,,,,
ls-3318,female,4,148.92793658833418,560.1087578622761,1836.0476452381117,2929.3436928104065,4154.246332774135,4901.515462770247,14.738643862793362,-0.4843494172502465,0.25359100849622124,0.07358495504353141,-0.046297083944546194,0.17732757756529938,-0.12518160861406982,0.002884123691754577,-0.0497518624274364,-0.06605934292239772,-0.11094764176115618,0.05963354691526781,-0.058315257117984076,1985.2142167027368,-1.0315921685392133,0.13713574145807927,-1.5871188727967482,171113.5996853187,345.9458378509547,575.5440273979366,1225413.439366911,1.0178357913223786,6.1166393959694885,282.4748426270017,0.08144321021400229,1237.4489387886083,4902.101907371612,906.1590890033598,-0.5189932116511055,2.2305942784687383,0.4700232053400251,5000
ls-3330,female,4,177.61299676109545,484.5985365728609,1756.004883320842,2900.7319711701375,3748.3258228173554,4619.214253442769,15.878837080050914,0.6666057843239502,-0.13396951944206417,0.24284960872842465,0.02745287924706781,0.1012209309025943,-0.07708975503914316,0.10716801155478636,-0.08758486279436853,-0.19652096853252576,-0.1238689801362137,-0.09278176613442321,-0.03970422018364479,1093.725231357805,-6.3128103639577375,0.012614243067044884,-5.713146622955232,53272.67865345713,115.1932532948866,463.54290004539837,953552.4905652041,1.0605784557178706,11.986036390126166,111.39758815669151,0.0785160964867215,896.0021831862864,4189.848775104545,879.8690731823309,0.32759880990706414,1.1110167720049575,0.2601997699287114,3630
ls-3334,female,2,178.75736300797234,560.7572622966446,1942.2206215619965,3105.2506117753906,4221.671832878161,5027.260155174846,14.293043196902243,-0.04354942720901707,-0.06681062296645383,0.17680751083496082,0.08798527780900875,0.008295717358509294,-0.05088614734821687,0.06865020597710275,-0.053001573986082795,-0.08575407806680155,-0.03595921123912439,-0.005612123494404529,-0.021753241595039618,1577.176275278467,-2.867704250309415,0.06086362814446584,0.8527324747801592,187955.946638497,373.54791396164825,710.616696299973,1176985.7549949642,0.8729514545449715,9.448528284200716,277.2451507024872,0.07821683097029254,1311.7633399260317,5730.856180120074,976.2723819285475,-0.07277774775575617,1.0214157823341572,0.7353988195113852,5640
ls-3340,male,1,144.85958208846355,434.7876797623725,1651.4323799851763,2683.442916643575,3513.042848299636,4235.713937780506,16.936420704383156,1.2382009892260406,-0.5935760804484326,0.3506106094485425,0.08034522644237717,0.0389517849350859,0.10323516741157447,0.03579119788246031,0.0699214722692704,-0.0024508905313054526,-0.11671448953655442,-0.06577367234050756,0.012139794110065343,880.6698833815175,-8.934814850621446,0.009402552010456576,1.4954988127815434,181645.01223566,269.56748514658,560.920377348222,1127247.5502394992,1.1204390813449199,13.076975565159078,287.307692460946,0.10247683878010594,1396.73407156041,4250.783845874529,766.9472173744585,1.6021534607483066,4.889847663213712,0.11257363320659222,4020
ls-335,male,4,150.14562536385625,604.8970483513026,1581.5379756837037,2475.4504679154334,3571.4348441236316,4850.4045771116835,17.167722794157527,0.9774665674880074,-0.23367014176949374,-0.13730370800836994,0.07207823250225039,0.027507241370869066,-0.0461049756395059,-0.0620367588098914,-0.10803168836130259,0.05639823616641527,-0.03217551353806975,-0.09089135977810753,-0.04907836939234491,1116.0442249701946,-7.490314379912533,0.032206779944721854,-1.0460000777518235,148745.69134029775,295.32281305026606,704.0215561712756,909280.5794902795,0.8114153712444345,13.931023363847611,241.22772197815829,0.0871792278935275,1311.7839416322959,5027.706093572013,746.7044398230182,0.032200269936557224,6.386067805609581,0.4855485314559171,4940
ls-3389,male,2,165.42033304756055,571.7980218816635,1682.641075800257,2805.8716045856872,3791.6657281115827,4715.976428776252,15.928313649680039,0.37117985098722006,-0.3738811545739279,0.20195515487770194,0.058303211174700637,0.0029731325666094363,-0.1168450757001889,0.09933561734502669,0.03251941679225689,-0.040826275300548734,-0.14736691889138295,-0.04353445901984174,0.0535887573805862,1260.1488383485612,-5.2479526481729035,0.03756261760417724,2.4561535834405968,175349.50873037346,439.3831337691678,730.2777917171826,1206971.2366970223,0.9252484141551949,15.847916413950232,403.6891177984108,0.09587290154119862,1399.2839651698032,4769.977223829235,866.2403317561597,-0.1647688017344947,2.2052772880797606,0.4719041400763682,4740
ls-339,female,4,138.89342452437046,503.5997469120275,1795.6792859524735,2774.7022909938587,4138.643156443855,4855.608068048576,15.08208412834146,0.6012860867868289,-0.01458759075755796,0.06891273711233697,-0.016864607866739555,0.2174558832350331,-0.020191718766086535,0.016361523491011665,0.03471068667476488,-0.05475407042537565,-0.047616243975724254,-0.03589815076722602,0.019212555435459196,950.7521793603896,-6.3247727316094915,0.009839876545678819,2.863988035905693,190823.90741343034,469.28818745848605,671.9663948638024,1098987.8185386874,0.9238916153547408,22.49119460115191,257.124090280817,0.09873854355303366,1426.2522256770642,5323.786332982902,904.8181334848683,0.28472546146455713,2.977067391381947,0.6819788731212262,5220
ls-340,male,4,154.65497904251777,761.8357394164677,2045.3819803929316,2911.4220713727323,4071.3297516616194,4592.692547688863,14.705847008992825,0.1716571812102401,-0.37738587051267375,0.21847274566929575,-0.09246228125432002,0.25905147440618415,-0.07148263435801187,-0.02692853691654075,0.036756093477355097,-0.001516346311009666,-0.02495724098458596,-0.03889186743574029,0.05827511340430509,1478.4908735469485,-3.7460412328243904,0.06906451269507964,1.0353770606904145,238828.75478805864,850.1242747784402,827.871362222597,1294357.6970918898,0.7253834157694491,9.940191531395229,379.8455869597403,0.08613946731252747,1281.5172017861232,5026.765312952897,1193.289508166596,0.17865911262978207,0.8366818267677205,0.5041824642581326,4920
ls-3433,male,4,196.2377140940389,432.7103439042161,1657.9752660286795,2541.317163263496,4067.9530236583278,4823.50468559141,15.764879159394113,0.571298737724077,0.158576089366397,0.05229961533568385,-0.018431713605016952,0.25959970049159553,0.03549276875262633,-0.006447039127243788,-0.041933638269714364,-0.043794230813856985,-0.07363751229602311,-0.0997286294952705,-0.06077915581088948,986.8695604796901,-5.195774723648608,0.009617380743186486,1.7103449542842473,129929.34184504488,254.77938241225087,515.8773443941593,1093371.3679478955,1.1600899005952294,18.092626780014914,264.0444981303885,0.09430326503812687,944.1456963759751,4472.168597361685,1222.516133516512,0.0074349650319527946,-0.0673532634718863,0.36197394662751997,3800
ls-3436,male,2,152.93955126997366,359.0221187085111,1631.4305234642766,2932.487107698158,3907.077984359523,4777.392418940806,15.56008491075212,0.6728626907495101,0.21843086056224642,0.5540355334031267,0.1745344759034796,0.10959708720758934,0.008416212026566672,0.05953140316807949,-0.009592809766697578,0.004724999041685895,-0.025689007281675655,-0.02574087779650285,-0.019578394785521362,581.1287757546364,-6.115263694946453,0.0010770365933825115,10.940073337900529,196560.32492022318,261.01368788994904,1015.8319597742112,1593931.3880931623,2.147389210757628,12.862059620414577,355.5615351260035,0.10176954743002227,1674.7497520447337,5640.758375399626,1277.0253787531028,0.42350896621358924,-1.0613868724456457,0.5404982733762411,4600
ls-3470,male,4,145.92807396523318,482.6398401051663,1414.500078501313,2882.203825671795,3517.2872646136084,4827.883341114538,16.78524850372336,0.9412549329937038,-0.15820740494709873,0.2454265174798127,0.06662539237865177,-0.22110725795126276,-0.1304114738465398,0.13642559677284888,0.023933350088570268,-0.015444110404761017,0.04089210489892242,0.0340737223687019,-0.036943858740926094,1003.7535007036148,-7.456776946263005,0.012268608676764034,-1.452876251277008,148142.08708320028,414.0781282724241,680.4692437650075,952409.4661994244,0.977573008276625,13.486697336959434,257.02169424997135,0.08985251262296862,1267.6181087604248,5065.838760825614,1035.3259827587176,0.7040860679000664,1.1758296667916688,0.41322095764545974,4620
ls-3482,female,4,165.3855021992822,491.7351822845344,1783.3635558564072,2713.010991146384,3771.807262045011,4453.6662575126375,16.040189357903394,0.7967713951134017,-0.47141456554393524,0.2024420292520639,0.006837462775255361,0.16983022797462052,-0.07482952201131365,-0.08244552254914972,0.0010408917656086112,-0.08286140587536642,-0.08131625246194618,-0.04184094949311012,-0.01864900716139117,1222.6145499022632,-6.56962661754994,0.03936467001414345,-3.657624334190916,105314.13330526502,249.97776164671936,542.8393758357963,753826.3447532633,0.7551664961242173,9.598337732541347,167.7430676937843,0.08787182131468876,1105.7480197193354,3491.1448731476867,863.9153784273492,1.8930466747197396,4.975619910825909,0.0498257625047263,3300
ls-3488,male,4,159.6677934454363,398.8143706370091,1582.9264223399364,2690.273454889894,3522.3253776496276,3932.216790239075,17.04072456524618,1.2569705112985767,-0.5587101150994527,0.7366471909358094,0.07517530844083811,-0.04220582697419826,0.16416316511247406,-0.094185560725326,-0.0025128026117675704,0.04817665975752669,-0.11582360236100256,-0.05937948846917042,-0.008379111877643267,894.5063596052945,-10.741581749504249,0.009309746444922919,-1.0692845867099863,172099.59780068614,293.026447169354,846.0751159177123,1204395.7994230879,1.5501899915710173,17.184918374090024,175.70061762910206,0.10245771080252541,1521.3547778549118,5240.588445758771,865.4711670397617,0.9415777916938994,0.7488388180461606,0.5090117145819932,4870
ls-3500,female,1,179.66216407601937,406.1351598837307,1906.2792906136945,2953.1060362137137,4030.821094468449,4905.3754866323825,14.967544598035493,0.8565153694848163,0.012755105265156452,0.3507339861911013,0.34627352259928273,0.15360520545641718,-0.014019232243316672,0.06559171570118189,-0.07915173838319234,-0.13489781058578207,-0.07908917744867443,-0.02283628294731885,-0.05620765577636773,676.1400726972889,-7.162691180896435,0.0020922586684797534,-1.79925346658962,120675.64111223693,141.01754158599346,461.24627487771886,1222620.570155687,1.3984487226391538,17.888334337972758,219.57777843742176,0.09214931100223556,1332.3578696835639,3557.4829335176614,561.7354568802973,2.272592482843303,11.39685425906546,0.04625727694921223,3520
ls-3521,male,1,143.3749639137692,521.4425357769295,1603.597365432285,2671.635035341975,3436.6190798746834,4337.830124395272,17.194292292025832,1.1164258488396102,-0.5026214384784817,0.3761329902257154,0.019838054887832336,0.006907007868331721,-0.0795716208704067,0.01358119294548966,-0.023202988384097366,-0.05244468233444746,-0.03208308048178692,-0.06906211666792535,-0.026812811585108964,1017.5274554173848,-8.439171453148067,0.017491410275603067,-0.18571045396121466,146986.8727700437,326.3027128533986,672.1784608459188,994273.2511051032,1.0666092862534438,6.445876134049095,226.9146824633926,0.08132870999617922,1254.2725490527787,5699.2736953406675,1292.8991031298624,-0.18403305459961644,-0.9078708050830566,0.6303850786848559,4880
ls-3526,female,1,173.23543965489057,670.5952944293497,1742.573940348882,2907.9546979090583,4114.065041171011,4672.026892954315,14.927935879052713,0.9231254971465375,-0.18524506632761423,0.1515479246476493,-0.12125277897341437,0.06769631465216021,0.0018270996246334654,0.04165353964274815,0.027502016973097173,-0.09315260247572613,-0.04541000532613678,-0.026601229895190016,-0.048545106137870005,917.8137535186092,-7.355039101548456,0.004616397367356896,-3.4221097378823813,186564.13488390826,823.229911682186,846.7169986333554,1089300.3676411908,0.7064546395852125,27.54731040289395,180.46049956006095,0.10026790418011965,1407.7675976483638,6345.499196476201,772.2983441954809,-0.06822426219649066,5.2234121710649895,0.9668255757057125,6160
ls-3537,female,4,172.82460278418088,396.97982526707455,1625.210867915239,2873.4462644713853,3778.5200229422067,4768.8929219254405,16.007721925171452,0.976519940413993,-0.17272890880028635,0.38955014185160086,0.159809390487069,0.05499069837927672,0.027527024366761126,0.05581043430702515,0.03973831214183371,-0.05117868596312787,-0.016923675553621807,-0.04814490630977365,-0.055397049839521144,748.9171964057302,-7.52377635519567,0.004780907038547641,5.242401371575868,135001.23798620614,172.66190840098926,735.6654670190283,1122859.8146385644,1.4052707631274792,9.469973036861703,185.91418747219222,0.08766350529435213,1308.8808431507766,6765.213612370352,676.8565558467559,-1.4341779151448333,9.06052304390815,0.9778233785073124,6680
ls-3540,male,4,148.57305607473526,463.56244156812187,1634.0637222284026,2617.30420427727,3634.513656720004,4367.345181826632,16.78480757976704,0.9185225920565374,-0.33704683940172453,0.4323643839008888,-0.0816447915025653,0.1800512360612705,-0.0032258255227673957,-0.009642533415489474,0.026972840359915172,-0.03230095836621663,-0.05409949517696982,-0.10916236044464171,-0.018539293890876885,968.4036035145708,-6.990158511976089,0.009859241303619756,0.0005212415497071743,161076.49799171125,294.47835997565767,624.5056048808722,1201432.6355145797,1.3287190269004299,15.292602918603906,238.63706615525956,0.09410393662992612,1312.7336290827986,4200.468857738408,1123.899202161794,0.9089378358088949,0.7155803335043878,0.1716458219116439,3560
ls-3541,male,4,152.61917386377831,497.41303185769715,1533.238628652351,2719.107090379346,3808.1495892690073,4672.410808455528,16.181069966388364,0.8100002877141337,-0.22406246788972792,0.34407783584451457,0.02036198621641299,0.07147211000893167,-0.029753052486103118,-0.05869581216191058,0.07282019992885752,-0.0313976763315006,-0.14212967216969968,-0.09784089130280652,-0.05311973947978151,960.3956928986645,-6.832924925857515,0.00949225793140653,1.070488403663867,120026.70999885455,217.81198302351106,522.8163654219793,905252.5080215959,1.0061503586837957,17.45514687348358,212.56926289659378,0.09354468468306645,1165.6750569717758,,,,,,
ls-3546,female,4,148.39960940965904,426.57984549917575,1737.811878501131,2715.354445639169,3839.023639035142,4577.272538024752,15.928240744579526,0.3660544260130746,-0.16339151362165905,0.3815929629365591,-0.048292903038664445,0.24518604990801365,-0.06670277072871378,0.0040458366406877265,0.02518795014149294,-0.009476106186261775,-0.05974843747714759,-0.07637192440884427,0.038143441776301315,1137.0349584548098,-4.846099885573437,0.021496550975470943,-0.5086799975243067,165924.84607118214,321.5777317448428,621.2678264280115,1104910.2268284895,1.0855958866438988,9.564396493662585,288.2750640983061,0.09342374442726098,1395.2197150939242,4288.458021611284,911.4769056747136,1.20435704779756,3.435796656282584,0.16005238685748835,3940
ls-3547,male,4,145.6128200895692,622.8614196424044,1802.331857034705,2550.9094906283117,3242.123444647319,4436.904347974141,17.77264579993175,1.1941651997977392,-0.9594324077959193,0.03631527989576447,0.25515742403955427,0.05610868560779586,-0.0801613974407361,-0.008315506035064833,-0.02257486380004524,-0.04983748192438024,-0.04277974453948294,-0.010099591088189478,-0.00931490103425117,1431.2703950615478,-8.179936210876203,0.14734548477256432,-2.1168431797127134,156416.15900035447,349.7934508182121,547.906816914329,1026978.1397323717,0.7498622837847234,11.71579711435259,262.40591383122387,0.0851490434541085,1121.598308132684,,,,,,
ls-3549,female,1,172.52706049747857,563.5139134118473,1707.0601937703836,2695.923835677619,3989.427786047293,4710.291554986737,15.608307281864562,0.5174798607784348,-0.15105394048428314,-0.08359471587685344,-0.08964146616637514,0.2337267431023224,-0.12746755214076222,0.05045759073751629,-0.07297706683972112,-0.13757653640487072,-0.10948322730730149,-0.05240966089352519,0.011005068037777985,1361.0864819878666,-5.5105155188461294,0.03181249208515628,1.7705057008853828,126548.63554944201,257.7251139677602,408.974507684798,1011933.225824248,0.8546960238902838,4.093820130843765,165.019222347324,0.07832931834737514,901.3954092414642,5289.77517687712,648.4550982639187,1.1002081753695967,4.815300230425044,0.6494190850510393,4920
ls-3551,female,4,171.17692358971803,489.66943885613273,1703.86864244638,2807.5194098050897,3925.5050578690643,4772.071965339345,15.658894493176144,0.3041194577980436,0.02044433823791601,0.1981322127502514,0.017874881113586594,0.13034381133884854,-0.12044406197830249,0.048341798476173654,-0.05450039353570277,-0.050794180100985784,-0.13798905401202977,-0.043571725810672195,0.010550511571514348,1180.7202734752364,-4.331096047382617,0.021996976398671614,1.2205069950320735,144457.3038711038,268.37577060282894,640.1100302393709,1179441.7120769168,1.2018806974419864,7.418221622622303,211.02979205839398,0.08144077157260804,1338.9389750763958,5299.397767920342,845.308191928853,0.7775228166342242,2.06312503908226,0.6088069954084918,5100
ls-3554,female,4,150.8876682440779,560.7175428249468,1793.0810966903646,2847.3785052111116,3887.148529051101,4694.523461939762,15.453137346120293,0.615130816006656,-0.22471530389915012,0.13673883202713116,0.055865661587975,0.08906809274465674,-0.04144425268162764,0.07473346415995215,-0.010702863231824993,-0.0689900263399636,-0.08182129699711033,-0.07090523520934863,-0.01261808935473607,1036.7560712741201,-6.097649969730136,0.01460399200180688,0.5821173871093577,169085.9039253677,520.4020922528791,713.6636288344502,932511.4104040327,0.6715884307556783,19.8934345095658,275.7794835457633,0.08947795221026879,1335.7796489356085,4206.399072125844,881.6719244028425,1.3155588303462538,2.121078760328455,0.1667869655614007,3800
ls-3559,female,2,171.57103446196447,428.27870807659326,1810.864502822268,3046.8790860961126,4182.752553010179,4949.5810670953015,14.59130684917418,0.6376084747303769,0.04233376571630801,0.3170004717856931,0.17194501048244454,0.08339989074782544,-0.04319932215728986,0.09397229378669296,-0.040107144156407024,-0.09845396250550419,-0.03469288459146092,-0.05208964049223909,-0.06764656711004385,869.9711382783945,-6.075891860215847,0.005599449783759667,1.5205602813304986,149374.9281277891,253.70210335430687,713.5497873448307,1166935.151069994,1.223166785028819,14.510540238224415,242.38198595914517,0.09432091546715049,1321.8756036987193,5445.3498774536365,1123.9104310909115,-0.18803091278482387,1.03659188725214,0.6307301392995504,5610
ls-3571,male,2,141.47166124761702,561.337223347799,1842.5182516555979,2863.0719507013423,3679.2813282257357,4420.216597301647,15.925514276320214,0.4968551577694506,-0.5752305583175868,0.5436288608670169,0.10000728435783927,-0.025331597312866733,-0.07100363922122452,0.011513653237990027,0.0014541483691560301,-0.03671606977403123,-0.07391566314562045,-0.040186168496312506,0.031551153683799765,1373.406164681901,-5.953909178775946,0.07859576206210166,0.6257137878003123,229351.04519000993,348.5182301917412,912.3699348715663,1268026.7062200357,0.9966386814735606,7.62064308866107,330.3456296185844,0.08506887180913648,1602.1971388335019,4393.020056529675,861.3469550559213,0.6231587272086541,2.3596505970321306,0.16767113589682875,4390
ls-3587,male,4,156.09981593630428,361.3974991565657,1749.9516413429237,2723.852645971081,3690.622077415099,4839.053527243246,16.339276662738385,0.6386462808929527,-0.13241697211829834,0.31587544336234075,0.21045565351460516,0.08653239008527416,0.042288764647456796,0.03120459104929275,-0.0011126395336164736,0.06080510095250012,-0.026925085724245304,-0.07059069825277012,-0.018208112882230128,801.7487892678419,-6.3168511041287125,0.007059563644161371,4.139461898727641,185350.6676609648,271.765292869719,756.2738757215529,1269081.0100211496,1.4856155436929637,17.59736715141638,266.8856941248491,0.09903220500027063,1329.742487203532,5117.7416185281145,945.4796921408304,0.454884180019119,1.9273586583045772,0.5154643931406766,5040
ls-3588,female,3,176.03858859487923,518.1660874980766,1695.6190756890376,2822.2871573388898,3845.14404726511,4852.806594076999,15.702234485005885,0.3666156968906144,-0.22901619946080803,0.179195007973882,0.11852215891375978,0.057445255103867186,-0.10603281196522032,-0.011045942113879506,-0.000984715730651681,-0.11696533099521024,-0.18887907654615807,-0.02253549239144212,-0.0186094704478716,1405.796203492129,-4.784606037745801,0.050052775593914724,-4.396660785903596,106943.01601632194,237.90162170353562,555.1419466083612,968275.6233755616,0.9236769498939146,12.134471034405676,161.36990520477272,0.09331225452816866,1021.628774352133,5402.0998376993175,1097.1511862503676,0.20356462105797005,0.9331228034979517,0.713935935504342,5120
ls-359,male,2,141.95674391307244,446.0099484447144,1450.281688163965,2501.8614009825587,3762.2311227483506,4878.05640998247,16.84166004650655,0.988144837228482,0.3134521933925928,0.10489449102108685,0.07950073073735281,0.09656108218367856,-0.01930494776217762,-0.02778132246567928,-0.07863468235748632,-0.0033285613996872866,-0.09498296767541119,-0.1111629272673249,-0.06863576825319961,665.9125195656816,-7.568929068256501,0.0014893451312263887,1.2515364876215664,103840.0982742785,173.3538653015834,513.5372349636187,842574.6951228885,1.1514922901433806,8.95139642989373,199.50482973507178,0.0939765982088363,1065.1576856176641,4168.701863983108,1129.530042555124,0.6777065752846836,0.35943458865280853,0.20763660900732916,3840
ls-3592,male,4,150.07629514022545,453.0070915708511,1613.0592185576506,2651.0241833106775,3873.921780206074,5028.466753035673,16.08046992393805,0.6639722208986475,0.17444800337721703,0.0024501371647222027,0.12179456485178164,0.06914734644315562,0.037000291691640916,-0.02735760028853263,0.005631236558338779,0.005370725311756319,-0.10846712286041002,-0.06336905182825749,-0.04501475120901818,795.4196906443674,-6.417627787005938,0.003597898037267327,12.763163745687741,142326.5878167866,190.53973158021208,574.5356045841862,970885.1558090759,1.099880410374091,10.199015114724464,232.1586379644458,0.09672517990800009,1175.6110456668453,5687.496314774982,1146.579681694503,0.00663060294708355,0.22173928331184056,0.7059446920938303,5240
ls-3595,male,2,162.51592157192846,446.7907047731197,1767.0089358012428,2561.921073110736,3623.9643288262287,3978.006322652749,16.733023702965667,1.3303199114685236,-0.6946007608423186,0.3647856519790923,0.05863436499045025,0.15765018817840104,0.12373710304260689,-0.17321272359846285,-0.004613616415905482,0.06858605400673701,-0.10149501953422516,-0.04982052439092657,-0.01208580390162819,977.8511861065147,-8.983750114408767,0.018682152188387757,2.0180655043766875,136992.51182860625,296.5243226231564,602.9522605471948,921013.9604858982,0.9649480000604118,14.81954904892224,284.02457039835923,0.0901966645336742,1158.9527675561349,3209.3625847788817,415.7739913111722,-1.2385350795033128,5.5459479972316945,0.000038700656508152846,3260
ls-3598,female,3,181.45731684908293,481.05607131823996,1555.2994328543928,2761.743236101807,3980.368204689511,4809.717582306976,15.69591273833806,1.0152543445854907,0.05976921230371637,0.03433666209655128,-0.028127270737270126,0.06439680670680163,-0.068136401575359,0.0612608608199744,0.028999964508716114,-0.112388191372753,-0.15503606377285808,-0.08333820171398255,-0.048235022097054714,928.7683480720766,-7.156857877205566,0.004490091293583291,-0.5976638559579903,62902.660195972996,155.0248448393478,415.716214748139,851616.9818010619,1.0698515986894945,11.60774690415316,119.54985215632956,0.08489915849958801,838.6310065798757,3505.705001560577,957.1559727676934,1.3826667016911358,2.0527431691797133,0.10773995126427352,2960
ls-3606,male,1,153.16405511351104,384.20886016073905,1626.6434106926367,2626.9104320645356,3729.5781946352613,4753.964114379491,16.51472423271152,0.8973127336928629,-0.23261730485076926,0.30283591648940034,0.03860707841694469,0.02372449984808046,0.0909675552959058,-0.01686120157261243,0.07267650936181368,0.16116403863864676,-0.014599016607237315,-0.07563902389407819,0.012620174925369413,812.6192284324362,-7.258543242782216,0.00616436012215969,8.884958400373517,219360.2846192051,646.6359502811881,932.8645588455715,1401205.246108302,1.2336002607654817,11.586962704004765,366.10333156637824,0.08921208468107716,1532.400566399197,6329.34889101367,1468.1497534917594,-0.883777160785619,-0.12140490604794385,0.7859560046509255,7360
ls-3607,male,1,141.37944879230866,593.2271785789353,1718.0176000429751,2690.378703682018,3790.960758276136,4530.978097825218,16.070527073993553,0.46274287733637737,-0.4268754904333938,0.16358833129515454,-0.20968430522023623,0.17394769203015228,-0.10993336951992615,-0.04633118523952223,-0.03570784152783688,-0.06721454274645469,-0.08879614617512295,-0.09514510367117451,0.06303533249678873,1559.6975107344713,-5.0841482995459994,0.09432784302710513,-9.261085553359386,111589.66359183783,196.10739436755307,439.8132930425634,1062628.8138462254,0.9102932137018124,14.077958852630644,179.55016248565008,0.07907385451466568,1016.9813100390904,5535.118928803042,1109.8808251771975,-0.325523799438107,1.4160674885006146,0.7358804198878064,5000
ls-3615,female,4,177.1860440717507,456.59608319554013,1715.076662071399,2822.2555815857077,4078.6918385621493,4803.281349392119,15.222440963365479,0.46922738541644304,0.07590905323629596,0.22017054055396604,0.0022005525110217515,0.2068161871256009,-0.1179698018437774,-0.019943661614290082,0.03210690862164373,-0.047633067849413346,-0.10016517779659612,-0.036911947068420124,-0.047091720325027314,990.5544672762289,-5.197372795910315,0.008862522463174375,3.0464383613152775,117951.55985681713,280.3498263133914,625.6057187195472,784679.6552568392,0.827206579343029,8.541954042323095,208.1453362706926,0.09331828122992283,1144.3982776963237,5112.676888809503,1074.118472982226,0.21344056649874873,0.8474188642749321,0.3438104682407575,4600
ls-3618,male,4,155.50419611193814,483.6863894619938,1826.1166718118857,2774.614167995788,3820.4791690810735,4747.383038264773,15.746147007257058,0.4341510547859726,-0.22393507258270806,0.09549066178729754,0.09643566873497267,0.16214595155048184,-0.08243519897035445,0.034892335387958176,-0.0371169016931399,-0.06665751852899082,-0.08131801688056417,-0.06562778516466711,-0.004803593240626153,1284.5797611792655,-5.2719681360972785,0.03864964761203418,-4.549713851355038,152040.7119643881,353.7787339552092,571.5371332988681,958600.8280733878,0.8724473743177781,28.128372195105435,227.92092195682972,0.09337251673536506,1133.6520022743182,4270.491107718477,883.6620020362134,1.588410450651442,4.870336995186161,0.11646897661786601,3950
ls-3645,female,4,169.00484268059157,436.92929039142905,1888.0967691337698,2913.0022329587837,4059.283464444146,5344.854222975146,14.962390389236468,1.077818276101035,-0.17363142931063458,0.40023536002599186,0.17951088815017857,0.1492268866481439,-0.0051883191791865955,0.0013705786039380618,0.0498181524320528,-0.13794539197814254,-0.08318313213156785,-0.0031365453576181375,-0.04049047363168172,688.0803010048459,-7.970827366253357,0.003296178804789379,2.0371953149702,161669.9331263273,246.98792363867548,603.2981248528387,1151338.664405357,1.134675355619943,9.058690713827493,208.3765341497441,0.08798820770874985,1281.5393107928435,6007.114471974563,1070.4790165103327,-0.2028303210069418,3.9137943764984118,0.7088418494182669,5260
ls-3647,female,4,172.7637300737495,357.59207108643886,1661.6534410950999,2825.2842683757162,4071.3922378917746,5499.999999999999,15.273584780661787,1.2927841743705686,0.17722031007578126,0.32833108372689424,0.20934411730866276,0.12513607393071183,0.01031172749144462,0.05598466244456943,0.1153777610242154,-0.054539352806633086,-0.023362869952488624,0.013077811153107877,0.022094505093502095,556.5061819619643,-9.075779661988781,0.0008137337050964082,9.84923850259641,158280.18412929098,339.5088053053273,712.7065227183448,1252466.687106108,1.5907381550451103,7.614367529729721,195.51158538636707,0.094062392827378,1248.6373559922035,6665.915547093974,841.0536206486247,-0.9558443178602809,1.8084200351792235,0.9672163829476066,6800
ls-365,male,3,142.97207737834975,452.93835642464535,1563.3217279403334,2718.673143905011,3617.880514432599,4630.277121440678,16.710521172557826,0.8399266869265166,-0.15941249101601854,0.3181455126465405,0.10007958036336599,0.013418818437107183,-0.09394457159905967,-0.005160137047426888,0.035146809342668416,-0.034977811982442535,-0.10019955576994598,-0.08215846858494122,-0.03243190399110672,952.8820983013256,-7.172823222366111,0.012431410939613734,-2.1726857667406048,147169.1477445094,234.8581719054029,651.5563051266563,984932.9881233339,1.0661675857906268,22.874634538451044,189.22421074029225,0.10343700948316495,1352.2443522905226,4513.241702684711,694.5135127662877,0.9215418830972135,5.548499055791879,0.16520339232259515,4520
ls-3656,male,1,145.33183620789694,416.06321785374803,1720.152040222469,2711.3554137540373,3825.069695331792,4497.206330229567,16.01000792361282,0.3581405232679512,-0.12744495426648247,0.29471126673252956,-0.12055194465358708,0.32990405431089626,-0.06390526871452752,0.04708613690354629,0.04608815810230352,0.01473638510351117,-0.07131747820898811,-0.07153121369404214,0.008135293563370746,1107.3144101374269,-6.179566494712995,0.019754576964720855,7.561238655900354,151008.53133470606,374.46017425129344,584.6544299006873,769574.6314802964,0.7995924124736944,23.52244505737539,245.9557885274677,0.09512387573840973,1110.5137528315017,4421.2336907134895,495.6437066209686,-0.609304605280874,3.2183281812336846,0.11093166866863192,4400
ls-3657,male,4,152.17226022936637,480.29487468075075,1461.4254169712076,2567.437716134149,3567.207315089423,4791.6954448777,17.280091058416538,1.211857155942183,-0.07404759539542366,0.22607099072327086,0.21451974695629739,-0.03527662842296714,-0.07670788911341958,-0.11077027776989448,-0.05411345018976194,0.02285093067425411,-0.06907665259744354,-0.11947179558515855,-0.03512973588984329,809.4134302534384,-8.536985153519879,0.005187126468839724,3.2841282492547115,119449.12058299716,240.12100841647793,566.3785100924848,832284.7551315727,0.9901182744719537,21.015316871336033,190.2701152866341,0.09646821556426245,1321.4235426852247,5495.94799986016,826.5639406666562,-0.13919708091224073,0.8197606513113772,0.7319401983126876,5480
ls-3665,male,1,158.9624735457871,456.5363675046417,1812.6181064288362,2491.673800849161,3631.0389003552646,4731.628707465275,16.792311234973514,0.7111074656941999,-0.15224349208078153,0.14621260995132063,0.09264988369541459,0.10455740430103273,0.09364639235076537,0.037966508175627384,-0.15781809528393356,-0.023210087539299953,-0.025307425050273096,-0.10211257718762926,-0.009343041495028024,1120.73023697665,-5.548131247711707,0.01983053739443289,-2.859915941014649,264981.72752750793,212.67492890679245,622.8465588952399,1376654.7577247322,1.179547981420139,21.79101272020174,293.58383059505485,0.10150565679788646,1616.862560707063,,,,,,
ls-3675,female,4,172.91194442043988,459.63624732900325,1620.5315834033572,2776.6732584128304,3974.0962043142645,4829.843388195091,15.579004244787651,0.662899352609059,0.0644117568512081,0.272037478669807,0.034691332296553204,0.09987169131419138,-0.07450288309847634,0.002080836725527271,-0.014924518605241188,-0.03135641614889205,-0.07756752882402906,-0.03978969663710606,-0.013473726207282991,823.326904983486,-6.110602202307202,0.003985503796411721,0.3699404166731464,161196.90900518716,337.41901401854216,723.7647041851371,1284978.9134558348,1.4165731605917335,13.056045058930021,173.77954686961277,0.07736270556748556,1377.4589543710704,5439.323245546451,865.7025138125323,-0.30462408195819024,2.8363652412908307,0.7868717889264272,5260
ls-3679,female,4,176.73738280417638,489.5216192193899,1834.8851259391195,2939.013370023661,4195.009621325084,5060.531009947776,14.727237949614274,0.395177072122445,0.18262548321607003,0.166573372458323,0.12521586973786258,0.10497908145511745,-0.08569031656466403,0.027191202605500942,-0.00412336656743406,-0.11798941899330365,-0.0566116718906604,-0.022420762567618255,-0.03874252259454314,934.2191907293878,-5.144586728534018,0.00790454303173221,4.271419363215079,169227.5670997187,300.04334043169956,717.9770993266962,1160800.9618179125,1.1405174104062794,18.501448360047284,200.58036031828797,0.09178784225432135,1370.7336133315782,6315.02976350959,1135.9612504075983,-0.7174478848396856,0.6584506229415565,0.8448031516509553,6960
ls-369,male,4,155.62375473676178,349.91882271460054,1571.305852295053,2708.21806299484,3654.7177483118676,4595.541526450438,16.659198088207347,1.0560181432962525,-0.2744585412807276,0.5719825736342985,0.24613223017295982,0.051447967137214126,0.10246871590258555,-0.012516503997810454,0.038975548584636414,0.07789125351203446,-0.08138596536616918,-0.07703628306652902,0.007291237462322184,697.3534709731811,-7.854240496239798,0.0037507883413186623,4.750306076327714,175709.28649660794,219.18909414195278,798.0787978005566,1383109.1622712407,1.8835752925369538,13.122859159482207,223.0984435774784,0.09036184366041611,1466.4922705151857,5663.251386806081,950.6977515692689,0.0025538729011044883,1.6600317341490056,0.835624959314734,5320
ls-3691,male,1,156.0658842930585,429.7364010644932,1644.5322569839323,2670.9402219009635,3804.7536803860285,4464.788053546588,16.206808563705906,0.5088397946819481,-0.0633572855972587,0.6900641669869658,-0.2936515814395061,0.22294171081066613,0.15472479575520579,-0.18722626314350832,-0.0717926332898572,0.0016085728169804435,-0.13481610354212548,-0.06714775483051917,-0.015084436311878703,1072.723787695079,-5.387900053062829,0.01922073510648418,-7.2987330353145365,80640.2070382226,152.16533082148175,730.5435440824931,537603.5860338417,0.7004072743664684,19.094821808040955,184.70143364060996,0.08243748586487096,1175.8140819375108,3906.5816064097867,1079.1097517038988,2.170500096323068,4.407287690352184,0.1012019352450942,3440
ls-3698,female,4,169.09043333555888,422.72262782069646,1593.6673330299013,2720.629531610818,4000.807388348863,4905.802717661116,15.704823462792895,1.000888219864813,0.15252475446654945,0.25041016124691395,0.16616232024569527,0.15964548591322889,-0.042078520457143484,-0.027865563412045713,0.011867093484096728,-0.02805291558060523,-0.09627584030330082,-0.10726360778760012,-0.0748569568660557,681.6132760030489,-7.35157791346926,0.0021035227829014347,1.8015454518731708,105415.69538016352,121.55565092248764,672.2266497412066,837771.0438368884,1.13627692390243,10.31576577730797,204.1267469779105,0.09370468418980119,1352.9721384375557,6302.627963354731,765.0144797822732,-0.8021529405796648,4.556136874437457,0.9732564334078876,6260
ls-3703,female,4,156.3139431745442,647.5537158324944,1797.2484329678498,2860.735141027216,3995.595299334763,4960.265088727463,15.246218953456498,0.26875139243447493,-0.00636828341092072,-0.02724341885955468,-0.04834141824185802,0.05109200481008457,0.00506853027025574,0.03130298135020539,-0.03245571244058425,-0.05798346389902714,-0.09906903381255633,-0.026969288961249088,0.04844234531562205,1210.3868979751737,-4.103005295625865,0.017263675608455886,0.3652928299787875,191862.46122165964,634.8004377384459,699.7129331594233,1196565.0760113252,0.7521058368663494,22.86107687245115,175.79523625111676,0.08827041543197452,1462.8140144692857,5198.915199554282,913.5920644547377,0.1450614381091903,1.7213326961630508,0.5749767103218436,4880
ls-3728,female,4,177.91029227636216,503.3236299897286,1774.6232924860496,2733.8806273438354,4191.573475881811,4844.546242624658,15.009105915977788,1.5434792402189408,0.08862757625477757,0.1403030818738143,0.17040701490742827,0.20629659153277577,-0.09848661773953994,-0.0017141722154851795,-0.06270330695187833,-0.19892796330350965,-0.10813384075100646,-0.07497286890283955,-0.042774611484367425,669.4407995092488,-9.895314359400459,0.0014382806442275698,0.43392633466566044,87217.33002945888,171.94441326092758,588.3846790920052,1108246.247298786,1.2409453521177853,13.373113397590984,218.9066092733862,0.09634943070839447,1309.615200655206,,,,,,
ls-3738,female,4,174.84526415024655,590.557120220125,1981.639919913805,2954.284438981813,4037.383035255617,4849.308579571443,14.838381507720278,0.1377881785126051,-0.16628380597009154,0.16836999100761352,0.06274057341218553,0.12649844758613799,-0.011281145152079258,0.01921347079249574,-0.020924404230881984,-0.02367258407759215,-0.060198392235976214,-0.004213451706844477,0.015737420384473826,1137.6356428062375,-3.5028094400157763,0.0221039785021397,4.778898100272919,204125.3032387218,515.3452847706521,731.8783145557708,1214603.7255478404,0.7558346883081423,23.103244183618727,330.0235727430751,0.10076813833738757,1358.4713128111534,4665.5305049055805,992.2928342876362,0.3143006113475012,2.0861032195184244,0.3772597440960892,4460
ls-374,male,4,164.33101024854903,482.9282855058529,1568.8775471614003,2531.6751258754457,3411.8835582995284,4916.0763164676355,17.68213848267693,1.280252568534728,-0.16522113599660393,-0.0026654598727551752,0.22894451775923036,-0.01953403845985316,0.009171935628010101,-0.006018390176660961,-0.09219599727475565,-0.050946648956211676,-0.06933843795995434,-0.11623923317238657,-0.08194261882671275,847.0626950451609,-8.768454732642397,0.005870930143058199,-1.074940395946743,85625.78054132935,247.67759275408702,475.6293460525236,824836.7450657838,1.000989120604439,9.090630918821661,147.87899430294436,0.085344185773509,970.678848092103,4948.538053138996,742.3354922816033,0.18078858675847806,3.6697793821124574,0.47116676346736225,4720
ls-3744,male,4,165.37750954032427,483.4871667652868,1605.5860284389462,2570.1708028890607,3589.9934950976367,4777.836898754018,16.929886149724965,0.8058125955525715,-0.122912367745032,0.2090967064397434,0.09048034779629535,0.08373543431249302,0.01737258857608468,0.024249130432937714,-0.11145897334960217,-0.031028034235281894,-0.07993668508442327,-0.11374530718235079,-0.08704118714773734,975.4736499980484,-6.767890952928001,0.014340563033361127,-3.4441433956960696,99679.83527323867,187.41387196102488,513.7285360039167,1058189.4166325189,1.2918365825936757,20.042998004529412,198.7092365721378,0.09516721340407272,1184.7312891437286,5200.175425494277,1044.3425961699697,0.24470979014437955,0.703116486572589,0.5435685418991437,5000
ls-377,male,1,155.65298788306544,388.89852507275566,1492.2922273454355,2406.4418564864545,3548.1362396716804,4201.860309397316,17.611143858765473,1.6463074588843576,-0.3059045000696871,0.3275929132051594,-0.012850228205340894,0.0612055724206559,0.15259370519426962,-0.08179713046480372,-0.024217883975583686,0.05273994247910539,-0.0574125235890004,-0.08050876021721891,-0.02912502432482001,701.8814686978932,-10.8919329981667,0.0021511863279533128,2.2949790534763688,142874.10319989244,321.0285008041942,595.3014039885238,983451.4650202022,1.2959676932194941,11.48454771988531,158.2170318346528,0.09593332569724378,1271.6443907138619,,,,,,
ls-3780,male,4,148.31449178877585,782.9314789515201,1518.071840748131,3083.925185334735,3597.6762282137715,5420.679319407485,15.917518331467774,0.7989081888866704,-0.12656419468862964,0.06818278451252671,-0.11361437962433121,-0.43179671105743844,0.07923485390201418,-0.058978194979063814,-0.1522522513120968,0.0425985738421662,0.07998842804766274,-0.03978776706425638,0.0461828366183439,1263.2379224137562,-6.2764772442073555,0.030504794231743182,-14.579968894275765,137095.37838041724,327.8166185607234,713.2022825077373,1059827.4193269778,0.7967920064015088,18.948403282119138,268.0254669672794,0.08671101959520586,1209.393527977672,5179.5611636690055,728.1982595681679,-0.02029439723702038,0.9126410455935441,0.5798414789203088,5330
ls-3783,male,4,142.35299367925836,637.6003566684288,1998.0708855108028,2908.884639268257,3612.5267364339893,4781.489416383532,15.793268638378429,0.6036646499170192,-0.3050686313011725,0.4774543646446172,0.07383684222185552,-0.18542653861404557,-0.005238032507285434,-0.15007429708655448,-0.2326407832736661,0.019815356018612083,-0.025945483141057275,-0.10011853326847785,-0.006031099210476939,1257.1962025502075,-5.393526465689922,0.033487635679774475,-12.539629974149118,142295.15533993626,209.07378992422468,980.3775001788179,925201.750762237,0.717244706736475,31.15596961549491,301.61609722339205,0.08773597392308938,1546.3984181776796,4217.285793030369,765.5378073898712,0.8306531135228149,1.0367684953545155,0.15311545197247312,3880
ls-3790,female,4,176.95484035476412,522.5870898580868,1828.0201629173055,2951.9906006227984,3945.41437270962,4905.923927737267,15.147331302535637,0.22110686119542367,-0.10485285284464524,0.18976686510613178,0.09577025459589672,0.05703507036411252,0.014853966664305298,-0.015002894338237613,-0.06052280983874088,-0.11860679049383493,-0.08337664816208992,-0.009487272389188969,-0.020232229279004386,1250.4500476511798,-4.27757617090891,0.029017727307659866,5.400398340996945,128668.30012935732,281.5715256179727,416.53900246365095,1141759.5872637678,1.0669825888350108,6.228516168840928,213.23656614858714,0.0862004853431678,1053.1025133562039,5744.333444084115,989.9306019819413,-0.4396478246137583,2.4641565288271137,0.8559341804566194,5470
ls-3793,male,3,189.96707028837133,471.3569783155689,1715.2907974312777,2649.616296874875,3961.123587582363,4764.726484194061,15.795210348068153,1.1229034922936805,0.07986317305092609,0.29503966937872844,0.02145685750499437,0.26659180240578945,0.01428988295188042,-0.15718304110758968,-0.03556655478147576,-0.08977600357014785,-0.15845132677980783,-0.06985748694890949,-0.04619698681308469,669.2521749481125,-8.067991777196118,0.0018069064195922096,3.627753739691264,78962.47402771036,169.73159388840918,586.552368795532,1091870.4340842885,1.4843110569077136,10.523101536347223,192.16148766957636,0.09179777746276792,1190.5595759824737,4542.165745428438,843.2297959129102,-0.019283269754848998,3.5298021282699796,0.053326261097103825,4640
ls-3796,male,1,146.71099768008202,366.071268958403,1759.249894174955,2487.1902263356155,3561.6434548591587,4415.012019956525,17.08854197755865,0.920808307526464,-0.34144491444135205,0.35216790717471985,0.0018450347014477885,0.28984700600130275,0.15007648320412909,0.0013092921323174752,-0.05876759424522152,-0.02515592586535157,0.007639719754682864,-0.05975692829685885,-0.062664153283657,763.3971593964851,-6.8815962943575135,0.005740171248463152,-0.8738021189999361,129721.7330380724,127.30338541579022,515.5822475396683,874699.9895030183,1.0116507368619885,19.867626266595984,304.615851632199,0.0981160870397041,1053.1035527348652,,,,,,
ls-380,female,4,163.07861178635247,570.7474532069568,1979.705695128919,2907.297036678039,3858.0736638691315,4721.802439143345,15.293808544983872,0.051404389302504676,-0.5005963178984218,0.3642676519120627,0.004531752937000422,0.11594056950446033,-0.059362418095853645,-0.04037152931511731,-0.006026877005056178,-0.06592236616793754,-0.08454491641653471,0.010060752445723017,0.005619105772010466,1704.6938089722144,-3.9443378203184922,0.14780848221791895,2.897205282972701,174736.412944899,350.40899059057375,588.1436627876129,1223860.7701960942,0.896274926722193,17.827111181573127,261.6419260690459,0.08971961704182155,1183.6535313845332,3681.2989412914208,654.3672479251959,0.19236076686304052,1.9172069716024795,0.019931040466786277,3710
ls-3819,male,2,187.7403151589953,387.54043484315275,1527.8539255908481,2695.718551792552,3651.1849001094147,4961.4695604883345,16.704484948823946,1.0181370948972914,0.19327247837802444,0.2458074598905724,0.2565078550812976,0.030144311275243252,0.0398127024893552,0.07405529757110202,-0.02983258045940075,0.016484785686150125,-0.04757838175015109,-0.07666465109932054,-0.08699580474665555,588.0987070423761,-6.983116700833898,0.0009319905961974912,4.375113431535071,133768.58119152655,206.76155166246298,624.8340017253767,733671.9970195955,0.9897629161716698,24.16015457054557,210.28389172408265,0.09656650231278127,1307.605469374122,,,,,,
ls-3835,male,3,138.18183171981542,405.3684883613996,1804.830354903392,2733.750619713076,3631.6805963178585,4870.893842802205,16.3434596864166,0.7161777659632075,-0.3303553469980647,0.19052587420987174,0.28260029345954957,0.045680457592899695,0.09530026099443936,0.08439232759789234,-0.018679995309268733,0.042814549602114116,-0.07284824509474509,-0.04409572283810913,0.024242919609904393,965.7899057771122,-6.454577971237222,0.015517474350276105,4.186332578776527,216585.49043539877,390.2716376107049,657.3332460204299,1369536.734333722,1.195148092157972,23.489090434251324,302.5069709904469,0.10272873416139625,1435.7682602843727,3794.3517661897467,887.067381927954,0.9512969778563474,2.0633556847277434,0.1634404003135679,3360
ls-3843,female,1,180.53420141057353,391.59152012412505,1696.3228715906641,2999.9896571612985,4113.859355998254,4684.962914425727,14.915522161833222,0.5204376338272808,0.04490223445259246,0.5070076518732352,0.11063864982593143,0.1851586317664982,-0.06247229161197247,0.08917843243395004,0.03965062957635407,-0.10061483499630657,-0.03476782397168195,-0.03408340782668024,-0.043836742899174504,729.8112403604695,-5.608243636480165,0.004209868647304313,8.864856508149604,188241.39029576592,226.16781174324035,810.9427176492723,1202195.7723927582,1.3964445456349899,5.620528360052643,265.5053069534879,0.09994719935889491,1515.0200910002638,4275.208601258517,977.2574355240923,0.5798195379922774,0.11235077503626067,0.29664481140466203,3920
ls-3845,male,1,140.0516662281374,445.2748919317823,1677.1269663804676,2706.8391813134795,3674.1146009683953,4814.519584306201,16.432052024605117,0.9120717148273557,-0.1213047018140741,0.17741551066446443,0.23572457677403755,0.09817790066215211,-0.009465662224143601,0.05612369226656321,-0.04899354363393856,-0.07881630021611238,-0.16735863783158111,-0.11289446639381744,-0.04819722659717797,780.3186832738332,-7.096436599218029,0.004556303564590915,-0.44633966902122046,87005.70633688528,114.94761313380997,402.0615201732528,976377.6824574226,1.1778566680804572,8.320762635562227,198.0924258524525,0.09244011173821351,1159.2608886625276,,,,,,
ls-3851,female,4,175.1965327728958,488.80014542974175,1834.4773367889456,3015.453922639481,4076.734732042045,4939.434495539634,14.83259446182965,0.47273026424601455,-0.041122255583873696,0.22669956671348057,0.030798555134811875,0.08969229567270137,-0.010100098858968603,0.04169022378668341,-0.076527576044046,-0.13326567911474363,-0.022878120355298855,-0.023189508710627846,-0.0329286757607772,1094.4365222054162,-5.565345557049989,0.015160098986921442,2.82532143939012,143861.77826176205,316.4287229393723,550.9719857494979,1149981.1292490652,1.0766556458144452,10.497718091315335,207.61343432571383,0.0985174409866839,1190.8121642269793,5005.410784940837,664.6258988130819,-0.3432186388145755,4.192289444966297,0.48231672941597376,4920
ls-3857,male,4,147.29155389334647,404.0695297523266,1768.4595713043775,2788.553881387261,4034.7563524298075,4967.276130971748,15.403939004685787,0.17629082617048497,0.20827749230213194,0.02527620297513172,0.22456692104579346,0.1947216307762603,0.03645538367173701,0.041727674193086636,-0.01914147236878576,0.05843082315424015,-0.13140583324446434,-0.02901101200327174,-0.050589484795738805,1020.7705145302466,-3.7866267841662444,0.010693566280629261,4.649740813714962,187591.66189583938,217.6146846962515,654.2698117411704,1161027.9879373615,1.11800128618771,16.727625794539172,313.12441594905835,0.09577216156128436,1260.0675118843305,4901.019003682812,1215.357233863391,0.7986421212166037,0.05915833141778781,0.367387715357278,4700
ls-3869,male,4,149.61725894108986,447.5050191373156,1544.7237945748182,2668.480171473211,3757.1688729326943,4360.168281751111,16.4123875339576,0.9061287286940485,-0.2842665847339047,0.44276103383750876,-0.04739598517735458,0.14182848261853642,-0.06651974434797911,-0.06643121240685398,0.07082912792843181,-0.02188534272335967,-0.09360062325058482,-0.07298836782178603,-0.017859037316286512,952.8649298693553,-7.545325619004555,0.011415623937337818,4.429816307862488,132350.49566454644,240.64053852888688,610.6895451887956,838864.6262721384,0.9626224695441681,11.097010238597171,228.55169431645737,0.08720026695188807,1156.884650894824,5920.645356850576,929.3018424468477,0.2047606021098869,2.7042836558277537,0.9018218067304753,5460
ls-3889,female,4,119.72900471160501,627.9773412224539,1896.3126741184333,2960.7535312796244,4095.522316681174,4706.361794436327,14.751621380796678,0.8095854251547236,-0.2052814495053869,0.2542764818209403,0.023561999790885864,0.07671068264558417,-0.08684238508721635,-0.02990683937530139,-0.024308615572074997,-0.10305973812342692,-0.05839088156027954,-0.015326220994692292,-0.014588442133176774,858.4114383716309,-6.8603908642933735,0.00545141790195448,2.871936250838841,226531.75329053472,426.06545138080185,893.1653384140249,1213456.0704460293,0.764685440996939,24.01282980944159,286.34870883892756,0.09021750222891237,1573.64213226031,,,,,,
ls-3895,male,4,144.04829874305577,406.3621778311866,1716.8583852139834,2683.4420776314173,3956.595124493556,5033.2096104540215,15.784927482734808,0.5383899786057498,0.07088932872079252,0.15531040706922267,0.26154988498567133,0.16454463727135157,-0.002822526460523316,-0.04930387953424034,0.05687743548798782,-0.022005671991966316,-0.08944778166144773,-0.1078511136037916,-0.07250094836718965,807.8858115242906,-5.552628091600381,0.006315385938332999,-1.771702033732852,108632.29382190641,163.18515886308202,504.54874609085095,831545.9082965278,1.0530996665954473,12.57523760218562,182.73229190735464,0.09074212792128974,1125.608350962892,5169.006980646485,1138.2488665271808,-0.2508604182905247,0.5393264512858028,0.6085078199584619,5090
ls-3906,female,1,182.68137106353893,444.20238452170656,1720.2333262802606,2854.985592740764,4012.2522086399495,4823.295126042571,15.32348317438891,0.8884673629526398,-0.143317119735484,0.35940918308981756,0.04871697206816558,0.1430839344068769,-0.04059887570593476,-0.018264392864080103,0.12405154161804346,-0.09549147105556978,-0.10694715141881167,0.005644998511501398,-0.05286863958805213,904.4178661095839,-6.945637189225744,0.006487262471638966,6.11904285425144,152434.2597719317,279.3525776012236,646.7473747369772,1104285.0653318963,1.1521613874829348,10.536280421350707,217.03089037236572,0.10130291896106923,1328.7688304948765,3699.8928062208674,866.3762890433159,1.8127041250489286,4.4058360448944915,0.07721793957265201,3640
ls-3909,female,4,173.20925202854616,443.3421252556528,1795.3342561291465,2695.9439035896603,4056.0663168489828,5167.355905974773,15.377202859225985,0.953678022391288,0.050969083286589015,0.16084628833089867,0.20968257845913243,0.2254940625209289,-0.06824047764421154,-0.1226048444447011,0.0034377066174879445,-0.06057933109206708,-0.10197119803239064,-0.08587051853076014,-0.010137130770024847,713.1521974234172,-7.022533539864179,0.003917043850894995,0.7694294588790601,116784.3354828071,292.34759549392834,601.7687638700818,1242126.5923974868,1.3663275165596653,14.981491527823263,142.65752466670693,0.07865386378031905,1280.5186684946855,,,,,,
ls-3911,female,2,178.76682292234008,525.4119306866721,1812.1932338027113,2888.417548569095,3975.2931548442134,4614.545811248761,15.240653358066023,0.2399450187995842,-0.2071943553705463,0.3003568781511896,-0.11842958325728206,0.21541973781208817,-0.1290946240459549,0.014452610512752708,-0.022633595980967643,-0.14249955398940456,-0.12162348062721687,-0.015029480540386296,0.017842077052238735,1522.3058709073348,-4.5191251594889925,0.06266929484122222,0.14425091630937664,169259.52786201955,258.0578534518514,547.3625899284843,1128399.1805437733,0.9943860978002187,9.188229634705305,182.06916447493427,0.08295701872717338,1363.2354048942573,4239.831842762331,461.77452970998536,0.28581996287340333,2.084725715043322,0.07123887626531256,4140
ls-3912,male,4,150.97279328019525,460.4189123451156,1486.2415280059222,2480.053341748874,3637.0465622759575,4475.985733570342,17.235591378758382,1.264546760728528,-0.18694345018094108,0.3508696206052193,-0.13328012846226042,0.03657926390792315,0.09607995975881169,-0.0365039432494692,-0.03058599912978032,-0.01082371360459089,-0.08923711316962471,-0.10049843227214059,-0.074996180565644,775.0107830868533,-8.589906201422107,0.0035228622523311073,2.670966249439058,97580.95292322931,225.33305266070158,415.0405968996878,692479.3067144371,0.87366894409059,14.576883942646779,171.95656656730725,0.09454821805135269,912.293310873968,,,,,,
ls-392,female,4,170.37909492618638,496.5815658045233,1783.440680908725,2989.29612235819,4240.231921735866,4960.099793471821,14.52570217864427,0.7607881973598578,0.30793978351143503,0.17743391186628021,0.18304585098242382,0.028490711737104324,-0.04920030366714438,0.010915911971825454,-0.12603880571204595,-0.11906244315633312,-0.08560752136576828,-0.04198831815260673,-0.05434112430777742,716.7814038239976,-6.490528643826006,0.001989523903788936,3.868762200728435,83653.52501486475,178.92307823332965,742.8948616070456,599072.4690703976,0.665860624951661,13.006738354962389,204.2968035898834,0.0865765105346265,1387.5829845712337,4968.180881960228,852.6229809364928,0.7538991147313383,3.9929210801382085,0.4192450985280791,4880
ls-3922,female,2,178.12107975766986,553.793210667992,1790.44364279808,2746.6225673017616,4333.8696701396,4860.332179429319,14.701841419776734,0.6526366771507573,0.2961044610406039,0.03509145521713577,-0.03754960733883641,0.2712326070947922,-0.14486750370482104,-0.01732115004557688,-0.08020031147697018,-0.12139493375362143,-0.050551219559091636,-0.07184247891986971,0.011652737643993773,858.1438433961368,-5.968928168307797,0.005314137098437093,3.1804844859484245,107161.31945478034,276.8752299727454,550.409165843248,843354.2973378993,0.83594448790688,21.47606458418366,229.43889721889246,0.09044276023091417,1201.6268971799277,,,,,,
ls-3955,male,4,119.47818406112135,496.0433031428859,1493.6200637363045,2704.456719264599,3515.6413883404302,4506.260688552475,17.076238951002942,1.1310400633349396,-0.39689386755176265,0.42084169052052645,0.002292770007497092,-0.05579454340884685,-0.06448053000818048,-0.0597670538142049,-0.06543185061866738,-0.06772543339081366,-0.14462996795235072,-0.12270797610659892,-0.05040063821286999,851.7088707627133,-7.997614435652551,0.009626109410155476,0.7065255848396333,73677.56550247464,161.70328183621368,517.5107247628288,520927.8814625244,0.648951317922611,12.741433945236466,79.43789020618968,0.08447630588832813,1089.1255799231083,4388.608247950455,1023.7304016185809,0.6862137721309207,0.46238175377855295,0.3344144257551456,3860
ls-3959,male,4,151.10763917442023,419.3914687386417,1858.5416936307124,2761.95127351437,3761.7265291998765,5066.2443856422115,15.913592484631566,0.46371929356947417,-0.2452358273048884,0.17817926247598154,0.2234021529225247,0.10092498315301332,0.14245719537143609,-0.019887353587933844,0.029397971570775214,0.042969287591823016,-0.07639874925766305,-0.06271853851799175,0.013308308671885274,980.2483343243573,-5.470693704154017,0.012510295731419463,13.297041986871541,208370.30111030588,374.4663382188411,643.0859683518611,1204764.7122256039,0.9503671198126475,10.279645255973229,314.7079365745585,0.0919798783988402,1314.1856984352669,5152.125964435134,1168.7509789803075,0.34527464740149694,1.516401281117302,0.49833041955783697,3920
ls-3967,female,4,169.86482299031547,432.4038279892046,1885.3257324712727,3086.063968711976,4171.220596326137,5499.999999999999,14.519085884858306,0.7010997819306438,0.060048365692561376,0.34783797686977136,0.1626727147344364,0.07011628948818327,0.04188804324596719,0.06530452385691454,-0.03183562258834001,-0.18045872272016106,-0.0010548719059150936,-0.016293142306968246,-0.07320570760885299,788.3580387495492,-6.236452764287542,0.003936322887297668,2.992852762985028,99124.4667714316,208.93576597671944,499.52546478293834,1083033.1249923203,1.1435396424241888,7.651349522178798,158.31554539720074,0.08480350398273828,1202.3721771503483,,,,,,
ls-3982,female,4,172.70475912080593,407.53161114798695,1734.0814272159182,2844.718093711992,3801.404472270201,4598.823438870236,15.790439013103018,1.0730115234146917,-0.27467567256951486,0.2878232286274043,0.1499422602658354,0.04920772818342456,-0.07043672143769747,0.13332132739000208,0.02317707469922548,-0.09209952315132351,-0.046610153751492446,-0.014436535550662814,-0.04107970718509316,854.5745280957628,-8.635921348885386,0.010154437928994956,-0.8255670460055129,155321.15371374265,280.4140937384495,680.7392523593479,1145212.1122642485,1.2346229615631343,13.202508210173857,187.43334246394687,0.09008537641737546,1389.287226669994,5870.118585118278,724.6636789274324,-0.6514528763051125,3.3052671929831696,0.9571274885389223,5720
ls-3983,female,4,176.58040200555587,463.8759539037152,1677.222148367027,2841.8703786994247,3890.951973107192,4711.896666723526,15.62004863143429,0.9076499070241595,-0.05867203083711557,0.24084011528978205,-0.01976090441878451,0.08863083180281611,-0.012073113718746285,0.07020306561537762,-0.03481558226099933,-0.1134471123061905,-0.06852129317378333,-0.045864657693891774,-0.030257031971859853,843.9024501681065,-7.498835510878239,0.004675756097752408,2.500419170415245,132664.4093563737,265.9467009994335,544.5064024458321,1104568.1311674893,1.188338272415919,12.267110952446659,193.0980367061738,0.09139370752572507,1035.075047460862,4002.273014784424,909.606116166007,1.4674091615233587,3.7392844805314915,0.15146484970130303,3970
ls-3989,male,4,183.94568087372676,578.6417445581034,1658.3884998861104,2816.0438495154426,4132.438719089107,4894.052283528976,15.147993042672285,1.3337268780462268,0.034307670837932625,0.29206480061090284,0.04854778214738664,0.08684845540823774,-0.12157601359261688,0.012494181716645073,0.0010280545865420032,-0.12772328959910656,-0.055820755228505686,-0.02809876982723182,0.005588453328585768,684.1837272119043,-8.996714784162746,0.0014642461999303529,8.38820488040794,145680.12327814545,277.16476881300537,676.684006804462,1135963.3510625723,1.1704364478810891,9.741904331251583,228.36285106417375,0.09652686730604192,1421.866959194103,4048.9450397677774,546.1233629421785,-0.20955767333923292,2.63150563231265,0.04559996923055157,3840
ls-4005,female,2,176.3214240518365,464.3492939613094,1658.6451202973,2853.1975435859754,4229.435217998018,5324.676155885552,14.905375202144176,1.252437329886368,0.27527965022558953,0.3186908984254847,0.15472359400279698,0.11732502021130421,-0.12810352689279267,0.02077802452220398,0.03818145117391595,-0.09227087909780265,-0.041288497312132695,-0.019101036607964746,0.0007409886045591011,557.5919658517182,-8.225750974377062,0.0005439603711652912,5.893591455966222,133065.83256473095,301.50811895240344,791.3658139978796,1160314.2172215295,1.3312336822946804,8.0304532712384,212.471271763915,0.08890009277696731,1420.0661906178852,,,,,,
ls-4015,male,4,185.8750172165387,437.7676444446282,1510.7890324122995,2501.7272336444667,3908.410042528222,4738.325532416167,16.37243056741555,1.4332433673683311,0.37928974297237794,0.335934518946734,0.09361392404692341,0.24164326163750194,0.010879390007066937,-0.06207162331000174,-0.10688047501704442,-0.09112942338992658,-0.11405719403196701,-0.13481881633149828,-0.11296261136127933,535.9432843766697,-9.093277365456249,0.00022452777688113177,-3.326187200578299,87916.46099409155,117.12273596333381,740.4816672092078,975139.7297407228,1.4466298028200157,14.147515404015952,211.05173653251103,0.09767845044745181,1478.7768961786142,,,,,,
ls-4019,male,1,177.79189776411678,432.6240313696833,1733.042940051972,2624.2647511080695,3539.4822777417617,4570.493126133346,16.885119313974783,0.7483115460903242,-0.5219835635966993,0.28277155819047883,0.030077473588825912,0.09649397331963024,0.12356189410229601,0.08241336065175464,-0.08611703144153957,0.00886297854068078,-0.06953414735052289,-0.11317471844590987,0.013480482345377225,1096.8818848003484,-6.479507453266506,0.025687418933109465,1.439698043789388,171533.95946287617,352.3760321845544,462.9316455629553,1216279.0323228394,1.168595140340816,27.171411828981057,276.2686603140473,0.09277825398588736,1155.6511246325838,6015.838341109384,859.9645568542096,-0.2356471132134313,4.286048518096141,0.9244837805328965,5720
ls-4020,male,4,242.7468388952778,524.648778792422,1879.4171748645342,3170.864433555359,3960.7795015559836,5125.375295487849,14.7187433454589,0.5535478765583537,-0.036294600297519575,0.16428960616698818,0.004458043824111177,0.025403627354230865,0.21282836812521838,0.004321733871731239,-0.1627426192408593,-0.13217484622230036,-0.016610758424440347,-0.0038836997013934954,-0.02896894296231902,1110.3258594505216,-5.4736376083968015,0.014465804842352478,6.2345219834086265,111659.34578016034,331.89930930391836,344.18345228803605,1452938.2145016305,1.3123389376673502,11.469293867494454,198.91027146069075,0.09430824598796766,779.6889302049032,5659.201692712268,1064.6269517368232,-0.1818883200153039,1.7266802878874656,0.8294821014268965,5450
ls-4021,female,4,159.30731161155626,571.057147375315,1732.9266484912073,2789.775007403407,3966.5156935358764,4613.902439635076,15.50038520380436,0.38353209194728566,-0.192712137630416,0.14573415073165535,-0.1462631680826243,0.1413518118192289,-0.11241376584696283,-0.04385319145641975,0.026771655052426284,-0.13715436294129535,-0.11597594517679463,-0.06808763854112132,-0.04199524844310254,1310.3739175576957,-4.960176629350417,0.032427884213275734,-3.138498239928953,93093.53656561993,191.8583578322975,470.5135362978614,773187.6583412676,0.6555462238649996,16.144060764224907,200.2896111667534,0.08232885039852839,949.0624390533397,,,,,,
ls-403,female,4,172.73468418092597,364.3259616124526,1626.1068944509711,2697.9382750469617,4022.1219915025413,4625.330526422735,15.682276003733737,0.5605406973850213,-0.01598542212340329,0.24826811637613166,-0.05687718446703346,0.29195090804353474,-0.022345062361786253,0.041199174064750294,0.14967854667742952,-0.03164863122470428,-0.07557359352534411,-0.07074715062140977,-0.03750652389826564,979.7371498761124,-5.675845030596613,0.00849630754084535,2.6103923655036763,145113.5302073861,191.80742704512883,513.9398959217531,989703.6120363564,1.1078378333621015,13.315687074559476,204.47982512450653,0.08523764218771035,1110.2467924214309,4267.650918519811,804.2043955574024,1.1759546866829589,3.541475732509422,0.13122270891485882,4170
ls-4039,male,4,145.49476391390465,512.1590481528135,1708.3905576764228,2571.8061238381338,3736.929107151347,4978.986447817068,16.556517182208587,0.6785680479820482,-0.036648766902810145,-0.19057406482243744,0.33311190455790335,0.13885749685725157,-0.06691513259725984,-0.03181263822490284,-0.06384932653363176,0.03962415633657676,-0.08202943035413385,-0.07121307280615505,-0.06449526589078572,1112.7527908864743,-6.122571883271293,0.03110789649800376,-0.4238565772179974,176397.14438468637,301.47930667645346,712.4134168245075,1031117.7125574275,0.9058841497995899,18.03814680952161,243.2713216731915,0.08666634081756383,1364.458237746192,5391.655838118977,1023.1765693131363,0.33476637567047945,0.4723741162240247,0.6743532650577535,5040
ls-4051,female,1,169.8239871847024,482.5734238314334,1566.7105434776363,2660.0570959370493,3878.4870493428775,4856.210644686831,16.10697666446014,0.7187532939655642,-0.08618251778391124,0.1946677285854781,0.055466440564308085,0.11344466285143467,-0.09835215856099239,-0.11117382477119588,-0.018070822814769887,-0.013707362032079517,-0.14429475839524547,-0.07396992330217003,-0.03837074975775231,1027.8774923041424,-6.319655222657725,0.00994037212149275,-3.3325913552936437,150859.3912393352,232.3486990462149,817.8161686563981,1403620.8782339445,1.4716610186977892,9.956573734619806,142.26849013308708,0.09745415762888812,1318.2169394438654,5902.0663732768235,1181.5780447727777,-0.8293307727638706,1.2885803820987451,0.7121199454636875,6480
ls-4054,male,2,142.8228924047263,526.9778034772843,1608.3797731462687,2555.9557626557485,3634.3931343770637,4744.151950840592,16.872416063544208,0.9428625800007252,-0.2462474128810047,0.03528820178246118,0.05847269744150645,0.08339393394066938,-0.09335355107005901,-0.07891758657243439,-0.08175330414464113,-0.028344464703261962,-0.12642893056890986,-0.14034190724201545,-0.044573115665143555,1091.9339756804538,-7.281099945392615,0.017869757170427072,-4.614909319061958,73241.99205113831,134.61362688152647,534.352746212855,661660.3328325811,0.7194745990478542,12.960679047618768,142.16238316941065,0.08919267489883867,1128.5801873140717,,,,,,
ls-4059,male,4,151.9085510307453,455.19856625561476,1726.6717093254404,2756.0604469939917,3796.1781422489876,4732.087559166381,15.955465819595902,0.4936405662740922,-0.19180574932902816,0.2867675832772955,0.1310706059309492,0.11274028998342359,0.004103165959932615,0.029979861790570696,0.037403128786486495,0.04901685931158527,-0.05247814767833628,-0.05457817598362602,0.0034554398161751247,1016.1585494879406,-5.185242310652174,0.016750579556830923,9.022777529031517,254183.16242859204,489.75703185099155,882.9768180614145,1294646.430644782,1.0240284409987814,20.087224290188637,354.18161005410815,0.09427095275461986,1642.2764098085554,4625.715891409863,860.951467130163,0.8282271659016132,1.6517132647066946,0.26654566584475975,4390
ls-4064,female,4,165.65504946633746,478.3643208123908,1707.7978180764253,2833.985944034436,3930.776752564404,4830.147942203781,15.556797410306306,0.40421018885591065,-0.016519352762445743,0.20473054515315092,0.09112552236989271,0.0973150338285052,-0.042449078854101624,0.054129059382407044,0.03902100593467569,-0.06889736579588243,-0.12662399508938607,-0.029752664141836017,0.005573690498675215,1022.2535158605151,-5.154668743033987,0.011713962848910036,4.644838922354436,186579.1979090119,307.73855012858587,532.226396064962,1333577.8467453886,1.3169804741895557,9.440325507740384,253.1025344578771,0.09626871067048781,1418.6084633835726,4965.7025662253545,1174.7839045814492,0.06910367465058719,1.1507462619621802,0.46331732005925946,4610
ls-4071,female,4,64.05723822809767,717.0878155433741,2088.845250641438,3293.4795076609335,4303.009597065905,4952.25458135026,13.726777879914659,-0.3952750835816717,-0.04859346222252069,0.27810457586775006,-0.024968197158286506,0.06871210015005191,0.06572547674876054,0.07819553798082916,-0.062034960687639806,-0.08114995322847773,-0.03532249848250566,-0.00807208848277783,-0.014293798618029756,1414.3213017493113,-1.8102743164345132,0.033110552348656376,4.494696194566092,268147.9644335958,1065.389765273966,917.2866350750559,1596117.9281917221,0.7441187969908102,24.333496910264518,268.8300413749379,0.08769169064263442,1689.374974681912,5567.2061031223,864.7103923652244,0.3239748951989737,0.9712793548368591,0.8027436357697433,5530
ls-4085,male,1,189.3156142553406,604.3760324262031,1622.6072664977485,2522.728944257845,4028.6311209641885,4853.090217090492,15.879442271829484,0.7062146398248813,0.07204315598948258,-0.08533149277504384,-0.16581093184664417,0.024910197140843623,-0.005288223784012685,0.08659499711513022,-0.037485847217971546,-0.05575057949708268,0.016910907796881612,-0.07492618990634697,-0.08115711397622202,876.594436772833,-6.531031482639963,0.005257069475213891,2.6899405895684882,168971.06698076765,591.1043522122025,551.373465566106,1286004.6500255903,1.089692203766798,25.12516992674636,189.78286675372826,0.10542168154040922,1077.8768493616385,5412.255442668976,955.2066160218943,0.9656733814199313,0.6480475217690249,0.5811604464631749,4920
ls-4090,female,3,167.66154269352862,524.3109913816907,1745.521455552726,2680.590515782623,3820.206001784847,4539.2365942664765,16.015613759775505,0.5190859745470427,-0.2743005553321994,0.2618783909885948,0.002797065307005797,0.19492731692167192,-0.07941325646660702,-0.06038735220948964,0.02305761092782115,-0.02734713424288793,-0.12414741284336532,-0.073088795284597,0.014842185738577894,1166.1966086767375,-5.63230977346153,0.02810028639663908,4.157410150505061,170558.49513271387,339.16280025766554,799.2103007699561,927331.7787366314,0.8300384475217987,17.085897754094873,298.1438033829534,0.09456340766664517,1272.1742753810568,6164.568378373226,927.8836315720639,-0.6354960215965999,2.1329496783732864,0.9041946191343453,6100
ls-4108,male,2,153.1475754763327,386.18138299866274,1862.1855499371222,2516.847952233783,3514.097272386244,4243.241788536002,17.03211605686958,1.2171683270230864,-0.5972994292095086,0.3644865401556351,0.14828900711124932,0.17099891913864695,0.1878105768387598,-0.038465499531372425,-0.0691112967069773,0.03421265181559109,0.026263559197264176,-0.05420370556639742,-0.04598514022453458,905.5016701341266,-8.27162583446183,0.01263352210108187,2.895432279869435,187031.85053878283,244.5478203731011,631.3932218982189,1127365.9994282702,1.117343465699542,18.17833058093011,287.6509484606557,0.10528971622565533,1132.303409943012,4231.133482112933,759.6871493776459,1.442126063241329,5.312182439880911,0.10859899528467241,4140
ls-4110,male,4,161.60386203686062,455.50967815972297,1578.8776833148718,2652.0947083014535,3769.6171220897213,4980.539632691528,16.40414081524564,0.7849480209523206,0.04270995364417056,0.10893069010121299,0.13235315593919728,0.021349144192564805,0.06354803210451417,-0.0001619449063463979,0.022704539957066477,0.06680856338195426,-0.059422657164416734,-0.053263181770801624,-0.007574708724559931,815.8454267634824,-6.6145475391860895,0.004088199906207084,5.175232545430023,204380.41015853017,472.9150806186649,713.5200592884972,1137723.7518600512,0.9500326435172317,13.181990140386384,301.56879970058696,0.09704013766109196,1535.0929259867844,5537.903126528434,1108.6328288616207,-0.23474174735840342,0.5950424116987734,0.7154647950501265,5210
ls-4116,female,4,174.07522168571853,604.9976585542618,1824.4806946404888,2951.2093027610176,3801.1595028363085,4702.98985119465,15.481350659010538,0.18462378652936956,-0.26617517747795916,0.2129395643437239,-0.033263328859856986,0.01689114530454107,-0.14236884216818058,0.07993607403167974,-0.15120929666087457,-0.11877491466466178,-0.05197543528397311,-0.04020375474555206,0.019182349899074497,1509.9316126752383,-4.0608444928530085,0.06561868364273835,0.5865353641746907,152430.5110934815,297.25393486733054,631.1192834228265,968246.7980432536,0.7781777687378539,19.88206237934785,213.59904050461648,0.0873901244475346,1287.800589907095,5009.92562273294,968.396828575319,0.24365160113608764,2.321033280443847,0.4602553951482121,4700
ls-413,male,1,148.1236119815543,620.1829051775521,1822.119967203186,2775.56893023605,3530.255334151094,4681.532274304591,16.451721825767045,0.734184857324055,-0.7480076215925576,0.2413291117475537,0.21037072762854617,-0.09123345818021833,-0.08467371812060105,0.02708883000719239,-0.011778747664838687,-0.029176931510711004,-0.04270880715080896,-0.052987608932371234,-0.032166967421575945,1426.6920376591274,-6.748770943030788,0.11440883063864837,-7.948569793563333,185732.70232589295,397.22265041100064,810.7859865579339,1047312.9153272272,0.8091235279008268,26.287387393704826,237.207096281722,0.1005792506132225,1320.7067337611668,4348.511954221858,979.8781996159528,0.7602798576309336,3.2122036749274674,0.11631683251564627,4240
ls-4179,male,4,156.3159499712844,404.0363760589995,1624.5991990101384,2657.516804904476,3876.3493615214743,4861.5252840709645,16.11122503384174,0.734380190961802,0.10814672731592073,0.2287260042902011,-0.07208267384881548,0.16181269094848058,0.13160856087685846,-0.03703223314568885,0.0026505893716304114,-0.014945359479248813,-0.1265229572334917,-0.06718704048549552,-0.007949795628225783,901.5826674354416,-6.509791651571673,0.004437493838310675,-3.9894099610821008,139388.1254273631,195.27489254033242,673.6660552151939,1049584.1049242392,1.3113864578745125,16.744060261754143,185.88807943143422,0.11069782186424068,1224.5410323520553,4640.075709379749,1067.2760861356724,1.5092417429249596,2.3016959246171798,0.23438350163475158,4220
ls-4189,female,4,173.24650932836894,464.31147364856395,1820.0512797082683,2878.097011177659,3963.50247759438,4608.455267200064,15.270487603901916,0.8310417663505592,-0.15938250581847255,0.37151619077102055,0.18641653602795955,0.16774701296012645,-0.11851601479284649,0.05195602198124771,-0.06675416366378598,-0.1534061696791742,-0.05937730863423961,-0.08903432741252754,-0.06499629858148548,865.2777305221473,-7.071912281739188,0.007630855820524121,-0.7888752856938532,111566.30442954742,156.188679438049,726.2524241810858,1177737.5316098477,1.294619176818783,14.294588746676983,178.80065448767976,0.09146965235562075,1447.5409544381,5556.473862666537,1044.8992791912951,-0.17337051493715291,1.0633944275042433,0.782145218515546,5460
ls-4192,female,4,149.17372573188248,476.97864888444025,1808.014162891469,3002.6641483696317,4194.649088343635,4834.556471938191,14.694572299921433,0.9991501378875506,0.04043072480578637,0.22329137539492633,-0.058707295010966706,0.19381760157861866,0.02392508584964097,0.06603280840417017,-0.01736107335436575,-0.11353590917295811,0.03968712265709952,-0.001885442366575427,-0.040422560394519094,739.8981801900857,-7.670332442349627,0.003605675168104893,3.9960858190416886,161724.34860493726,467.2561364988052,511.83014958810395,1263678.2002994544,1.2257830684610185,13.722063857740206,267.9345329478122,0.09858729116705275,1109.5747510843944,5599.289788882085,1118.4065219013492,-0.26829782028649385,0.9179017743500368,0.6393936541437908,5420
ls-4195,female,2,178.3308245553327,508.98563366259646,1595.5097395397295,2955.1107230344774,3999.7453462507283,5401.772849540654,15.29216661751338,0.9418853690915003,0.12017955455507073,0.26386645278269727,-0.13879488315459151,-0.027402989506569424,0.05388146338313471,-0.010355388034065636,0.025488000136661297,-0.13101053944566077,-0.06502507193410229,-0.02021220366346857,-0.027136095602599643,916.1901492164379,-7.225466874507161,0.0036901737403348513,-0.21310148045334326,122874.6420577443,365.08930761439854,518.8470686000527,1330172.8804380046,1.3797189562030632,15.964219473836042,164.9420591429357,0.09318986450962874,994.6590291761579,,,,,,
ls-4196,male,3,147.90871987033594,759.661176245085,2051.331669223702,3057.299065129626,3790.553582722502,4987.98138316134,15.136962979433067,0.780724638832505,-0.5322196046124797,0.23043680242021086,0.16206943331004517,-0.030532207376876872,0.025239074111908177,-0.02586747925056465,-0.02743553720028537,-0.006616753105349567,0.05137708106786541,-0.044298047755721735,-0.025366386261182344,1171.7024935631302,-6.681682846732981,0.039167896535983654,0.8039613404926738,200272.78628946602,630.9378507524789,908.1591042497987,1080453.6159479904,0.6483772107906544,20.23398122964459,315.13920490051055,0.08798397622723625,1321.3409659034355,3851.0666937520264,1072.3824340244644,1.0657402188589638,0.573671155920936,0.16729060873324758,3120
ls-4205,male,2,148.16568638136292,439.95028459403403,1861.7890028399277,2524.3141090214817,3536.6934356048996,4799.686878603079,16.937007002923544,0.9460261791097652,-0.5706792868739441,0.22454407208463023,0.1909183906803184,0.13917346968336303,0.2582098158674476,-0.06988534583006448,-0.1798916236853801,-0.02383253652718669,-0.06611499135054968,-0.09938827540029291,-0.050438773391579275,1174.0297978995272,-7.547601098254686,0.04706812817517235,-4.155008380407162,114180.22520565335,204.6583788454692,382.19620118892067,1063384.5126434593,1.082272420004595,17.844260070262713,197.65378101809625,0.10595363206138973,768.8394337741075,5065.134496675535,1090.7834252038676,0.6592621488972932,0.5329659218166547,0.5274022371278843,4500
ls-421,male,1,163.66801816259596,348.76087258454527,1928.6997004128461,2912.5520225868304,3891.3764818229884,4815.844589455806,15.332542360934484,0.11465879302390533,-0.12392118178745874,0.39489534040681934,0.18989429882443953,0.24052587595413452,0.07507851900943234,0.059463109927207776,0.0683080793692932,0.011454585593815464,-0.06692053891713648,0.02714255371865849,0.0048731775286059,943.823060392584,-4.342595181897698,0.007959805528666741,11.314990404562831,176642.60593383072,274.4012735859928,557.5251812021452,1276706.7062346803,1.3739166617395009,11.660674718968187,302.33131785625665,0.10142163709853462,1160.1351776882402,5099.686266630647,853.4376930637692,1.0946650229552524,2.5733231313204064,0.4446364164684934,4680
ls-4217,male,1,145.45974295788028,737.6186061323789,2017.5639522240167,2943.2246605104897,3732.800761686853,4719.8137225152495,15.429494431743063,0.2570174518629384,-0.49248284620392435,0.3175856489071147,0.14608185807139543,-0.12759420864347432,-0.2204744381714852,-0.014780144316113927,-0.09229992210087629,-0.01718245555191844,-0.06677641042725116,-0.03652582407615065,0.06085161597861331,1656.4489878338813,-4.219593205035746,0.1846732616798204,-2.302706094763244,221223.70772545054,247.3218486284336,983.7284748605045,1590127.8435446597,0.9666605840611864,20.683972034650477,285.70560580591604,0.08451211080707068,1695.5082871048132,4162.000774837012,911.9182290773508,0.5193551654325824,1.7626115676782312,0.19451669182517192,3780
ls-4218,male,4,145.93287905791135,408.5825423546364,1522.6959698767196,2619.228212018083,3390.9405180599365,4473.049644318564,17.563602729804053,1.552432571677184,-0.45703469647138045,0.32864092587976146,0.2653327088874966,0.05072873422288805,-0.008398914642133621,0.0014612897286979832,0.02682078877798689,0.003398354826098756,-0.07225539531476632,-0.09489045975578349,-0.041943539936363725,637.0712948419127,-9.929685917354256,0.003866858501980359,8.763552997247784,154003.22878529568,222.06686171419136,675.3300766113927,1059746.7704927907,1.3858616947069802,9.168083875946047,191.09784622076165,0.09991874435674063,1166.5877934041382,,,,,,
ls-4222,female,1,165.4240398800382,462.2006360361499,1721.3283723456009,2570.066820393312,3793.982622292996,4923.41614134336,16.32085759322956,1.1183715846105773,-0.1605016093985579,0.0063623619824508355,0.13888870316298252,0.21419948122363458,0.040948203825160345,-0.10394282741374379,-0.03962650392781795,-0.08062237393443088,-0.13736987214401836,-0.09961248939231232,-0.03599246468127565,869.874008240766,-8.046744759930094,0.011858041383297113,-4.51415681771736,83363.68463281126,209.2219775254876,513.8270928277577,879922.0554093013,1.0704062661377742,18.176737824117403,123.32219624104636,0.08344799448288075,985.7477220705578,3233.1126416638035,806.8707675708833,1.0975401761795553,3.4991567652925597,0.03762356629828102,3160
ls-4226,male,1,174.1020195143862,415.1511409478626,1476.0075985271783,2602.9889317400116,3715.876285168225,4887.538329385378,16.754331486923245,0.6152921976897026,0.20819397850093427,0.18645151921415132,0.17011410252124204,0.06772144417870529,0.04019865097989579,0.0015511174706168084,-0.1187657435747616,0.09589707383320925,-0.0986439317912337,-0.07973186608343999,-0.0512250122838334,823.0700287016723,-5.576254125163333,0.003815132273494068,2.035176754500574,147720.4320898226,220.65510185849882,761.875863322573,1090588.1907224278,1.4139208300243957,18.86627076698069,217.54161894880005,0.09961723599510404,1208.4956310150042,,,,,,
ls-4234,female,4,169.7007076373904,590.5071466581244,1618.3984396039382,2806.3602173073014,3718.44927607575,4813.473142396486,16.10243227675267,0.6458937195065133,-0.3804551340901803,0.26077628044927137,-0.03729324011715161,-0.11182785417640083,-0.008447936081542571,-0.034374972368391876,0.0003920285148993107,-0.02695882045195836,-0.11859386757560589,-0.06518672514528175,0.019184055465948965,1300.6938203779782,-6.207382024898438,0.03723812175217023,-3.0621960044740195,160054.77074908267,350.2486153256948,579.6053502116375,903142.0162590607,0.7538620577188474,23.871278799144463,229.4662953722119,0.09498539107826492,1271.8207143249513,5426.626348271386,866.0226654646232,0.3269884661899677,2.0784032931207372,0.7645535918046856,5200
ls-4235,female,4,164.80186846873067,546.7716279154395,1709.2567197212672,2743.865547252788,3836.4015210605703,4697.601354999939,15.908666794633065,0.7904484297866265,-0.09555350684345634,0.19890094164229166,-0.09592019467041087,0.08575382691216775,0.04391126468260048,-0.001093798378199149,-0.1177800355093141,-0.1162419812500187,-0.10465955769351847,-0.04165792633825948,-0.0030048151461767886,1005.6774518697019,-6.790718218751624,0.008138223138623266,4.293981713854089,130754.51094059518,341.65034095252076,431.8363288252448,1274444.8540338664,1.2782677683246033,16.890451387237004,186.4298335778757,0.09801328330048459,939.8046188737809,4779.111949827593,934.4502295316224,-0.2717258157521505,3.718579756814906,0.4069895537477853,4740
ls-4238,female,4,154.91117039597452,650.682176222517,2052.378257608945,2962.6926153485438,4459.041743645246,5361.16993348031,13.91211363629581,0.3932271010917828,0.06084137022366339,0.03931165531779688,0.1609870739502035,0.21804825977402104,-0.001359312816115922,0.07602909279682923,0.03414719756246986,-0.030884589528146555,-0.016298340127797788,0.002759767065493141,0.01729619601911643,847.3049333839938,-4.4888118462327835,0.004815020404714857,12.170768148183805,242941.31583076005,1124.7674205417134,902.1814561506974,1262670.3886767484,0.6901497553293714,12.012857108454913,310.1099138316042,0.08171111735581287,1580.1686859328893,4544.966589350374,765.2502703590653,0.5972464108846947,8.187517595128273,0.3740147662584382,4700
ls-4243,male,1,179.39838896560553,487.15109688171174,1618.3882023376407,2681.330516822979,3721.22918200187,4440.7823298973435,16.40713900250703,0.8941436928699786,-0.22456007965284053,0.38282894797507994,-0.07229459376875984,0.11062422944637204,-0.04920196655203267,-0.03410976849199304,0.02935775471503211,-0.06760427157864521,-0.09803704622952998,-0.0805640287639506,-0.010453335821200494,957.6473533305088,-7.471349219203386,0.011180444440292696,3.1643253405751013,125142.3503810629,262.64078081729843,526.1069593739662,1168107.2036093716,1.3509622213942325,19.97443509307933,193.018936335279,0.09396768859321676,1176.0771966225975,4981.151892004873,618.3288785375496,1.0994592630568532,8.05667320555559,0.2159490554396895,4900
ls-4257,male,3,143.43226685654457,449.8823876258479,1594.4085704938914,2645.2753198914925,3720.0735360542344,4401.679751336168,16.623878115391427,0.994886035908873,-0.22267475051489388,0.4378085260872344,-0.08424770330259412,0.1245001901987878,0.0940770681485675,-0.061465212422336164,0.01645858539135513,-0.010744470295227616,-0.1378060513597365,-0.08168618715444663,-0.010493403876367807,786.2458600328057,-7.886731186225158,0.0041612448897738906,3.192456987655417,132369.78913112544,199.81132607994397,544.2092499857522,1007300.9965394791,1.209136405113628,14.056746677125616,205.34644133898084,0.09523079374986834,1128.4630624231852,,,,,,
ls-426,female,4,166.948533703895,467.4034999731094,1827.395200930188,2921.9686288111616,3921.205916033328,4810.17150571465,15.304295980829448,0.608216252449104,-0.14154756569730192,0.2504979628235726,0.19931856080851096,0.07716586372613969,-0.04697242257905909,0.0880598709392723,-0.003124240303026248,-0.09079791103003038,-0.08177472981545704,-0.021624802734516578,-0.016357177366602728,845.8846430745441,-5.756071166398593,0.00635072441033116,6.554340180916499,161953.1974442924,310.06368340593576,569.0927316769881,1142053.7139979035,1.1186118267223142,14.943576247632286,256.77948891173486,0.0904403949342927,1299.0878671608757,5694.340762088966,1087.588332302434,-0.1363629789836673,1.247889057475792,0.7497373531679821,5320
ls-4260,female,4,173.90042967101695,397.1198523874699,1631.4402809793503,2706.751412956137,3786.0343254040595,4359.913301381903,16.232253915526947,0.8491062517109879,-0.27975959875337086,0.3551752849684549,-0.006948645375630495,0.2358990776496092,-0.02833402204256557,-0.02318427269705843,0.09777204699117126,-0.06864730351973318,-0.09572171207336158,-0.08715551651288284,-0.04051423356876499,867.0471744278811,-7.3427149339335225,0.006890131646654385,1.9050407339720832,132888.61885533808,184.1845122032285,494.7095562447357,1119343.8996937454,1.3134299482817167,9.101532891821488,176.47539614808522,0.08512191717010877,1245.4005843960636,5432.758420130672,892.113015595752,0.31787385009179614,2.736252657036295,0.7013837059176573,5260
ls-4262,female,4,169.95349196881898,558.041066688311,1618.7447665746165,3087.687787608337,3829.079844528769,4635.213328452185,15.469157566039584,0.11519981802760065,-0.05346570193451553,0.359029657493249,-0.23562768832888725,-0.033585965329357204,-0.13395969348316117,0.08941290047628023,-0.13553199287089318,-0.14748588172956983,-0.036437372248148935,-0.09860028805796386,-0.06404272904907733,1617.938207189904,-3.965689497999445,0.07022861322106522,-10.57258829721658,80573.85182311632,203.38557562970422,528.7979038937732,686606.2549791718,0.6468529998457317,10.507519260102923,106.80990356264421,0.08842301232756543,1006.4077269004845,4299.471849611885,642.7792370660819,0.6831534522820422,3.525186275967978,0.0743766642970086,4460
ls-4267,male,4,207.89581833850326,457.1295640050975,1595.3878783184864,2700.5495722742726,3694.4777223482524,4676.864804648083,16.447924756267838,0.9217806562106796,-0.15846909006982995,0.33155041076635167,0.045182589144127636,0.04658999195173569,-0.02607716797483032,-0.015106777536055951,0.04051889385810077,-0.026281226244254774,-0.07866882409200918,-0.06939890173546467,-0.02425331335135876,935.6682817690928,-6.949555643038739,0.007744354799892815,6.397316711925563,166151.9767346246,328.949326714959,689.3369473812807,1162993.9890825944,1.2753652026387785,15.536587212062175,235.4390069146126,0.0933622840444767,1431.024468743774,4791.632768569985,1271.0037558064878,1.0250586735753966,0.0722208667601989,0.2903535315624669,3990
ls-4277,male,1,145.3932544609699,652.7905767986722,2083.954473180097,2775.291453092356,4177.6632295215695,4936.199927795045,14.692725963885852,0.3066087712312234,-0.03789572106902846,-0.048146573048355526,0.08791127151996746,0.2357063990603227,-0.023146586778300032,-0.10334225683700554,-0.051042867385555156,0.03153287586230421,-0.02807103335109846,-0.02832472927631359,-0.023004765303513256,1270.6039209116311,-4.39887027647802,0.04724659352501153,-1.5902879812429198,210456.78701662956,580.1142143493411,740.5596950897957,1037173.1181090599,0.6410053333743159,19.690689884646055,337.35894178355255,0.09541968153126543,1294.4597711676151,4286.663872738489,1470.8169331195845,0.8243817773752409,0.06391525421423117,0.27074798618159307,3700
ls-4278,male,1,149.71601049052083,392.76062531918217,1659.08512746738,2521.9603212430484,3748.135824864406,4823.136783046146,16.62265305213217,0.967298444065982,0.07140885941764927,0.16089784718250236,0.12224324972657338,0.21108979013313284,0.07890514503281333,0.0014419602003187555,-0.04840736862449511,0.008547965175228768,-0.06568189718407354,-0.10568770681330669,-0.04955640287051767,645.2014839675777,-7.41652352526334,0.0024207896484387554,0.795242975623764,179743.6498751976,192.42817766569982,643.2545823577354,1033563.7474553795,1.191051236658226,15.373383023802386,204.99009725933783,0.09170408298771722,1362.4057787904853,4613.12193403519,774.1910749893256,1.0492806272860296,2.646939279177304,0.2487365092575698,4360
ls-428,male,4,132.64499736976308,923.6176115914014,2044.4484638836525,3360.951254394013,4340.0386694163535,4950.6261702009015,13.540987744560432,0.08389785583687309,-0.022681989812189576,0.056631920202090236,-0.09731161280620235,0.08455234947913556,0.07875222543678284,0.04551926851084882,-0.062420442051191585,0.05827558133364341,-0.008638672701712018,-0.0006793370739779159,0.019792895615321743,1357.2080080781238,-3.5661261218806857,0.036431253159617406,1.3941254630136357,198266.0881353047,918.8667414118731,787.1137679214085,1229529.2206431737,0.5996675773715555,19.24206614519434,509.36464643387984,0.09354424800076375,1337.436703523224,4364.600451819843,743.9102042774065,1.34915171631754,4.54481492395618,0.15555131586682133,4000
ls-4289,female,4,167.68791433221855,497.80054925200125,1740.8767801939139,2847.5975564565833,3893.8090483333813,4587.6460273372595,15.563355977468106,0.5528751691422757,-0.060152748705186464,0.3173828992184356,-0.11788828021915579,0.13146650098384516,-0.025237378719174985,-0.03146043526808514,-0.04928263545608802,-0.13482284436444658,-0.10092387954335293,-0.0796953876245608,-0.028752715870733934,1012.1833019882649,-6.271804468698241,0.008304542910973626,0.5598528563921708,97594.88234435895,237.64454563543052,599.7267295370212,957209.7539785551,1.0086117035090303,11.720649946185716,151.98998752897066,0.0858002301778668,1074.1467082270037,4579.581156252855,863.8464476943695,0.6792980534435227,0.718876082864933,0.31888857668612375,4010
ls-4297,female,4,173.34732931259651,558.6293484401141,1811.8918999294765,2928.000774743782,3909.556143757689,4580.603065904808,15.284422373701657,0.4795603479336772,-0.29999326053351605,0.1811268248011452,-0.038966060541989575,0.08857161469883126,-0.0023873669138272124,0.03613708593076426,-0.006879882431334633,-0.12282699247045176,-0.027368843505522048,-0.03651534205515873,-0.010936458109238384,1349.1308828981046,-5.4690525591389925,0.047592969943711594,0.09022214421178065,151432.46969765885,399.4931124511111,558.5713439789615,1073985.9600725886,0.8702639413118296,23.59126088942181,187.5731282808228,0.09840817765229914,1223.3180490912064,4661.278034196006,868.83423875227,-0.05054060591298932,2.5000001251390094,0.35973588930680034,4610
ls-4305,female,4,176.43476701873178,409.45291507298185,1808.1749476305588,3031.219560839654,4274.63822351333,4876.819335314356,14.483389936438876,0.3365680230543767,0.09596775970466932,0.30184281849170963,0.20875157151271106,0.0733778528230018,-0.09342837434896355,0.12692737109956512,-0.05808770802580944,-0.10100555111547038,-0.05729076578145207,-0.053889969513497685,-0.061793224099207913,921.2296848020042,-4.81490789862513,0.008830296875126646,0.7251486492996371,119451.70001398108,167.07113954594217,702.1187072033706,869384.8964883991,0.9975701055632104,12.107526187436948,183.08434272850667,0.08627514139938912,1277.2794158249003,6052.50477313993,697.5170744669898,-0.2748681749295466,3.1066298860579296,0.9675389861067825,5960
ls-432,male,1,164.24893890337,498.9597093795765,1734.9482035071555,2442.294367662457,3266.823284222698,4700.739343466746,18.02219783907766,1.1392638602442253,-0.46912916745055827,-0.1137961706482464,0.2289458881154412,0.1735974433708642,-0.04828843936030639,0.04764385324255565,-0.06337528717073268,-0.08690800034991997,-0.001133645407991464,-0.037716214220398704,-0.0804690976096316,1152.4515198811164,-7.751503239722211,0.04551787426095804,-2.862061042124548,138214.15246360557,257.86019885761186,557.1777241059162,711300.27812564,0.6343531985739712,21.61400318845741,281.59708082935583,0.09049468052648157,968.4664494806661,5052.936706341012,1023.5082827254196,-0.5274415439112559,4.693522356789336,0.6569157106779436,5320
ls-434,female,1,158.68946605940596,589.5964105449881,1933.288261555479,2854.8460196764822,3754.864302644861,4923.711772258441,15.655705213764403,0.5284762823081474,-0.3989072560886171,0.13964492608782006,0.12543178270405667,-0.004533581193373195,0.03627862430923932,-0.03130176304476398,0.0019182129199081714,0.01017104380941111,-0.1144194632512222,-0.03664531196579283,0.02660245762135614,1127.2826390515006,-5.484293242722147,0.028083686771199698,2.3344720845611606,205114.4479582809,552.4735767012097,837.5594698790296,984970.3138310357,0.649443578210863,22.6340823452886,255.5372644662254,0.08468237500879418,1464.7965438405918,3586.8916169488166,635.7206486540226,1.2515279697988015,7.736254296655365,0.03382341591378869,3680
ls-4363,female,2,167.4091761985788,596.0648133692101,1727.5264972675795,2854.9509320600373,3870.8409549013986,4870.273951452649,15.59135445720288,0.913912019112188,-0.07640234782437477,0.25137204040468675,-0.024380668233373322,-0.03240478946685514,-0.042385565921794544,-0.045066096454307425,-0.01895956223955917,-0.10363616739232975,-0.08231444254921011,-0.0036435336846770633,0.01694628151947691,897.6594467694405,-7.275952032171219,0.006368653499638882,3.466667062454576,147793.61004738338,312.35766883549576,645.6561137455557,968766.8791834658,0.8960476955923904,8.618002655909827,186.98269134425232,0.09188847331249858,1204.525486275862,6114.810707138093,991.9362626413765,-0.6191106602658774,2.112217095493327,0.868884183357861,6780
ls-4379,male,1,141.06988635709877,362.54311149491883,1655.4305971101307,2602.564911786397,3802.5007781419104,5001.725628258153,16.34816842109411,0.739049449828616,0.26072118738346306,0.08005687628466243,0.2785559291349142,0.12087446484084473,0.0960728781916936,-0.025769514895717504,-0.08485753916480482,0.03689500287798242,-0.0437197283779082,-0.07167760223087478,-0.07405448466761902,675.1598749381392,-6.318973425284118,0.002718610776697527,-2.300401241052489,196545.54753922773,234.89019747215355,864.0760735012816,1627946.7982031663,1.9229536628141979,8.775959590820868,245.84298019396516,0.10130718598256604,1428.7951449127045,5011.744486420141,806.1263934844918,0.2289249723026526,3.926934544684629,0.4301790531687261,5440
ls-4381,female,2,178.8565137159365,394.1266179496972,1660.1602314017564,2581.807652111571,3711.7609724827175,4326.151610600616,16.60460123098556,1.1479306753101064,-0.28854966591998826,0.3978572189816052,-0.04055213216048363,0.2477247367905153,0.11482449566858641,-0.06434672614809415,0.061219404291204885,0.005025876460016896,-0.07402964714080523,-0.03912524170267711,-0.015947100034423095,771.8130702232811,-8.252839157288893,0.0035029903562798694,9.668971607737792,125258.41779643063,303.2564823954946,541.5828795041591,975938.8767389857,1.275329961702298,7.833802430173477,185.53642802813596,0.08665721379535671,1046.0694602100539,4044.287633545712,899.3964423429993,1.1695212947031122,2.2041450050606906,0.18098295526022384,3670
ls-4396,female,4,148.1001290144826,440.1381137024873,1607.0652090505082,2775.725401510128,3880.507218982968,4648.8142159533345,15.87031634135288,0.41827834643411543,-0.021488476756294,0.34891150526155057,0.05830118513211509,0.17373973288332245,-0.17590283694312145,0.06980246907834928,0.033754367759457046,0.002844529756636252,-0.09934779319282565,-0.07611191932470848,0.013650786357513035,1036.0275071684239,-4.982310920971645,0.011162412688781964,-0.685450930221688,186212.91253659574,334.89441036382726,706.9721304163893,1301734.7181009604,1.3725772978308282,13.6038994905418,289.9391875517623,0.08618833051862909,1623.574653397536,4748.561329986518,798.6876328682965,1.4442399058699604,4.249667617241984,0.25352586332194516,4440
ls-44,female,2,174.80266201118692,471.97453466430534,1831.3744854764245,2504.856538678302,4103.285034831471,4656.81347502026,15.56775249505803,0.19716688356588247,-0.005573430736507283,0.021675126852706752,-0.054625552017143475,0.5648687335583673,-0.16714295700145293,-0.12292394021686533,-0.04552971111452803,-0.033844552529850476,-0.08262675118162358,-0.14320645642551227,-0.06618990334054102,1215.9668160500062,-4.424075814011683,0.033240841878031946,-2.13911350880048,86462.53808800707,215.61403469102916,491.4659801202197,776615.1683836785,0.7938682988465684,13.98891382638985,122.87746922779289,0.07107696984442483,999.2160274828128,3867.3773540682014,1080.943115432743,0.029996259611557996,-0.6868587320434738,0.14899001947889864,4120
ls-4402,male,4,166.63969073689648,404.3681325602588,1531.1516243837018,2566.4564221302835,3857.941087194587,4643.215865047467,16.437892075933004,1.0195878162977485,-0.0007771184087755519,0.3835511403238433,0.011252509920882421,0.15594011067928182,0.08377567813037798,-0.07783611232641705,0.043908678890734104,0.04784834409401957,-0.040387943215180896,-0.05337511912055588,-0.055721481325011986,645.5366105178832,-7.736691946818961,0.0013685303187680584,6.407991575192366,189644.7572154608,295.1369756628372,734.8697110222558,1206182.243125638,1.463827122811909,10.668938700573916,252.64103148537646,0.09752444221915958,1364.4546730237362,3843.7737153722715,776.4877485567197,1.0683742548607837,4.3313346191648705,0.08844099345479121,3540
ls-4406,male,4,190.583920106595,517.9281164910881,1680.0194760103573,2784.4170246463136,3735.8370216843127,4479.5573055878585,16.118325180976658,0.7572384052339356,-0.304407031219466,0.44341295940014824,-0.03632792757956256,0.11785162731303006,-0.0726051464443693,0.0035622334101677896,0.015040104304346418,-0.11782036153790051,-0.10579488191618891,-0.07487136191453048,-0.020426173201963736,1091.2785583984294,-6.627235483525487,0.01677544598377284,-0.2002039358967841,140919.9789276066,222.19525476498816,644.4225960186789,1065702.5048118401,1.1373767323855388,16.181914540807043,185.65218559402757,0.08649408381804771,1336.429738311292,5401.166901529896,1146.0724292666564,0.1740058634709508,0.03236140328636683,0.5711818687907744,4780
ls-4407,male,4,149.7211219108658,385.16491136021546,1497.9908813955903,2692.5369214820157,3840.0037304794605,4814.758949971896,16.254267869878554,0.8539675755964855,0.12418684736767872,0.11228582025634745,0.23363746999045024,0.1452879395137604,-0.1364874137733964,0.09599753885259926,0.07622424449020718,0.023347371875229478,-0.10510672342996837,-0.09983789220412032,-0.02938844257116125,773.7988783314349,-6.99912435408232,0.004076450867028725,-1.8706111499306108,112202.0983903771,156.83778903428924,453.19696458569445,1024457.6410483315,1.4155534383787622,13.054010937278143,184.93033107399015,0.09574338567499925,1196.0808974931547,5515.388529905513,673.9486770963108,-0.04602957879372888,1.4924782097383589,0.7312913505602239,5070
ls-441,female,4,161.3062333174603,420.52279294951376,1678.65006433058,2798.763059361489,3930.1090109309193,4874.2991511771625,15.643177453343988,0.5042128436810516,0.10203804623198617,0.2418676602912766,0.09377677212964183,0.1043277333319588,0.03816201397674771,-0.007764778924651777,-0.015989542928421453,-0.037341939787792745,-0.09343092087153565,-0.04871343998884058,-0.01811102520543947,696.4285135473912,-5.905271334103114,0.0028235451013231775,7.621772136645122,118562.773481303,283.011407005216,496.25529777501833,1037874.667149872,1.2510780522976286,7.8338865435274165,211.06208483820416,0.08685221852224276,1318.1659031157508,5903.573683411102,721.8092548336334,-0.29400080010272556,6.257992929837933,0.9678457581602777,5690
ls-4420,male,2,143.989879744051,399.21336561458406,1683.347598650987,2817.2427970769277,3571.5205298703377,4505.230516120651,16.50712477218598,0.7449491334913119,-0.34739277310601524,0.5732323145660112,0.1718312351509969,0.05305847218326573,0.041304921968323596,0.05995818643857787,-0.021738152535931816,-0.011668387534720352,-0.03738212881783458,-0.07662415160254493,-0.042185928048302235,866.6958855609907,-6.676218863703989,0.014071436691814022,0.7918080301284949,228057.6730619612,230.07275655032,814.0476959855429,1413803.545598747,1.4954901719606257,11.840014533703908,251.0188891337525,0.09121610123039281,1511.8871937456856,,,,,,
ls-4423,male,1,149.65009684373155,502.92005859221877,1520.473097005638,2685.6194534953074,4207.588217672472,4838.401371661011,15.329888519833547,0.8907790213419109,0.198162415402509,-0.014791030048681085,0.12066452944822376,0.12409666762663518,-0.13478701986619965,0.11736318564074259,-0.008569859080081786,-0.01615821067018953,-0.1054358969527675,-0.08410216996840122,-0.0013449176377262966,831.4028433682497,-7.335036542576829,0.005725800034914571,3.6706588660944943,107621.10835228187,294.27247558751833,478.0670198911596,862814.5804171285,1.024415518118043,14.791062797411982,142.47473529664728,0.07990497339693028,943.3270100025147,,,,,,
ls-4427,female,4,174.75256222130812,433.82802359642955,1751.0069050084207,2966.4240798830006,4118.66301512067,5272.357592899245,14.865915272235451,0.9126209682128951,0.02485022802728221,0.2620345027807311,0.028886160482908117,0.08024411805293143,0.02847423020275875,0.038226322866537245,0.03824326761780235,-0.14257963073710345,0.0061535992751362316,0.023466448996982726,-0.03816704731746001,816.3416343457752,-6.968180856529237,0.005464980577965527,7.029455862637954,128667.08759236732,361.02703373453244,652.8321955926411,1105976.036853271,1.157748449077773,12.125134690675132,185.40799443121398,0.08409568915649226,1247.4232276956614,6186.356397706788,983.5522371519821,-0.7884245238955943,2.252240015044997,0.900100152235049,5860
ls-4433,male,4,135.2265322079735,698.3525693205565,1572.1994322518253,2800.5192228730575,3628.599092419885,4108.012628688355,16.633766454141053,0.729454177929538,-0.8410985101693597,0.5244968158055302,-0.3672700184919087,-0.15956855946095289,0.005825194296326092,-0.20382862615714006,-0.055368044483015605,-0.07939752371891746,-0.1334595020939089,0.02164865072689153,0.0661638184599735,1547.4576842165275,-7.16097877981624,0.09325247880804143,2.8398150078391824,133962.43450885452,159.00885503418925,618.6770853572991,1056255.5606494956,0.8567662749734953,28.4767319801085,74.08352738207455,0.06930976406486909,1160.975463487378,4465.406004551981,947.1450968905374,0.763596540042847,2.1684524631864877,0.19502717243139972,4260
ls-4434,female,1,178.49078690985093,525.9878575308578,1517.7707875134975,2662.8831949285723,3654.7131569754465,4755.564146351605,16.713392805434907,1.0976652376073774,-0.12802264671211033,0.21420112393827145,0.03294433244885741,-0.027215985301112054,-0.07380697845350076,-0.08821700259086726,-0.06906492448278173,-0.08238211325967681,-0.16913573179812344,-0.13525729284629967,-0.0559894443827339,965.2627664631084,-7.751927040140531,0.005648927248203421,-9.770519856242448,62127.01826856025,123.34475480474111,593.3768590258369,920289.0713861401,1.0885346680156005,12.450046269455807,146.51935925166472,0.09002197476115091,1143.4742602096676,,,,,,
ls-4441,male,1,157.4278472224512,443.43829831550835,1529.5286378297865,2510.261329487951,3715.3822507520954,4337.698962010424,16.86127614578542,1.0335571603115967,-0.24553506021807056,0.4042620489057561,-0.13420028133257336,0.22641338555319224,0.06786288345785253,-0.12724006194560203,0.029108561824803973,0.05002629887821835,-0.07075611279107605,-0.10897287810664429,-0.05436009880708481,865.8435474156245,-8.02076989236766,0.007805363025700894,2.912599390189455,130268.1673227044,245.04650905832654,555.5596522034077,811593.6574365871,0.999446159816652,20.3760082930226,221.4578488480961,0.09702663273277491,1178.8358818819415,4093.086410262765,1486.6028656625072,0.393897373380787,-1.3969977349002964,0.4315178438640414,3520
ls-4443,female,4,145.91717999490504,426.53822591097116,1650.326216913083,2790.169544155027,4133.6960986476515,5377.603501703577,15.170054308332755,1.1195740440356015,0.49584054353641815,0.26691293141271494,0.2707126623386671,0.17981825267495066,0.10564049965225676,-0.0374994573256929,-0.020729156661645168,-0.026583913518301642,-0.11006873222744978,-0.05161623221908537,0.00581432964393013,515.3797768745089,-8.276857996245447,0.0004995360924146271,1.6674457752743366,185812.03027958865,224.5447631628704,843.4204428579471,1338736.4624307035,1.7213434952916602,15.28173991826414,243.05288238756862,0.10188703194385998,1564.3158565323965,,,,,,
ls-4474,male,4,156.49438644669982,479.1201655858566,1587.389488551546,2680.139186097601,3646.186446151044,4467.798884173044,16.570350038201674,0.911878259680466,-0.3635181159816695,0.37969559296577304,-0.06603463788115668,0.007253022711524389,-0.024680614663788163,0.006485033677214196,0.002615151384428599,-0.020236935382319333,-0.07359591688666492,-0.0941320999506389,0.030546763527545734,978.6254201059263,-6.941763212564748,0.014133929751026938,-1.705339883136257,170076.06600219847,305.1118556791316,509.1677736323003,1029245.3564897326,1.0360924998082561,16.984318173493158,255.09938582765238,0.08251976802419544,1472.565748275034,4824.058900066433,1136.4044625775578,0.46266164560351364,1.3508819478770437,0.2748137966391019,4600
ls-4480,male,4,143.0106028170714,364.02811788268855,1571.120351841539,2719.398611348549,3949.095864045479,4850.26413266258,15.910382880574936,0.2691158343789077,0.2323262393804144,0.18655463710727055,0.08576316816690119,0.2150905832119474,-0.023144630731729097,0.05699444501306451,0.078027557769733,0.08332983697894505,-0.14251786589226967,-0.03547099606742847,-0.04747516377192867,867.5813162587996,-4.307482250834937,0.00596719506255745,0.8436631018593852,164433.1648298098,275.30545182690014,498.7187287046577,1165822.4055380295,1.361346036418079,13.344573608769615,238.32542698953972,0.09492142610840033,1355.0627379411746,4823.899019242035,1097.8414986499756,0.9493711084931646,0.49233781257262965,0.3834765523745786,4180
ls-4481,female,4,152.32868346450144,456.9229702344762,1736.2982086762981,3060.969658821713,4196.955346456263,4842.260413054768,14.720016975889205,0.1924549038069243,0.5425079725840594,0.22135648324945123,-0.16047915559871334,0.20612057732136907,-0.02828543914792442,0.09523250607762866,-0.08474421416357256,-0.10601937315931387,-0.0734855969075715,-0.0040022996342167945,-0.05354528234674215,988.1626280087439,-4.398088504066717,0.008200317781362083,4.261584556400965,115888.17343043267,204.48401729726464,471.2455017419717,1360447.7018206655,1.5148813536580459,11.813650456742874,229.2510215563131,0.0928928345140417,964.2131983251452,5801.929104348126,1048.4071046183813,0.1573020607703185,0.10385480110085732,0.8168086512740597,5480
ls-4484,male,2,142.86840075845663,455.106971404569,1493.996497417696,2529.6478420716417,3495.4891960982577,4763.951933460419,17.478244778049508,1.3457431283509842,-0.1529719374183272,0.22472583541642005,0.14525319206176907,0.018454871578323793,0.0114025554711141,-0.0385061992200315,-0.0971507059725137,-0.013465491192227824,-0.0483605617837024,-0.11098667886049729,-0.06807752592315142,724.0325931014355,-9.667403449965356,0.002977267699412632,-1.8531977470840848,137987.44612006805,215.4882035334447,686.2139558022049,906285.7356113704,1.0660649583184896,10.122440176871784,179.03011890729044,0.08516387671418377,1318.9733435198023,4487.769678396475,1062.7444807586496,1.949755768740665,4.4911315967570005,0.2009266856732103,3930
ls-4492,female,4,178.2076484490247,511.77492051989276,1784.164994798346,2838.621378952719,3971.5114865947044,4684.563285575967,15.407684854964243,0.742571415154161,-0.10018547518032864,0.19089773591952594,0.04265291499023647,0.12110131343660507,-0.11108590218624086,0.00760900156051572,-0.08590216007665531,-0.1456382682821209,-0.10751229541777518,-0.10962504714267304,-0.07127388360910164,999.9724354668408,-6.131607109397581,0.009881679715579596,-0.3392968636133959,73198.83398521939,109.96042303393028,552.1531068987389,820038.6803354202,0.8128442734528263,8.299662971894058,134.5915915732335,0.08373212250306641,1157.0710304227814,3793.707819278242,1004.1296460165738,0.7873035913485831,1.3020484063465034,0.11679530525339349,3580
ls-451,female,1,86.34589171071832,790.6228397432697,2158.195451141353,3211.8139447751632,4217.818074649824,4733.869905126937,13.907546488081564,-0.11041114129565141,-0.2492328388036944,0.2731541975397678,-0.034279472523351305,0.10864635633166163,0.0011456789513334018,0.07986999729741981,0.009441138950563425,-0.013745606989696575,0.019202194571173517,0.017213146940043972,0.025630824491427548,1351.8717866784764,-2.7308909417965683,0.030382261353751737,4.9341055770626765,309148.46085552714,1206.28032268007,1118.6468337959864,1578143.8159228605,0.7082004287456383,28.92194347901679,298.9230658245356,0.09422786509788429,1703.3926096847392,6254.8837276739605,1087.6045963640279,-0.4631769968607005,1.7702775108958617,0.8361132638581832,6600
ls-4511,female,4,169.21590937736164,479.01061388130324,1672.6416205851428,3010.243336298605,3951.6629145900833,4630.8316111266495,15.248311636706731,0.5705264623504396,0.07368157339501824,0.4213220445516581,-0.06836184667846594,0.10073463816561076,-0.05563379992237568,0.041972170286869406,-0.032072330649058386,-0.10191284457271023,-0.06493881977266834,-0.07330199525876596,-0.029713362772856397,940.6114123376648,-6.068058283893287,0.007955161534926357,4.5083249030363195,128910.38758624822,207.17198844231677,666.4202761037095,1157247.657730965,1.273233317659089,18.04016211864003,194.26740608639568,0.09235813952043152,1271.2425752118772,4314.507155001504,855.7738707702467,-1.0105538916127044,3.49189985691177,0.1221214370847428,4380
ls-4519,female,4,167.0629446586875,491.2990385312124,1797.5503710735723,2973.565889464697,4041.69947966831,4746.873596265363,14.93445296872353,0.5407511105771374,0.08118842768606033,0.4686789413081195,0.07138433298959074,0.14709559324949592,-0.05330315394992498,-0.015932890708869503,-0.0655138511298598,-0.13306520591496077,-0.1268927701684909,-0.08602578182829763,-0.07437422043821441,858.1628635530263,-5.734763920777005,0.0057583195409394855,1.4693924011405022,120590.24785298883,119.11784432357805,730.2145843708922,1401206.9586154833,1.5529121011625366,18.9899430617823,210.35931066326557,0.0840154296655326,1570.0942887736692,3978.617528091385,820.6666887881049,1.1084210109739847,2.767220834744935,0.13849946674448366,3670
ls-4520,female,1,193.55243872151743,572.764521594947,1888.0579831096932,2755.2132310676798,3703.1629859520413,4524.210022770287,16.000820103054853,0.4230869874513568,-0.6562742027004591,0.37812855443408117,-0.05132893217117922,0.06560760749660927,0.034325733213520324,-0.15107334588905774,-0.12920745865892067,0.0035474927871858505,-0.0981630426884144,-0.09054821042005821,0.01784601679400811,1841.9946193014753,-3.945590913022771,0.17314578027065025,-16.75681811541019,147413.66307477644,203.41241828952968,529.0898949112445,1105087.5247580705,0.8243901098542631,14.694891415167845,218.0034101840118,0.09336919883549606,1140.695578568371,3879.1335005011815,638.7376224102178,1.5697286703428441,8.582278499791194,0.03978708980338537,3920
ls-4535,male,4,198.13505552528818,508.4084884490927,1594.986448490094,2639.112861588032,3877.924894935023,4788.113831252667,16.06908594439284,0.6470229049029945,0.05881471399830464,0.1521995222769741,-0.05829200435009997,0.07119385346405935,-0.06062304956434961,-0.027432190707806663,-0.005616693407379984,0.01770305903563798,-0.09849105814128498,-0.06017365154962183,-0.0323415961795465,1017.4473126945798,-5.1902776236677175,0.008804374846888657,3.0226746739503856,169285.92882793743,293.46242672026585,670.2638598733591,901877.8171142477,0.8709668000489093,16.095561396930293,235.9433945981217,0.09061516398564501,1308.671619067096,4903.425890946138,1458.5703873108898,0.23448180287984313,-0.9341013243029241,0.48686917954991016,3640
ls-4546,female,4,166.3238201486031,533.4685142641481,1862.9973240548036,2935.7327804226425,3980.167707831036,4576.061434971936,15.14461804178963,0.11030131050933478,-0.2738457421449296,0.3417294308843424,-0.07863781987181462,0.15418716483750622,-0.17080749768150333,0.007484160972501701,-0.07253714480466338,-0.17748476235525282,-0.061588549974867665,-0.03993394844616596,-0.010981601925353773,1599.3009223322147,-4.298595313421723,0.09349057491700695,-5.859352042778882,97744.51819109483,192.38931053250906,538.8932173167207,954317.7657051471,0.8865877691553427,10.939150684595363,92.83638410792778,0.07494078406844257,1138.6091835289676,5155.047316690921,826.7860688223948,-0.07597657718512466,2.2868644050153195,0.6357050094402206,5100
ls-4549,female,4,161.60161876666302,555.8874152847,1751.5468450828912,2770.538672637335,4212.675758630308,4698.982730226047,14.959570284875813,0.8695217898553121,0.029492976732405123,0.03788029301719374,0.06563987755243679,0.16057270288368286,-0.2173207270361429,0.013248055548870851,-0.07465587415552705,-0.14113736724465661,-0.10040568240205724,-0.08745726924885794,-0.006438825890729574,920.0030125796851,-7.168259075159107,0.00762289095934452,4.166187330318202,108099.766456093,189.38575958732244,591.8459908530359,809340.0697222403,0.7106114947203426,13.011630164470008,197.60364616821596,0.0925881227802848,1158.522424739891,6596.721503319542,904.882744555338,-0.021497494212945115,0.10283328038453998,0.989485026309383,7560
ls-459,male,1,175.89321099838247,383.43476457413686,1702.9422642160725,2656.658978133224,3657.5709377266426,4419.445851894635,16.562054193197103,0.760244156574,-0.4117703071945027,0.4396139534896322,0.02664044745287115,0.27533559426813475,0.004775992764290353,-0.008551560266201455,0.03535570821049088,-0.0337899236339656,-0.09009531788414604,-0.09576429779291401,-0.011647082539805917,1054.606323198589,-6.223100071322213,0.01431937598773107,0.7941089364145666,151258.61241531002,242.25515622666535,543.2856135653733,1069582.8980876375,1.2420042168392251,24.86314642913438,198.4523472317027,0.09006511428750598,1178.082591437222,,,,,,
ls-4595,male,4,182.49158802118993,438.0802859281087,1589.3124363580796,2518.902173534278,3784.315991769249,4468.601202054366,16.538167058022466,0.7622933571256649,-0.14696521397105589,0.26305324017751286,-0.14084112524373602,0.3115975775777177,-0.002949953152120016,-0.04514527910630895,-0.04308863442561531,-0.03976325252629322,-0.050543837115647174,-0.09350282382064402,-0.04582553778491043,1085.5650074659331,-6.353361675550888,0.018505645171435086,-0.7148451974160634,132700.76022656524,218.1204452801728,494.55095908938995,956216.2951346864,1.0330315111483106,18.996029476679386,233.82788831685988,0.08896828978217514,1048.426943360361,4818.42170189585,1082.8320746033703,0.44531691802704026,-0.20937352788108932,0.36918654474495094,4340
ls-4598,female,4,165.9765657692496,426.1386032956513,1771.6509793221323,2796.9151404380573,3943.1592400914637,4804.577409956737,15.521619160641578,0.6350161505544474,-0.041424031707034105,0.2279924330894052,0.10074255291579848,0.1717106375730647,0.004857391966915879,0.02105063871256656,0.05310924123532204,-0.028162160955953083,-0.0687028005766181,-0.02523906838295685,0.0030699226039395022,868.8508473858902,-6.139089939904142,0.006810546745967857,4.7551558423506854,175087.8445735114,353.0664893276372,596.1098389804724,1085531.5541185392,1.0857473034703191,16.704001305219627,234.61962606025992,0.09012456177200037,1307.6404167773583,5632.168622938519,1128.3164086814145,-0.4489846859524848,1.3917813172747928,0.7183386272683534,5210
ls-4599,male,2,157.4929493311376,488.7804711162172,1663.0526004469655,2791.7706885611697,3959.6542109446905,4586.646945729932,15.66905747534809,0.8032806359682526,-0.03646676632488203,0.18981254889220175,0.018592292617063813,0.19380396434432837,-0.07669855323793161,0.11405244446816275,-0.05560462522042119,-0.1599161939217405,-0.035600991208971845,-0.061607740923643774,-0.03993006413622431,844.3799221972594,-6.527774432465566,0.007814367819340803,6.465147105094127,107405.69564941005,285.97933895024835,456.3311057539328,706119.2985027063,0.7951168853513189,16.1199016994717,221.37441792207042,0.09012376654519627,907.2921815293505,4949.9434865572675,991.6786807619342,0.7611041422979041,3.0488439166373684,0.32824492716332493,4640
ls-464,male,3,125.93392957145981,606.0579955542966,1627.193119603185,2608.790441601752,3648.40985102471,4781.568398403844,16.769482224469787,0.8233917738176029,-0.3415831421945533,0.04667152998873912,-0.08579437962951429,-0.013020956065390471,0.07701210997985192,-0.018902467396557137,-0.036401917034762414,0.043744899013411324,-0.06676705291139537,-0.10430465296388693,-0.0021789570423875883,1075.0513455485695,-7.158719584250408,0.018276365210645847,2.246209961786323,119314.0639326631,407.1263381741994,543.4766229034067,729226.1230873088,0.599073250322694,21.346492411214015,277.4166455638302,0.08208014814494492,1115.4199081937668,,,,,,
ls-4640,female,3,176.4598847944771,497.6286568862185,1862.7017658988357,2917.1502462171575,4044.7985501718413,4825.917065907138,14.964895433545891,0.4971517394615133,-0.023528437947821283,0.1897468611159167,0.15469605350558635,0.10200413005762761,-0.1344718492567894,0.04203889454516732,-0.03869831936546742,-0.10233090766655846,-0.11508329704471061,-0.04378225183282364,-0.04063658815421468,1021.6793614627107,-5.38995130987239,0.012104819011243733,0.6372524675688708,120368.92265708475,204.3473542558736,542.3123523014465,1070437.3095986566,1.0024312224839234,16.288611032180228,161.72295057728465,0.07731805236244073,1294.38796244071,6486.810594582566,928.216886954744,-1.0986944627560542,3.548113192756328,0.922289510016614,6680
ls-4667,female,1,178.00889948837485,464.7446620672919,1886.2790187614846,3042.3356517372295,3943.6291609854466,5499.999999999999,15.01818607199668,0.9293494127215803,-0.04448656280480957,0.33921754998166886,0.06572638640040858,0.046099720594958614,0.1499265382158505,-0.003815745459342358,-0.07737159226379604,-0.17018352562353187,-0.03860669854495315,-0.006373912703145361,-0.05370610737709046,794.1511335934165,-7.325451732141991,0.004479250924194507,2.4950860446386813,115487.43429302216,179.40007158415426,490.7591633964314,1118065.5558475407,1.168156219135566,10.171144700150332,162.17588711989038,0.08662639649870975,1070.144045280825,3690.0778610132506,1007.0598980092359,2.0022122668354996,3.767389056766749,0.12040790645111868,3120
ls-4693,male,4,146.7920604087347,443.20499863623104,1598.3362621857937,2702.530786040362,3998.294302720611,4851.74301652516,15.728062928936914,0.4406982497604327,0.20309978061411238,0.17907553102635249,-0.015278527719966335,0.15489063522091223,-0.02694416910641021,0.013331713892480938,-0.00884882585428268,-0.04435229073126935,-0.13310714915628855,-0.06415842591947887,-0.09341294304913328,971.4454217498165,-5.243363575803019,0.0065609508824453966,-3.2556806730580927,101431.57585882375,148.5189203189813,515.4531735347425,853238.4870391088,1.0456074044315473,11.06969563920709,182.881450397912,0.09254786870001536,1094.6145848398864,3946.7718835551777,1047.0286804329621,0.9779768960271261,2.3330483475331056,0.22755344040461495,3440
ls-47,female,4,178.98854435163426,480.5726124810262,1863.4891669200213,2919.154068257263,3970.985420042536,4877.557973011878,15.214114423706153,1.0934165470613015,-0.1651176297943665,0.47506119108073375,0.1478108033908964,0.11846870275980076,-0.017050920001182225,-0.05448657649128613,-0.0144858987320017,-0.17521180556184296,-0.1052097438406803,-0.06147116455904051,-0.08286998655529614,767.9925124261384,-8.60267413232869,0.0046577881124275425,-0.964431383703583,110166.62387274322,158.1293094360866,650.3701465606002,892471.4315483118,0.8872322027966656,16.749720595154947,185.28540742333004,0.09943509465910871,1327.890914498266,4055.6114355517357,595.3963868987787,2.0718329169011214,14.214662688053757,0.048313801876842824,3990
ls-4701,male,4,184.7861902181182,443.47988294649394,1662.368813481553,2913.9702826074713,3634.563050880034,4574.549374692273,16.201832702486218,0.9430971458777059,-0.19098125844345787,0.3511010701650771,0.17407852293489245,0.036827887512786456,-0.13654435983578894,0.18637980256147266,-0.02343254670137991,-0.1825306132932152,-0.044381123406927896,-0.04497522541779611,-0.054803965942187595,841.2502850600606,-7.44824088428723,0.00505008321139201,-0.7181234099859801,138733.4300182729,250.85940592073374,568.035457902505,1073530.3452184824,1.2199111481387654,11.145437237144494,210.24429685041065,0.09087951661292293,1258.4685913053536,4984.90635567675,1037.930801923048,0.22363242362533786,2.946649343126348,0.5349900896106815,5080
ls-4712,female,4,181.9853614432963,440.4659278025292,1725.192541173857,2953.13880892881,4246.0887264765715,4891.18430282387,14.713068815451196,1.1832523920307474,0.4520983593093917,0.2685602482288274,0.07627799744187139,0.2154837507926356,-0.0017556934447053064,0.035108161990330546,-0.04872454506666761,-0.11599401300363135,-0.027228624998049886,-0.019381491363016597,-0.020467031337642348,554.1621452722895,-9.1396003827285,0.0004425194756822816,2.9493608914465064,205578.03734669543,303.2364036914955,1081.4693666840276,1275773.8189288191,1.369007660495683,18.05360827397442,272.93819734593956,0.09506265736652397,1795.6453778557002,5193.686082431932,1203.491480810144,0.7846364749857199,-0.27033116439077487,0.4783189681828452,4440
ls-4719,male,4,148.31749380486258,417.02851360034515,1720.002295723375,2667.494524383409,3660.027476643185,4820.4848489631,16.509187056061982,0.6590716424799123,-0.21246965356280578,0.3244108958729943,0.13666850462825691,0.09189359947640678,0.09375950416573572,-0.0037032717626869806,-0.07157151524535138,0.06304679854934049,-0.1056505687643549,-0.09285707718748154,-0.0069292221479007295,904.8180882120445,-6.297039567145147,0.0108296557535482,5.205166495648761,163936.48164635675,203.68663168897837,529.7055455644345,1090157.4954792643,1.1705798154493765,9.667735714014775,260.5947119331575,0.09376256371650171,1280.1462252595304,4368.44288657355,885.21898407957,1.0962579636460497,3.7508931048640446,0.18688347291248583,3770
ls-4731,female,2,176.3200537374883,592.013356455654,1698.2395598135804,2895.815040271712,4167.175267964187,4771.324298655212,14.898370978551545,0.7159304690935622,-0.0054710918511992526,0.13627796921671703,-0.13167729331456945,0.07899183106796331,-0.12517222498066427,0.040721989672899556,0.0033163511329726333,-0.13110753661452973,-0.06881783417634818,-0.024643840257010684,-0.0027396045298781445,1022.413797066373,-6.428151136185318,0.008496919224249989,3.0196458407090847,145963.09248874005,380.92843572474334,496.78525905997833,1042366.4433494252,0.9157487176599993,6.575832072572387,213.10230101001187,0.09248627597132897,1169.3382938069606,6461.422134549059,1009.2435152683917,-0.8569149820698128,2.0627276049357413,0.9163531753341989,6250
ls-4734,male,1,170.67961545236588,483.79479739129874,1558.1204182147633,2503.594633696067,3348.6340766362678,5047.064010550917,17.8760057100196,1.3076144724057073,-0.29810292373722025,-0.0013253119883609326,0.3044149596476283,-0.1371608329205551,0.015588662846883268,0.0354461381665027,-0.11724601207205937,-0.10265093883695892,-0.06093111957882729,-0.1366466935601468,-0.11990188096294375,1011.7879614277423,-8.78113620022854,0.014375754167375153,-4.114396395511253,85097.66730431469,122.0367713467216,538.3324457214126,1172521.8003610843,1.4368166048018292,16.24765637393543,113.21648794382357,0.09167240276228728,995.4391627614748,,,,,,
ls-4738,male,4,142.6572750691641,548.3315196614839,1878.6514194545648,2742.575559777326,3813.6705315370677,4636.589774326468,15.77647814750015,0.7705885285118472,-0.17283201615766086,0.22268272518407986,0.05907741779225346,0.17997310163484126,-0.0085536330143067,0.08572718111900807,0.019011522198951986,0.041796784355400476,0.010110617699188938,-0.03588951619674971,0.0024102480969619934,785.8919089502946,-6.274817070457443,0.003321648875345809,11.05241097178388,237853.0500835179,937.4726163333185,975.0773795667574,1097541.3327080752,0.7071933163519976,9.461942380484558,304.887896475312,0.09513125240755922,1586.7123017873046,4092.8455219710063,962.9324841106563,0.9463133056585155,1.2075509609548813,0.15466912771804495,3660
ls-474,male,2,149.09329293357573,424.0986703418338,1442.419896879768,2697.6370932415884,3590.4197041562093,4802.680801714703,16.95480991024519,0.9479661408271967,-0.16067997079288446,0.36498116878352793,0.18461480827373916,-0.05746646860788222,-0.049474820375959946,0.05600596650033711,0.021914395246823898,0.041830204007013955,-0.08493606161506993,-0.08864205057176755,-0.008694497152070648,796.5948718731906,-7.613051518049024,0.007115536328389243,1.2768576028335175,147982.17332794573,187.86225919291044,561.0232771476826,845373.0894249538,1.051167872837075,17.994320828343227,275.38201051669625,0.0982560999657873,1382.3253959343594,5149.126592657832,1184.470676163643,0.251249750125517,0.8205614745374588,0.5095074021318746,4620
ls-4741,male,1,146.9312246943403,550.4334693911233,1755.2387411532898,2747.6919550406838,4037.7014883282304,4680.096062706469,15.370613765270008,0.6385997564410999,-0.013171899544848091,0.15724516304086622,-0.0016271298785946592,0.2097501054653118,-0.0917313359430699,0.010102111025558984,-0.11541398455316582,-0.08934812262420025,-0.04808437132168763,-0.06723597910658029,-0.05059201629315138,1074.9820863816594,-5.451866238908819,0.018582451267998505,-6.341194651242764,116341.73910275752,231.90124964994686,542.9064608761066,872205.1881934083,0.8576460091947882,18.65874039271976,284.40944932396985,0.08915860085472814,1010.5783395261387,,,,,,
ls-4744,female,4,168.24708638721728,542.2214793651318,1656.0078785946466,2865.0590942699982,3975.627437992318,4772.194964528812,15.396083421501919,0.8380064528555662,-0.04453836950351794,0.2434238183529929,0.013696237947771101,0.03928284501084649,-0.11310540042603766,-0.05879977973585632,-0.09296668640752326,-0.18167314828542963,-0.16582516753737095,-0.12476572032038213,-0.09990386077608901,916.5469636451594,-7.080015148971244,0.00610184465609096,-2.2041642468899596,43429.1080505812,84.9401974043198,556.6444814972274,569376.8799854134,0.6091498127338327,12.643183590255946,116.15272500182977,0.0858042710996287,1130.924224389674,,,,,,
ls-4748,male,1,139.90442756761814,419.7461697999907,1356.8609105382861,2498.3959606589688,3533.4373435633543,4748.138821602232,17.61898262164284,1.0619276149696786,0.11014486928798418,0.17440629470477043,0.15252893220129057,0.13814598960613964,-0.11751472303707103,0.06819186124051323,-0.11299855575810851,0.08022068125268145,-0.015186424401170887,-0.06848399500797751,-0.03524698031658294,598.5559080107596,-7.899291429147023,0.0019231211890762632,6.05073876599992,176798.47237294543,222.07769704116873,713.5709426984611,1189469.8631383032,1.5216208444447117,17.306553293572602,256.5369213195973,0.09669270244205957,1348.7768428299728,3220.153209324444,608.7346892281244,2.8144124833370223,11.069626931837625,0.030871796452646885,3000
ls-475,male,2,143.94927277775736,493.1336397562693,1680.2871398281764,2535.419414174773,3679.050058561824,4477.44868588593,16.71934633144818,0.8565463849870534,-0.42427770694081046,0.3534205844544145,-0.07396463042950044,0.13410701084624804,0.11242458145375027,-0.13517794739184458,-0.0791170885855548,0.045997191114159085,-0.12393263717247956,-0.13527825582145048,-0.025430637181123407,1073.9091152959754,-7.0832204370686584,0.023719329213992193,1.0490116288527194,116931.99934268772,229.83910676684766,541.7877910315009,935246.2185852134,0.9922549734981768,15.332247189410563,189.55616000291081,0.08720479902153076,1073.9610178490652,3655.6001526032496,740.2993645260144,2.4681310964590035,7.974357860744991,0.08115505183421409,3480
ls-4750,male,1,149.37898491335628,473.7375228516804,1567.7759631642684,2425.756853696963,3709.8282839706962,4487.035791476838,16.984540362483507,1.2594789824180217,-0.32339088948247297,0.2716367835524795,-0.1148645324219851,0.13877508572002353,0.14559597724331252,-0.17609037369541125,-0.06617718926756533,-0.0001997451304243773,-0.11955339621234165,-0.08101669786541654,-0.059605223603434315,891.6346087161797,-8.931728499044084,0.010109650551666191,-5.086247275704929,91836.89487468124,221.48344013993324,501.88469967106676,1235852.5979273964,1.5208362818321235,23.42859558889267,163.13484868874755,0.08627048584273199,1046.870560017363,,,,,,
ls-4770,female,4,177.9435216347517,448.0343159640022,1779.3451292581917,2805.970081441098,4075.219728570616,4840.9129525714825,15.195372587645645,0.847329474432267,0.0025499419327672853,0.12392555863745378,0.15858249346288178,0.22992003409645312,-0.11933826315853911,0.03450101869948341,-0.044653054568316024,-0.17580687958815588,-0.11535461687062512,-0.060563077850622954,-0.042027937226893367,788.8382236919028,-7.010481412431938,0.005565533809700988,-4.137148037693542,78663.60418731518,140.50904862642153,564.2211407297435,1127346.592287534,1.3162723266320207,7.855566443458727,112.58928425910247,0.08326634562151486,1118.793524620596,5387.6498988763515,1331.9415789522277,0.054171282119267944,-0.6831116878484766,0.5690092873959297,5070
ls-4771,male,1,159.95626712426224,484.59754501686757,1581.2063624815723,2488.5910006888043,3920.5555757652974,5081.191592796514,16.291677084003954,0.6243695592653976,0.3494658349661574,-0.1945675142094931,0.3777711202349356,0.15756812734422562,-0.04830313836776346,-0.26334887426682707,-0.11135134225533196,0.06664560647876333,-0.17519064624587113,-0.16155587151271614,-0.12644295720295973,884.6425894261274,-5.071991660265281,0.016334774049837467,-5.479946795232827,152744.12558953758,145.68135849464898,1012.2588731471892,756005.4308502179,0.8340592019813924,27.269035048370167,152.55437507106623,0.1033027562157555,1647.412023453157,4394.273651296288,603.2652425611698,1.2982295861924031,5.179281853214926,0.12245756820689443,4280
ls-480,male,1,153.32201260083076,412.41559083450085,1575.2897937694743,2617.350287560741,3591.325156235934,5069.085141506879,16.949421253686733,1.2542438904228743,-0.12462774795018795,0.2757277677013337,0.2918208305347915,0.04525557721853109,0.06039489050085203,-0.07394841281067635,-0.011529406521593852,0.013458482278254543,-0.09701644431043359,-0.14839765247197115,-0.041598489015062995,673.4773137331147,-8.917711322258825,0.0030054873883707083,2.1568828447966792,147025.3943919673,155.40089787232563,689.4443472202029,1056273.5464814878,1.4181719446079064,14.767723647530472,186.1325008695543,0.09957589364585426,1451.7330017866857,5560.327120950101,941.6642689046253,0.2943653550988147,0.9701746412382604,0.8287374109715767,5440
ls-4800,female,4,152.50753974305536,535.3008576319949,1750.5024651161675,2754.2837223619144,3970.2753163495754,4764.030831964537,15.573628179918408,0.4093342362003355,-0.20088453737221285,0.14070928394142596,-0.0017849690138947126,0.16758222165537082,-0.11447303628519807,-0.04074559539799766,0.03975762113278491,-0.02752684522437111,-0.09336016977478534,-0.036449207856632,0.011782937853060404,1294.8661878849312,-4.818482185031908,0.05030700711853491,-2.7193587341099033,197608.82552089356,331.78376054907824,770.661926365174,1237381.2521141293,1.068569103374847,18.093473251533126,252.81146699737286,0.09894669799701,1429.2342132334047,5022.915101030532,896.5205685595428,0.032072079260488384,2.2610218467760586,0.4975716571963649,4840
ls-4821,male,1,155.12491296951825,436.49136850019266,1488.9919131915865,2559.6450212211357,3806.2672449745346,4883.418254791482,16.574375235167075,0.6756091629588342,0.21778778082588335,0.12376635219075031,0.04647665006465756,0.0910432392540097,0.0011530667865847373,-0.022133354239602516,-0.07012054924541071,0.04964236574522172,-0.0670769577741027,-0.0777337215865113,-0.06332694009224056,925.676860357893,-5.789334608326191,0.006262031720010568,-2.9825536212249064,140716.73480826526,199.88395524934322,708.567166681542,1040964.9748349676,1.2283360315515666,21.681694057290994,238.4149395461869,0.08801586202610169,1299.185768182807,5271.222509771019,1276.9974945649203,0.10806618766793505,-0.313858916711222,0.5023512398940109,5020
ls-4839,female,4,173.04116720612853,453.9991467969387,1664.7189832702202,2914.96076075981,4003.500213504788,4824.647191965387,15.35127791597041,0.8368910677503406,0.10349952676595117,0.3220981832022907,0.09227594701626111,0.08890169601548015,-0.012919013390620328,-0.017360537795425464,-0.025995408457747518,-0.08200324941152412,-0.0667714407354506,-0.07758606849853605,-0.0731623326646296,747.9663632931743,-6.847803697255491,0.0027688775895998666,1.6809658393059541,122020.27797059756,193.1541338623108,760.337271269366,1077681.4685203682,1.2235700652071615,10.142974254183201,219.22073165522568,0.09763609212699317,1386.1204890464098,6295.718072432113,843.9846004163669,-0.08154042042685461,1.0071381465289129,0.9660424554438891,6060
ls-4848,male,1,140.9672114198741,420.0403045587092,1551.9836809236847,2713.7221803524576,3746.1383692543955,4703.527824687637,16.3815420879686,0.9398456926114785,-0.0369370854059035,0.5276194122198961,0.20345345941686047,0.10604342821707448,-0.02996051714444853,0.01574876439764899,0.02088759706103111,-0.010195626245659874,-0.12104325221948894,-0.12169705545886324,-0.05953649189015257,614.9290417297739,-7.445270401278058,0.0015695659167375958,0.5735396499331292,165349.57618408898,137.46053361986958,717.7154458272905,1145570.7610377874,1.4974366672305752,9.07008839559318,291.4423412937264,0.08865075891045701,1551.5618020694983,3782.829856701057,334.4809978245992,0.9110099906096184,6.912502969086695,0.004762985436712237,3660
ls-4860,male,1,144.92381516985375,422.0721782642871,1721.8125269545599,2635.7181196797037,3484.606176733964,4603.002703231487,17.03031068344499,0.8375859537404309,-0.5265043711129634,0.34880326181492766,0.215164648637277,0.1281986126913768,-0.014592328997134408,0.08297922834752727,-0.0590777209898617,0.017570947412241546,-0.07363869528757701,-0.14684310288698874,0.03172510690684331,1072.4782317058678,-7.074287205455923,0.028913167282315824,3.018493864634369,150725.23590006903,237.31868783469935,457.817098990251,935353.3678756219,1.0501684485464169,13.733909207188361,205.79427191037888,0.08692699574532506,1160.8249400014288,3167.913758561681,646.1971401837843,2.640495703433142,10.942904932566506,0.025512231399501706,2880
ls-487,male,2,142.72723869826638,497.48496540701683,1778.3935548876293,2795.8824319005585,3726.244055874522,4405.410935516638,16.014594552328123,0.6160918825215935,-0.4060457592725869,0.5057364210978804,-0.04820185437530244,0.11736175093378923,0.01909660972628946,-0.0234768057847287,0.01364078048590724,-0.008964646803087218,-0.06629775932303772,-0.06948844446130316,0.0004843723840269724,1078.6585401385182,-6.291492495620009,0.022135044362615597,-0.03356581201805005,207299.68246515375,337.42329269789764,749.7515512269619,1251107.3920745524,1.1004330139335576,9.369694208242713,269.21005484521044,0.08780228659550296,1430.9155345723607,4212.226466826334,1215.4961530284677,0.9100310141609607,0.0049780722008161415,0.2622103036840733,3400
ls-4872,male,4,153.84025910725433,378.2419235402498,1581.948290844845,2622.0422817088656,3724.3834089553047,4311.834053307754,16.55537678703769,0.8484477556772219,-0.27697726447778614,0.5318768605244288,-0.07864938490676948,0.2592890769619293,0.12244986217063974,-0.07286223124253767,0.05628881908695711,-0.011867530875252767,-0.10644007006292823,-0.07716161928690896,-0.038471997923519005,840.3276288146928,-7.124166213118051,0.0063477293702724254,4.740726584462341,141142.3768943955,233.17095845475717,483.25081030370154,999714.2568524476,1.3178905960437037,18.678008467223616,216.81872401978674,0.09506955847275511,1031.7337363024644,4768.862154983068,1016.0302571642935,0.590144308093675,0.6683390625265908,0.3156619362660025,4080
ls-489,female,2,155.10886080846,548.650757323663,1929.7555785868017,2875.479726839263,3837.6094770466752,4807.415999876977,15.448167305402817,0.29780833640582177,-0.3351929227001358,0.14734020557530064,0.04848899816757927,0.08485408277255196,0.0019957491046497643,0.014288419195589867,-0.04959609056376805,-0.08049882538155426,-0.07674553928008691,-0.016047792914987712,0.02611861060064077,1324.3782849102718,-4.668222473672946,0.0463052420740378,5.137787583639187,181932.46138879965,444.69507897508475,619.6726136497792,1193191.7468776777,0.849723250969038,22.647142211783905,211.72968162010258,0.0976392379537299,1209.1378342844455,5858.85455811797,1079.2379691358897,-0.9000787632943942,2.640167601021012,0.729025305761355,6640
ls-492,male,2,156.81333518931993,540.6202044380897,2149.6613341131724,2808.1219626004277,3759.860894443761,4269.461125447813,15.522959189975857,0.3127106571482726,-0.8133678197406075,0.5749906948098271,0.02449864102569128,0.2858322836078975,-0.049808972949891006,-0.1713417800686047,0.0647963659532902,-0.016198152053074278,-0.05172144988838718,-0.029938419139615556,-0.003146001834276008,1622.5848868113103,-4.973228019188181,0.1763669340775586,1.0809355549893558,281664.5306102868,406.6604259844654,762.0335011624957,1410871.0459104972,0.9354854416602789,13.5688009092412,292.76843920428587,0.07747441487227688,1299.8843885410013,,,,,,
ls-4930,male,2,137.0782236032445,398.65985308043514,1963.0735901501348,2635.98006533638,4209.335786796566,4973.19218082708,15.03153088354972,0.5544617946899817,0.20290602882802755,0.06619061310987015,0.25506162024336176,0.32495125525379814,0.09031214754007255,0.04761240092461702,0.010899469863640314,0.07960405220434105,-0.004247420001920148,-0.017597578099999726,-0.028251002172791473,603.4692187116525,-5.444515886028867,0.002310781397101794,10.3930857151069,230409.9934213668,619.8770508140251,711.6172180293474,1148334.1433491427,0.912875682352611,16.918820655195255,303.3878051664687,0.10220404392815434,1507.798007548136,4973.717496637174,732.6963712658462,0.2264221160024429,4.341099775803368,0.5034970448965883,4900
ls-4931,male,3,152.1440848194075,430.38917800712875,1632.8634618367334,2794.7415132721144,3727.217703321919,4516.87808114857,16.18120401904615,0.3924790540912864,-0.16391417959538024,0.6282167788360579,-0.0477451648573664,0.1788720636446328,-0.06400724056799022,-0.020572309033955925,-0.00717440608697083,-0.03022245574924265,-0.1191114275405416,-0.11098329715195963,0.022579787235499013,1048.7206555842217,-5.305048863471596,0.017823272096683156,-2.077220168747246,171071.43173976452,244.5505140498825,660.1081638038122,1323964.0193759569,1.4806289522637683,14.836665472634635,282.9571726219499,0.08579151547748978,1601.7578348415395,4042.156486062393,787.3901784818839,1.1317579747980127,1.6489774614732022,0.1430965332798842,3720
ls-4936,female,4,159.34027247304476,371.5169420525352,1938.5613072500178,2918.724666767199,4055.352612547231,4925.514592615182,14.908809409476458,0.375881919687693,0.14233915095420224,0.19937990065518524,0.31745718186463034,0.20810048347298615,-0.023199478896670386,0.06696618342288341,-0.04668567063102497,-0.02410619550540467,-0.052677325332699254,-0.018833460130551535,-0.03727594786980391,834.6943540123231,-4.6009255808907685,0.004366373892738616,4.576524436965509,204729.31207562267,267.39343328963355,698.0450403969519,1581070.255969758,1.6150441325639076,20.346590804869066,253.0275819545417,0.08808882258255382,1375.8345083860725,4801.625468705759,1147.6159577910225,-0.06868744012353936,-0.4358898034431127,0.4901795750026594,5200
ls-4945,male,1,150.5382864482219,307.48097051838465,1670.6754729803822,2537.8137317762507,3669.575373813004,4814.881812483364,16.82091419618484,1.0859909816723943,-0.06130571399964643,0.0702957417211034,0.19407644903668322,0.22099018630783926,0.15482337158121984,0.11113926536543306,0.03934824042551346,0.06372970720601294,-0.024195690673560824,-0.06229565061204633,-0.004225393939570127,587.3189721023521,-7.861888705158014,0.00158348803497166,6.560517024207034,158154.18285708697,242.73919795515647,529.5315761423803,878557.129972462,0.9965709824513593,22.32830652637341,303.2387113035906,0.09652877771378936,1146.6271533317426,,,,,,
ls-4959,female,4,186.49577727053264,416.61869888077774,1912.5495345228355,2923.542512613547,3827.4266949718267,4333.939501788758,15.436029733553362,1.1277659178622008,-0.366949948854976,0.6371823114640573,0.17020740176841215,0.07635961112552372,0.03043661790506335,-0.02596637221155109,0.015062870693225029,-0.05864359342113309,-0.08192897416493511,-0.04744059046833567,-0.06843711846220009,867.5196750049381,-7.747994891063124,0.008427175888096763,-3.5004047471255477,133493.20474603254,193.41166218377023,770.0460703426887,1367806.0909949571,1.4862340139413854,14.432911517985854,273.4607262749983,0.08746623857486688,1401.9467394973342,3137.3453633944973,305.71014779865374,1.3352632290049828,5.564932143256351,0.0009779185218630538,3040
ls-4964,female,1,184.01751314718652,606.1694653620393,1713.2808577730164,3143.984949045641,4344.333722828091,5499.999999999999,14.168327054151048,0.5309344480478234,0.49989197245464884,0.23496937171264345,-0.09341452868809763,0.20005849971670472,-0.09190854628575001,-0.05106402780172569,0.024922401177884017,-0.09340900224510464,0.025102258000053584,-0.05372793014063529,-0.0421889064407488,866.2924981626084,-5.5477854885889375,0.004658415906987222,7.8603961876221895,197276.58767362757,413.093882920698,821.6042464712618,1385803.0975019769,1.210206459132563,20.588166032272948,256.81765892241265,0.10114480193028857,1557.4932222265722,4476.391402029485,1056.4766712434107,0.41385021112146914,0.09151459683055996,0.2723161112421979,4240
ls-4965,female,1,177.96284466656778,510.1860380713289,1822.8902748644275,2838.180440766587,4085.8777845173954,4692.933002003152,15.070460999848303,0.7165243276265119,-0.12776747548229467,0.17398395993213567,0.0527718138479693,0.1487618120905092,-0.12240003549355369,0.06119055063304522,-0.09527152186607044,-0.14417193407895967,-0.052171883213864456,-0.05095672698554583,-0.016363007671923235,988.1841572389682,-6.368567530486628,0.01249921545191811,1.159767566851601,147754.56947205847,185.5987876175484,563.1418965958119,1402556.973113792,1.308724769186841,20.059381709448225,149.95703638513334,0.08259032465191275,1378.3596039876697,4660.680624007207,1224.6391342266174,1.1445978966653485,0.3092398882742753,0.29247192159163266,3740
ls-4967,female,1,170.75485941345454,534.4239212264546,1815.6868784007665,2914.6015800857563,3890.373650643378,4475.147596771792,15.380717322865758,0.733767305115946,-0.3562232519009643,0.30201100425024685,-0.015165416674149616,0.05672821790221038,-0.05130952888361191,0.060797261989785654,-0.07098699794108582,-0.13982957334472787,-0.04667805201836762,-0.07234598058667474,-0.05122198449533559,1136.9358587422635,-6.542725345294178,0.021330247472521983,-0.6265964570332315,113609.53065748517,279.99002914454036,589.8990138761467,547039.8267235823,0.49091968755926374,20.927896457242547,163.01926321600067,0.09271488555994459,1255.9665419727055,,,,,,
ls-497,male,4,153.91263607814108,779.8126718429603,2214.108730746071,3192.5836922582207,3921.0024693567643,4356.977277617667,14.52095928247238,0.4098961475734064,-0.7495548400837273,0.47393485164901555,-0.07465109394926132,0.24851243352353705,0.07594486835616934,-0.13002202953698438,0.05854619719828365,0.06937628634686664,-0.04054435871501967,-0.0493611138947134,0.02328330943531403,1342.4049859877846,-5.513321509079827,0.08118799394583553,0.4640658004301337,248616.76542641048,1127.9953309133243,730.986436419675,1486205.7491148547,0.7110737480959776,22.048817967129814,447.56657115363737,0.08823350555295244,1244.4157582987805,3872.773805437023,527.0743851045487,1.57671519566484,9.724642400318817,0.03626367728601351,3820
ls-4973,male,4,149.90985141968417,519.1210361684242,1654.811102039185,2541.512299634443,3725.746155663287,4538.318841252343,16.64977633852506,0.8252155769833048,-0.18818055321089575,0.2387124950265458,-0.16864614716717125,0.1287462572386318,-0.010896451546785361,-0.10850080414608454,-0.08225887797726977,-0.04101599212298071,-0.0888313470123315,-0.1012104603128228,-0.03486583067906822,1045.8522275051378,-6.775420754843944,0.015277798077521894,-2.0027017975906984,89791.4073280306,187.369739734733,603.1209000710908,617234.9395591423,0.6415422704086522,14.463229067693174,166.75699047265124,0.09469961152989433,1117.818360082444,4728.711496681986,823.7097015359609,1.2273102048975815,3.4824033226815523,0.2594929852276352,4580
ls-4979,male,3,147.48623016223056,410.86046770297946,1536.0409717508542,2514.218986721889,3356.143881604823,4676.505830507639,18.063125607637687,1.830805481431426,-0.2301974754292509,0.1665164957946029,0.12789340181154016,0.029668195500270396,0.11254834062984777,0.10335537866278637,-0.05355424748111214,-0.06012701934361019,-0.08676586075838034,-0.08277549921349922,-0.05712294584995433,693.622485140715,-11.76586977721745,0.0016559845809273447,1.1888710693318514,79079.34867980101,169.91775763705988,528.9074234911886,797436.3179354896,1.1316433157110541,10.953567922978376,130.8553590131841,0.09765574551469419,1053.2631898007523,,,,,,
ls-5000,female,1,176.75036425178592,465.1236852176666,1615.5856396692386,2548.211824133704,3859.6211601485033,4722.40704242694,16.307861234711797,1.9454093100442553,0.04565311679967938,0.07252594189948953,0.13256193372590563,0.1355390822908578,-0.02782571009761615,0.004812470084845646,-0.006960306266888137,-0.11647587502789876,-0.14312685684915832,-0.08562965090931998,-0.05981637386844878,618.2433252617919,-11.124971815149047,0.0007169749803435445,-2.6369683705662164,51029.75243692499,122.11143949529742,539.1694563901681,302855.8831668175,0.4032939000458583,14.827800691529994,193.9268573449555,0.08362549072410204,1082.120501352625,,,,,,
ls-5007,female,4,156.54768285171815,514.2868920363164,1448.8602993402314,2869.0582888749313,4463.944872271118,5350.200902075121,14.547728253874945,0.8373152862634308,0.6057372240434775,0.01822247049792918,0.16215649483957573,-0.11338730872982734,-0.18550417685145468,-0.006258735041524515,-0.03772089200916749,-0.08567484084886359,-0.08418460998872587,-0.024430538539232827,-0.03520772692095865,839.0615476308406,-6.299642509793356,0.0029661886145736283,-1.4409019567175738,100632.2711655102,220.95932361076925,769.714464565361,438271.99739738053,0.5004661596104136,8.666545357732705,174.46105247456148,0.0985966632409673,1490.577974564717,6072.2638289064835,1058.9203191815018,0.06862481897772768,-0.6507705031688626,0.8357173871729462,5700
ls-5009,male,4,141.86673476464762,466.7560781128143,1572.2782724194908,2462.2786580211387,3256.2415758148672,4896.034047195455,18.207579917753982,1.3118924493409363,-0.24765659857714145,-0.20275789838762115,0.2878362639822112,0.1534349987159508,-0.06681882988361756,-0.018980402529198238,-0.04169568963651326,-0.002368130971511482,-0.10373913217419983,-0.1406797136560061,-0.08574619155471946,951.2384256920869,-9.063593231104024,0.016288433843009056,-0.8406361510571083,82818.7782004402,175.29206314687517,383.90226096268407,842791.6358269012,0.9680087962411933,14.378101708165358,148.39416914643823,0.09047453656934412,905.1339293288377,6163.849352070186,686.2372208729464,-0.8362667089875002,6.830745745332548,0.9710816443400704,5840
ls-5019,female,3,172.9763892595823,517.6266971782227,1941.9421125954523,3033.990074161201,4414.681478928849,5071.551687042547,14.046329123950642,0.7893296111366207,0.17400405102840902,0.29107467703455164,0.06303461694268818,0.12357761526337256,-0.0852147122910416,0.08672379308510184,-0.05738535028600708,-0.05710537125772204,-0.00442566726868224,-0.01522824874899636,-0.028459484193370545,819.7640012276165,-6.517609909505346,0.004100339781031,8.05891699762332,179398.57697796225,339.74581210103236,840.8925090711357,1132338.816195544,0.9847379485551518,11.37327426617335,258.8687567020301,0.09378305532251598,1613.7483324365776,6086.41624494254,1077.8206738639878,-0.4687224964477402,1.9326633811671592,0.743339456340753,5630
ls-5036,female,4,154.06235727409813,424.93122677321423,1788.0562496612984,3127.2412191721883,3940.028989004491,4463.035058489096,15.001508191401026,0.5944444813299616,-0.27947763719519436,0.5818728286505132,0.0026618515862338555,0.05102379907737767,0.03593029449928724,0.0913749912253495,-0.0508977019478436,-0.16117445352774373,-0.04436187457595689,-0.04997144395250612,-0.07311783372779301,1016.9175184112594,-6.407103908613928,0.015256816093241757,-1.7063956376921,128241.65135587656,225.96222824722724,506.5371471625857,1181578.2534764009,1.2822416390145306,11.05698534271269,153.506469028992,0.0819072610614742,1187.9321679614252,4025.64314737786,689.5392501477575,0.22578608598861147,2.9677575766968634,0.07084999848704637,4070
ls-5038,male,2,163.9894678414273,456.027213658107,1778.342682988824,2697.029477262081,3785.0442254673617,4815.557683844005,16.0580793504812,0.6475192961589544,-0.040402905422433064,0.2764832700316874,0.22023637863944384,0.19340614217797314,-0.029832660672893203,-0.07698891704481847,-0.09315969143670177,-0.04193228022827565,-0.1364587197058951,-0.12777773892030184,-0.07592663182861463,915.874311426415,-6.038872911587697,0.009110345658909093,-7.448734187178914,90256.0685980925,156.45836146302776,678.4841503817493,1026181.8542762025,1.2160919642739352,22.367688492258523,178.02497866431912,0.08490057513800935,1369.794637526228,4763.742077852401,863.2489187152249,0.6875639449748923,1.7248652848335486,0.29316210363488726,4330
ls-5039,female,4,166.04572791468104,555.9078848284189,1802.8516947434287,2827.4294610724555,3970.418538005926,4784.832599582403,15.360051031863376,0.3846867217812675,-0.13855687813519285,0.16481061675952796,0.009275888840115766,0.10539507105897358,-0.12107453068804291,-0.016431838387838977,-0.02231247795260253,-0.0704560179187241,-0.0949818782039436,-0.023520529345120233,-0.018199105099607118,1288.887938500004,-4.93596900791554,0.03140952037330574,1.0304854008149638,160925.97628154678,316.17594473227393,745.6790502088112,1184714.7035226892,0.9899943568030012,15.058859207396775,215.41271844715678,0.09115274159305656,1416.0813154134535,4824.491818721397,992.5594005245896,0.03008198233079523,2.209138594878855,0.4386030626172993,4730
ls-5044,female,4,167.74392754169375,546.2900327789541,1642.2164236264782,2867.375605424102,3819.24699177858,4750.706493108102,15.766131377771329,0.7878122567206503,-0.04323313250436764,0.12086340779093047,0.06111647890392502,0.06380795125063626,-0.11304910240667744,0.08815382383711738,-0.09423790592885789,-0.10983473327698884,-0.11677826112768187,-0.06480304192366354,-0.05399654243967214,955.0823643035737,-6.746166113396775,0.008119531026072987,-4.835497559075799,130204.76240408886,200.4090889802445,555.6391273084733,1045492.8225882354,1.0832818393081283,18.92179910135718,171.5236726077498,0.08554760786635204,1073.7652057716484,4154.336160901017,988.2644247885621,0.64710120772273,0.12411370712403458,0.2608703613407139,3740
ls-505,male,2,183.23334843741048,541.6826352712171,1636.8725023966426,2766.209285725283,3563.9910881349615,4700.463117780106,16.633969532735648,1.1252437974148068,-0.30193716362344464,0.3569163912765143,0.024333227657360137,-0.1229886359765126,0.028333143566073183,0.02596451337367653,-0.15047963131677788,-0.13221000296225885,-0.14651146034386625,-0.05057862227428288,-0.04043458562997616,994.8008737905432,-8.013197345363892,0.011605663188545126,-6.951417731545213,76199.16206896178,95.32592946253175,508.24829686806515,1030439.0826581339,1.1943542139865262,17.43278607184736,195.18823160936319,0.09378502156536718,1004.5327057798752,,,,,,
ls-5054,female,3,173.03613055631234,464.2192739948942,1648.4230651349658,3008.776096786969,4219.559791927314,4847.913043080958,14.605715575720915,0.5426620102714012,0.16348069674897175,0.2964957639758883,0.033973430603443065,0.07489044667180385,-0.1202507424051603,0.05740930918422269,-0.04536249720837383,-0.08785279246399358,-0.04059744725459817,-0.05337405176603305,-0.03842412016047337,894.6089820231168,-5.581955172435668,0.006197178312893468,-1.5648933544254477,134336.3048351882,271.8898029888897,853.8219924001173,1188075.4528330052,1.2797507682246168,13.562055309642526,181.83544600802912,0.084208642524446,1485.1389270679101,4421.201182662497,1548.9047122352692,0.6550721217298686,-0.8694151362233682,0.3210207422962568,3160
ls-5062,female,1,177.4094953621304,437.60371171861055,1591.5806892722403,2622.116674356573,3777.7593852644527,4827.600840292946,16.418254071538108,1.3020680561187326,-0.054182553024174705,0.2642440632490028,0.07142219963822222,0.04561607353081685,0.023960188365414588,-0.09261799235370151,0.00615812713098479,-0.037819743875792414,-0.0922498329276217,-0.058056155399598054,-0.02043072838617246,742.3222578352685,-8.751447236573126,0.002849486346383924,-0.615138722634269,114738.41629213312,232.56102721453232,715.6569455726935,950408.1587413885,1.1674869047426157,7.440596958456608,154.0857760572764,0.09086599108565281,1385.3073973049727,5154.527267852204,522.1602597851193,0.060755971086386105,10.808649377073099,0.6908357573544447,5120
ls-51,male,3,156.64377227731427,480.4296784296286,1409.6596490274783,2717.8438164199824,3596.74195567449,4843.4744823251585,16.786192924066093,1.2753618866824221,-0.008946905037044138,0.18761374847891843,-0.020387343822395453,-0.11501801338648188,-0.11306918173810725,-0.028470962010931064,0.0293406581445118,-0.02514633077741199,-0.09307796097302641,-0.07719118935503702,-0.05444571743210828,815.3560700094488,-9.04849378754853,0.0029003237765196205,-6.817822255713266,80604.02158142437,241.94744040964179,348.156407428226,738118.6066189664,0.8850745637475448,19.18674330099942,162.2532713094791,0.10578163252455403,871.1277633634741,,,,,,
ls-511,male,4,150.19629019574268,441.4284030642832,1488.314879616672,2462.2853709515216,3512.524193574003,4172.317029445265,17.61563384086348,1.3305238017329473,-0.3523472214808884,0.4933295377208856,-0.10717532993261805,0.07696417735413083,0.10249674796477248,-0.08864363865946337,-0.03153159228049733,0.006787443233418922,-0.04840804661266582,-0.08580214167210354,-0.07168439544051146,812.7799347870663,-9.490603982602863,0.005011226346586085,0.24326395459511302,130094.1726155337,215.59199598240835,618.8510072419507,904318.6183738625,1.101902570210733,16.460026702031804,209.4588170120952,0.09483479505410997,1218.392848159524,4791.917283692972,1059.5563044344435,0.9407526408228629,0.7225556362797594,0.27530505170627034,4240
ls-5115,female,4,152.9017849027339,570.6329625692837,1684.6795317261963,2677.58065021933,3781.6291318991293,4840.794829242467,16.162046461174565,0.30903104335882453,-0.08263856474467489,0.03014893223462358,0.04597862053461513,0.0687234181619053,-0.09173124587129036,-0.01767150763242698,-0.06209266389144187,0.028163589177506144,-0.1632040343933905,-0.07583601780795715,0.023512203390990662,1285.2534181926235,-4.796599909755965,0.02713641954708134,-3.081967693146602,161978.90043622,311.59794117988406,601.0943273878617,922825.5755201624,0.7359746171866519,20.387228218140528,209.53794985061361,0.09265139462521649,1515.7870395438204,5349.768980789256,1080.76372341159,-0.38208042690882593,1.4616963404077263,0.6438419087969207,5200
ls-5118,male,3,117.06865119559414,655.9658807783146,2137.6634885185586,3148.3880675297555,4140.711634545818,4979.5210836619335,14.217891176923365,-0.06490608602164917,-0.03849805719883425,0.17405963748643902,0.068282356922325,-0.04810949582998959,-0.020496406602455768,0.022346275080766424,-0.023694700987083938,0.016367750097118543,-0.056060118957756935,-0.036285165912406964,-0.0000997797103041073,1328.4715157983762,-2.7127183770992893,0.02827102320723707,2.978789205509531,221464.71179871322,897.1553634472205,801.5300778503176,970096.2488090725,0.5798016179169007,21.49610168208364,305.4609159168608,0.08277462464714562,1485.9432276618434,5241.1266233561655,1448.4334607760602,0.41809996230150803,-0.6500107386924137,0.4874066707015658,4680
ls-512,male,3,130.7210509457055,543.0598496543535,1804.1465784828783,2647.3686113981266,3892.831711734751,4811.754537090737,15.81221699268764,0.8511174284736487,-0.04241368714805802,0.18939232895220545,0.05953513029625979,0.15620480715706045,0.05743183829879875,-0.06499321841798533,0.00920851704877065,0.033510301814017734,-0.024680500532972216,-0.03607308555288362,0.0019186869029921836,680.369013143046,-6.588827961666184,0.00222981425427665,5.782514502355968,205335.50023652383,562.6587595579264,834.3985009611713,932585.9254702854,0.680579563513819,17.661776668504025,309.49667049179516,0.09397932336306748,1607.6472632110986,5438.033864046245,1167.312256775815,-0.062021385174520265,-0.6163064163533964,0.6372581260255186,5520
ls-5123,male,4,181.73204301995293,489.48544507387226,1571.9940142943642,2790.3140154574116,3630.8062906118303,4367.926303302438,16.483079369128394,0.8639117482345442,-0.44853813890977284,0.5128852691695507,0.034224167433405984,0.007994319670208819,-0.07763649139135365,0.015227352716048557,0.048072225984553296,-0.07333088272415964,-0.07728690420802617,-0.04618330845499259,0.0022231140669251243,928.2577988617242,-7.048172620498292,0.012861035702212278,5.202472004618698,156163.14897998096,315.79485264060736,623.3238313760147,1056453.077026203,1.1336678754736285,8.958458796716577,247.25336542770845,0.08104840089326232,1278.879941318632,3092.417806298275,484.96251496810254,2.4200766005012846,10.383410414289646,0.014362986488252884,2960
ls-5126,male,3,200.58313407226592,413.67562025486325,1573.3493866691592,2778.6321519737826,3583.332942210872,4736.975947818004,16.57299784960582,0.8679430354701946,-0.10981886740628771,0.4222522220613725,0.24741184931807222,-0.01737329682789524,-0.04430109193476305,0.0416456176421096,0.024299246454307512,0.012360925716443915,-0.03809980319139672,-0.07576989905712549,0.010411526952676848,772.152896057716,-6.948849744289454,0.0051308525998761696,8.954259443214195,202200.77534488006,258.9617873057581,785.9740004428363,1226387.9943169956,1.536943132606724,22.79083122941418,232.3286671553262,0.09160509900436913,1599.5178574631573,3997.3095262009956,1094.5622874194814,1.8351955341004087,4.07097204740066,0.10737102554721897,3560
ls-5132,male,3,139.3991800702353,572.4230886262797,1849.5649440061668,2748.486929809945,3689.6080188921037,4183.7008517630575,15.981164910714584,0.5169634132717843,-0.7669920303077408,0.40475481577898476,-0.15024452164238294,0.08973284345421388,0.09959944070882598,-0.046343607217570144,0.026067543417057498,0.00764546663253567,-0.06634444315896744,-0.032974861944172824,0.01763733698104545,1616.6238075327676,-5.69585200760344,0.136789314629943,-8.816012693712887,169163.7364411133,545.7175164121231,619.7503519186935,1023131.591753998,0.723727065878637,18.98485661832495,199.71280748070188,0.06943585033560071,1358.1338188633533,4611.129380275556,903.4914476330279,0.7792544657798681,3.012996518066366,0.18968285107675822,4180
ls-5133,female,4,164.18917098224284,459.28127012353116,1554.2817867679119,2764.1152820079087,3575.057932796566,4393.236241489541,16.72447863975745,0.7015762300753435,-0.4989404107319312,0.5254532384311836,-0.14188851108793946,0.011802987423067849,-0.03468629232879424,0.03107733777105572,0.06231143308319724,-0.03326091387044538,-0.04126486091284447,-0.08184605522083482,-0.007031808405133281,1305.4480131863706,-6.679525508404245,0.03635639578171983,-0.39053599496680796,170549.46760138264,434.94633678780394,593.7567135937485,1024140.6205632101,1.0139105760046068,20.256626015553042,209.4826349054136,0.08682152181557021,1361.2916191449474,4668.817017085218,818.6066029458027,0.42734309860487757,3.3013658785853854,0.5029975531288019,4500
ls-5136,female,4,180.9573894238236,509.77743246893283,1646.3016159059323,2882.099432093065,4077.971285265042,4841.20997199601,15.188417565502277,0.558362184376121,0.009543499548060115,0.25451161469623096,0.11211488147482099,0.03704233815770495,-0.18464672284167086,0.016697841298146193,-0.01160140988053021,-0.18343177314869108,-0.17183627455670727,-0.12459902721399746,-0.08203148841484847,1020.9097899195723,-5.6431391439641425,0.007801550841126867,-2.7155173854304726,40583.07826030179,83.73887832147639,546.3617408223662,242900.7284578813,0.2632959999593329,11.717189527011893,113.37343629477262,0.08143350546578743,1107.4025096290238,5503.770918245398,726.9298350164595,0.4677750766909264,2.466033805122051,0.7298395165744647,5400
ls-5141,male,2,173.5784161083448,432.08026915145285,1558.684157381131,2517.7853869622986,3577.212989074901,4903.490421305069,17.20015022718134,1.0510156706480909,0.08956951513344823,-0.07368633110710497,0.2554117842359812,0.1818223701635045,-0.08098792226280375,0.036170805352259604,-0.014679027269745112,0.016002957521162577,-0.1071784634774915,-0.09988811545003781,-0.0903039933410181,780.1972232930523,-7.44379621230183,0.004695666340210627,-3.139386540775279,112255.99687084032,149.54673282261314,545.6378222077749,1011716.2473391985,1.2960019685556508,17.842210455842586,214.63662130041877,0.10283409052578205,1145.11621123743,,,,,,
ls-5154,female,4,154.10112821780558,672.0464951764502,1836.1035348712053,2900.8275418223075,3915.276041093097,4834.7334616431135,15.323342857991427,0.48369942652945586,-0.3015103633574069,-0.000639936053048695,0.04650367564060838,-0.025612060543774563,-0.15559865475460588,0.001686792228157057,-0.08992271895436732,-0.11688851554380549,-0.07148674530499138,-0.02735515648105214,0.011698779134118556,1279.080194978087,-4.831022516610217,0.030659054403188602,-2.8283534366365175,129934.20045391929,288.1064127546887,468.9865149667347,991059.7876467074,0.6991368482380137,27.39450759908794,210.72226356144785,0.09274836236712358,1123.42958230038,3746.9573736114735,681.1403895930212,-0.9994402195776233,3.717037525227067,0.030658663842120695,3860
ls-5164,female,4,171.51681626728575,535.0373682144609,1635.5140227151824,2636.7183962871286,3895.7860252325945,4800.5836547070085,15.97845584764338,0.5843053963052868,-0.21360031778790695,0.038980057570307154,-0.027006868826581598,0.14911977455575437,-0.08403390273031701,-0.1207152399386581,0.03849170359638657,-0.050969311211484465,-0.12337886565489588,-0.06712172561487964,-0.0018827703256388717,1438.7857962094554,-4.808529480755752,0.05890247671761013,-13.540584629265506,108749.36532553122,287.23148123759506,587.6193578375771,834489.8505311322,0.8018038029300536,12.568331351548792,183.23745936066203,0.09273010699736488,1115.5670368970061,5114.791787622454,630.6979163617907,-0.22056300431359127,3.684836452332151,0.6178525053807272,5060
ls-5181,male,4,146.5718341022787,493.0167364212743,1553.0261410345242,2542.755849680848,3466.2041115114425,4953.065915327854,17.465307607552326,1.0264598258462474,-0.13569817317628713,-0.07299251009560247,0.2560343959426268,0.024119899000497887,-0.0632142100384829,-0.047022105100002085,-0.0754057953728832,0.004134806543922443,-0.13951826324885347,-0.15046886400027565,-0.08106440723013696,936.2981140954226,-7.672161988925568,0.009979098475841051,-2.125408539269373,80741.36227071677,175.97265380038957,545.4637202198478,756219.5988998079,0.907246876273049,18.959634706882955,124.98556555754307,0.08769397389675107,1004.0320266317781,,,,,,
ls-5185,male,2,145.28766802202225,473.3440175352031,1473.4029876943348,2342.161770021355,3647.1000191571966,4706.452698371134,17.44492780361371,1.19583736765963,0.10113908952203318,-0.09558572895117089,-0.05395436525685931,0.22955211089426172,-0.07663958641164484,0.020111452285972692,-0.13221370622861361,0.009842492020098306,-0.10091371316062869,-0.1585903417941008,-0.10879250829979678,811.2486017298792,-8.270879810474524,0.0041321931906882926,-2.2340340465125443,51348.81913906666,132.5395680473476,376.6854963325842,478181.9425995473,0.6332065635724186,12.766894502055784,114.21565179237047,0.07911290461102186,802.6301712257607,,,,,,
ls-5186,male,4,158.63617576286373,367.74445656803266,1665.383464240107,2801.2064779381453,3651.3148048720045,4574.135435112876,16.349008296202463,0.7131304849788738,-0.14310677627039467,0.49010751604768843,0.1289310227010354,0.1481599344904602,-0.004251088981921046,0.10918923168404562,0.0032190077529448413,-0.03332920292445256,-0.03458392632015121,-0.05715339602328979,0.02438336267582804,765.9274552559561,-6.503019069123134,0.004412707970093521,5.227329498956114,206310.3445688985,229.62745646125884,857.6911426507648,1254034.0658118548,1.4426606676662885,17.623811715754663,259.80740451154657,0.09265493462252676,1519.8717449971584,5582.647129211525,1260.9403140412364,-0.04149484593632745,-0.007975692754532693,0.6045279299863822,4840
ls-5190,male,4,155.00409662825317,399.20168862241087,1710.8179985956363,2632.1710295636412,3832.826747799014,4619.274243497703,16.154993908906622,0.7191594071034995,-0.031269723453667915,0.305054314073009,0.017182073543141028,0.28555397477822597,0.02433984155910684,0.03284353603784535,-0.004743538903000114,0.014045527293058833,-0.06421013922966837,-0.10353777395348007,0.012278972509212217,762.4785472528918,-6.312585434064211,0.0035075048424799667,5.294819833742702,182525.0493586667,298.3615357198631,677.8232710117851,1114761.7362319687,1.3239703220077208,22.544592911735663,259.5745241448034,0.10093580401345259,1430.1522663577643,3833.780521927326,1165.3479046519824,0.6347929316019092,1.3234476982716732,0.2671408437842954,3300
ls-5206,male,1,166.58023022304818,872.7437063463848,2078.2882939049628,3342.255481694574,3837.8741289871355,4839.142593986425,14.501616465751342,0.5071240250340856,-0.511389493322094,0.28040713425481484,-0.0252497249506557,0.0422247843591677,0.23970900837889997,-0.11839288353487172,-0.053612093822221187,0.10479439101240233,0.00005909133596566729,-0.030969736153520368,0.03905832074252316,1407.360711786931,-5.315856027734132,0.08889234355934263,-2.778434026450269,194129.22231289177,801.4385137495487,546.1354872552379,1271830.6083161887,0.6787529272623916,14.440175156271948,402.76735802370104,0.09211690285568265,988.0978451730741,4948.355283726074,911.4922620101522,0.8904756520345456,0.9324874178026232,0.3742467905624606,4340
ls-5220,female,4,153.3755108787469,459.04208040307145,1585.649976007825,2702.4259771813295,4340.361380737319,5029.426522539989,14.949634562707857,1.251914979260746,0.35920338525186546,0.0961339849017008,0.21392631624724912,0.1963622797498793,-0.18896120815837897,-0.05920304565330148,-0.03674867684812242,-0.06348466547739173,-0.0761843001506658,-0.06201735161400953,-0.022052393774303257,713.7704621447316,-8.375728695990558,0.0014879108803790468,-4.717772978141482,113262.9759736374,224.99437530600096,872.4598295224843,924056.4211822305,1.0842938598547573,14.433633454860775,164.2203766336453,0.0910137121567063,1412.3690003306174,,,,,,
ls-5239,male,4,163.4175954158229,375.6871496287631,1647.872933419824,2509.16634453974,3474.28915803934,4854.350542826031,17.417223782324655,0.8082296541286634,-0.22909223487688074,0.1223979780916874,0.19705656918338738,0.000703764605252078,0.12286843566609737,0.17308948193305285,-0.16968310859699387,0.09988039919961775,0.0516614571717868,-0.10738401015038196,-0.056313388377185136,978.1593970201495,-6.611844739563616,0.01652036402313911,-0.07333059754283122,163592.39298531922,321.17750841091464,553.503598605375,1131051.9408784676,1.1340397054723974,9.477564672837836,283.8004522773771,0.08362656310374889,1104.613874013277,3715.393586504092,691.4474844581803,2.078076012158274,9.35082708594967,0.044391517724752465,3500
ls-5242,male,4,158.1843852325564,442.9062116948999,1624.443249688802,2658.803174200506,3539.4471660262598,4362.9974580003245,16.989417153922943,0.9933885822852653,-0.3911248492492466,0.5672123689203807,0.03635091781960689,0.023435579714375224,0.047915703256319254,0.0031892682342473336,-0.0726443608260428,-0.019568366482474866,-0.07770447490136581,-0.13556145084560706,-0.03565773905404702,866.1024349842767,-7.598614074774611,0.007626354820145124,-0.3192565100502106,144317.76588923956,172.54245379498056,656.8243751168453,1062624.4974728622,1.3123529496573707,13.752306216985222,233.32684125904547,0.0919287626679858,1327.9752931268372,4928.754430967296,920.1467456702967,1.0380131571038307,2.492803785030999,0.39604932919466457,4640
ls-525,female,4,166.37482002264025,602.8523470519515,2039.7840611872882,2933.2247090487795,3865.214138664794,4589.920163067132,15.189914125795749,0.4118475771781102,-0.48567862735550227,0.40774821866819344,0.10342412571668387,0.08537358150645455,0.03286156186346697,0.03903438867609816,0.016637961846479733,-0.0440425066716881,-0.08131298247239699,-0.021091607449497434,0.01264066538139205,1133.491409208528,-4.8190016863587894,0.029108191276940778,3.1481557129753206,251603.99068013538,1084.6396354532249,1076.475513078136,1165401.0410726804,0.6857624038059065,22.86526839279469,308.64123816452684,0.08890804071467873,1641.9278903025745,4140.353765512918,680.8922635639132,0.30101282086228043,3.1454099313867223,0.14000316641822003,3920
ls-5252,male,4,153.2064343296801,408.4332617035234,1567.3277135709388,2487.3674373948843,3893.9591199350757,5156.356542144087,16.432718294379733,1.1395043288775282,0.23734554119843007,0.018662100309005468,0.21203054737296761,0.1801808062907861,0.08875620039699879,-0.07487145575002645,0.0011188285412495431,0.0437586844651786,-0.060393064532224816,-0.1273240361075124,-0.06990017457604945,666.2275119108052,-8.525937311370019,0.0028060601682186204,6.2148160188028925,153325.7112346001,216.6312879810132,625.6313893392708,1259603.4179786847,1.5079259797594382,18.585923649428715,199.5498294827609,0.10496707147979649,1330.3021248774971,,,,,,
ls-5266,female,2,184.30174101215732,533.6586059451449,1693.8527587687208,2841.9146297868147,3815.92912416128,4601.682708736238,15.794334587288581,0.6493616467396192,-0.12197900984967178,0.23150912445388244,-0.06468575319534119,0.11927031199771633,-0.09929188207096795,0.07055623141116191,-0.10788053803882636,-0.20829302037063496,-0.15382563987870213,-0.1816675042689299,-0.048618512356223303,1094.9479546453488,-5.7451894119347555,0.010957389117409844,-7.937751756918486,39137.267340642415,114.9174728165726,379.66515926377485,224648.82770223456,0.2312560126559281,21.313636381721004,107.82462119576566,0.07506279833320736,793.2927812130488,,,,,,
ls-5280,male,4,166.66723191053694,444.20960026532157,1592.7711694848,2602.6646827309505,3710.2282539979606,4363.005499479676,16.627395912378226,0.9829554596319752,-0.31450931867357446,0.3574762437098351,0.020671608589836965,0.19645331466558166,-0.005384599413337864,-0.09358892479429781,0.08463439950750351,0.0029253546750013853,-0.07039924377754099,-0.08004933708179479,-0.03352606884081518,942.8919924525148,-7.0710831302734665,0.014597000366934723,0.3550494827583317,195594.39913544786,263.01593196062277,795.0384608043346,1214783.6213185987,1.2281975963059386,16.724337923026283,267.924701498756,0.09880863218885683,1500.6496122778617,4386.57061858914,1458.7378361017568,0.7833803547003735,0.2707813308176652,0.2909837252741252,3660
ls-5285,female,4,171.11389793327132,483.18325217352856,1565.083024393968,3033.421067498882,3967.313413334372,4635.251778785783,15.299046370831888,0.9503102005229008,0.004700929788303419,0.3320717242939607,-0.06778610707269579,-0.00169585026682716,-0.01829513588563255,0.14625796195196453,-0.05696441941098799,-0.12639891075256182,0.0436644805207198,-0.043406194675950194,-0.05946278937488629,823.943022677216,-7.439066244733889,0.003564413170833869,2.8649876311996545,132063.44521125837,348.20320190682327,554.7560269180223,1265802.3857218036,1.3620307907850613,16.363277414976388,210.89129098420256,0.09197592143606173,997.7613226011413,4821.829202345765,954.9244404857712,0.8595233588643967,2.430689139002894,0.40840561111019336,4730
ls-5304,male,4,157.9267469543974,485.9110077677051,1620.8478516626262,2681.0095737230085,3452.487366604119,4365.987428311702,17.136506979939533,0.9922599903959196,-0.5730593069143997,0.5202645717717729,0.13011437971753598,0.022883632557343492,-0.08356389545636769,0.006788612832267698,-0.024822786017795983,-0.0761580832842163,-0.05748246095880072,-0.09637462819752055,-0.03505724761805791,1041.9305561560027,-7.411385872661263,0.02076885051220296,-3.670021997867204,105918.72169261432,291.06251788690633,566.2565021899023,1127109.9481728468,1.278583895940291,16.16881369683101,224.1124664731313,0.08231772342063709,1350.7633545340877,4445.354928132203,892.454609799654,1.5504961218751938,3.95881867752507,0.10391465171069567,4210
ls-5321,male,4,179.35849572696395,527.057723787749,1591.4428222581691,2740.835375214816,3688.0203541713104,4845.56533452532,16.39993722233151,0.6359520048635883,-0.028597522739833483,0.18385199798915502,0.09059288621902892,0.004340445883040183,-0.030012634801858906,-0.007087968963941637,-0.0976222461601594,-0.08901467664761811,-0.18644922790386037,-0.1437471967879333,-0.08606193002998405,984.7054465521121,-6.225957043227719,0.00852904237864728,-6.1865282843959175,55780.253513914,141.64535318018204,428.1340554956133,688825.0002558359,0.8072871877367434,20.961155644437326,149.47761047376568,0.0895127432992491,1018.0343889766172,,,,,,
ls-5333,male,4,160.3103808352956,477.0068548725611,1566.5737554326838,2709.3636435914077,3584.9322242894295,4979.985774480639,16.840782573352133,0.938058595317754,-0.1567835089688252,0.14123777980198085,0.2396956329193221,-0.10793041969739953,0.02982412934781219,-0.01002422574203108,-0.10217769113027965,-0.09161727724218717,-0.16307280332128038,-0.11197098222115118,-0.05668275555638796,1016.6891429197387,-6.948926484461688,0.009662197609861747,-8.423139734510194,76708.07090742594,140.09391270346572,487.59418701417053,904991.7927879106,1.0823141989776701,17.861249194408998,146.20987369849797,0.09353587285977882,1032.3931580811563,4377.728739590648,1081.316996144025,0.14291451964760177,-0.6272322839487918,0.3881908535056545,3640
ls-5339,female,4,167.22884436423573,443.59612279868327,1793.1759578350348,3006.7652258066196,4162.919137503035,5096.555635478371,14.70230143072372,0.7558659440369642,0.16832659219634633,0.33285203943099545,0.059063251228375885,0.14212426694630662,-0.0009450202672364855,0.029433497469889557,-0.010262918905736208,-0.09325933525562113,-0.04513459049396183,-0.06029148844073638,-0.06892945328012946,714.7376498736244,-6.506561481934472,0.0024594326510435547,1.1420205764650575,133275.8478251674,213.38596044263633,747.4001491181458,1033793.9221296742,1.1029227222707603,7.178290450314453,213.97657744045318,0.09608735552496495,1338.1757979799909,6539.159830564515,914.9017805048209,-0.6123245770957069,1.3884212112250112,0.9571343940354552,6240
ls-534,female,1,175.15772642289068,452.8408158080183,1638.4052216356586,2679.4617357643415,3850.442139151948,4781.74690779013,16.0766569532778,1.1693706097429715,0.07761559798949384,0.20913112106457013,0.031506049930297944,0.13320181959932773,0.022408573770466754,-0.022522196675162823,-0.0490969626375655,-0.07296263849104033,-0.13206377085180174,-0.08901556621041021,-0.052768859210972435,664.7048183906085,-8.250840571483103,0.001157009110247687,-1.9733667124909402,76657.84371411093,181.20568553442683,571.8546460047448,562834.8911363044,0.7095997950749642,22.619267904710743,181.27342385666697,0.08644006655575166,1140.8740062958782,,,,,,
ls-5350,female,4,174.52581489244335,479.4657867974687,1629.1442303992499,2817.7194594163157,3749.05288986196,4541.967258535418,16.059282625283842,0.8282213251103332,-0.21495730906165741,0.41748634680399976,-0.04888798083979831,0.020604022031711848,-0.014379234554348868,-0.029378429642605862,0.004180399425216495,-0.10187128436821255,-0.11976449020201346,-0.06328356168457164,-0.07305424390762241,1027.4475626694914,-6.7381299762262685,0.011484481007028771,-1.4396805384071962,82720.7740887317,169.13361489408328,499.56208883110594,693785.7546683708,0.8028603241865881,9.401763057697302,122.19124840906889,0.08707095006989371,1100.006497227509,3974.8347370882666,853.544585820793,1.1671148162335512,2.9858121446899037,0.15525250839786536,3610
ls-5355,female,4,174.46079362292932,550.9344511208752,1864.5223234397026,2766.0779059056194,3995.587689041228,4613.602900056674,15.2837116136815,0.787845990847595,-0.04509456262392871,0.23446426168030965,-0.12258011038411021,0.1835300123309971,-0.06481754691363162,-0.10511845061339925,-0.07020436144775546,-0.10388146353035024,-0.018801282055421215,-0.020789339654913024,-0.04073556061107314,959.6085746366157,-7.130004859002645,0.00981498185009418,3.8011702958872147,129786.88255470763,291.4171437933429,690.8966918206187,1040135.5525181625,0.9586712603740783,7.863897713236349,233.87379780972805,0.0931183161837912,1252.860197999396,6251.162890386215,1110.1056864939756,-2.0900519485965483,4.875409273397225,0.8874408735232109,6580
ls-5361,female,4,175.03601598984767,491.02330013469947,1831.1017403344172,2767.1095292203127,3783.413476758828,4745.264158269978,15.87069615321196,0.7725686216686993,-0.3975545868250743,0.18069687590776767,0.15799330367406433,0.13927682835373062,-0.04814941965737053,-0.019193236536834517,0.021240750271074603,-0.053938552541921383,-0.09551696114720645,-0.02549969103774348,0.01888765620814263,1031.0476331672628,-6.375796213284637,0.018126094356044502,4.911719389866107,162893.8138838036,386.38830429998046,550.2191554642114,1013522.7822151891,0.9107135977493058,6.749570561600461,247.30581716518884,0.09659639063537942,1190.5571315265793,4382.09832548569,758.7128640213801,-0.5330002194708269,5.262640979973472,0.47136834999860194,5440
ls-5390,male,2,146.75778186598967,427.73574689879047,1639.0468885453126,2716.4672661589448,3702.7677818511966,4618.410667366456,16.433657741200506,1.282811620237081,-0.10128694995318979,0.22660586308007236,0.1366745113897417,0.09288189843724981,-0.03714444934834897,0.14594046483880346,0.01562516233921572,-0.08848029357546408,-0.030166187935700355,-0.015105667833842134,-0.015498671475453711,651.3284944878982,-9.036092361290436,0.0017151604002209378,5.783351867945585,154202.18634531408,303.4934461314712,598.0582862991331,1076747.6625296485,1.2220071191722661,17.074781690132788,228.8557454476891,0.09479597705505957,1175.4577318142092,4026.301074236108,639.4704931750466,1.65313171972736,7.94319850666322,0.11749472203732025,3930
ls-5393,female,1,169.66079284409628,693.0357767925119,1882.0291278442423,2988.206053897571,4250.181496663332,4728.150547585427,14.402890292602809,0.6711739673807033,-0.19779468344303786,0.10335118909394274,-0.1254494650974314,0.10845999783967764,-0.07135602025191952,0.03784902333480234,-0.012515943238026125,-0.1270027538211699,0.01293455308586155,-0.02329779862272666,-0.023116698241585847,1046.0118504018528,-6.107159752140175,0.011110781078300925,3.4788233933238186,135997.72513460263,482.5302279833804,503.72158924637256,1036012.2910810711,0.7172633883271491,26.825106514752818,209.71869806148,0.09295518646428519,1096.8980820073402,,,,,,
ls-54,female,4,170.34829952493362,502.110557475778,1947.3227679034994,3082.8817773542814,3960.1639536247744,4504.169557512378,14.86862011410178,-0.0264232123691325,-0.29893217769388686,0.5692358968665907,-0.01258080422912453,0.129027967088503,-0.1500539737100416,0.037908077915849075,-0.03472608685209899,-0.17852483361120644,-0.01732633496399001,-0.03784812901189116,-0.050186152292177266,1531.501403545646,-3.6535885687583036,0.0914695675237104,4.143948837089553,163392.443483822,275.1737176992035,694.4138432169937,1193213.2110784813,1.0268298310731034,12.013669951612808,251.10213515520695,0.09564726076678037,1382.4244109233643,4784.079563125762,849.988845160963,0.3886403700362941,2.126183106420097,0.27967864268184883,4570
ls-5400,female,2,175.40179590954318,435.55258280619273,1914.3293787239093,2861.592449262825,4251.187734267203,5211.3927196817285,14.631993489150792,1.1033855001458643,0.04038738985708272,0.20672780565900356,0.29256440580231025,0.24746469702946708,-0.01646108399592086,0.052253678252007205,0.02523100665797782,-0.07077754195895555,-0.031330487280306026,-0.007259301662393935,-0.024451121486375266,609.9182963321722,-8.11370468568153,0.0019004781651947651,9.175893337096323,185265.33361452806,271.2658702403363,667.0818879414583,1058030.1805758523,1.0247574709962486,24.288697965318736,266.5193660870716,0.0975166714294622,1314.6837207164979,4022.6177504515135,504.4051100740303,2.3966740986607604,21.22988102329586,0.054754401089552866,4000
ls-5405,female,2,173.03884244762997,425.08011122559367,1936.2724177110695,2898.9238386568923,3955.1971332514886,4772.947198018908,15.181598187338412,-0.09972160751653025,-0.16593542505807518,0.3948565310294867,0.07160522038850824,0.2461975311336469,-0.023336796963723667,-0.007563637047484674,0.028767783672821907,-0.050205380473722916,-0.1287797576408828,-0.0016043269001494633,-0.01629713251919647,1410.452918873629,-3.3982575645863866,0.04719874526556046,2.988685960941739,198889.43221383015,257.8977958617879,748.4104252146514,1347631.1274675434,1.2051134097450016,12.07301895253104,240.72468166588425,0.09524872736272241,1265.4711126440789,4888.159959786254,780.2277378832355,-0.7529554540515714,1.8869770032091848,0.5054026797239599,5080
ls-542,male,2,143.25223908975386,555.2764211999532,1466.2754609044405,2633.6195412852558,4007.063417093187,4806.560695657021,15.918877225382857,0.7405656189038624,0.07091479024054603,0.0941433506983387,-0.14467198865153946,0.05650042904989337,-0.1400795811950048,-0.06843193271521922,0.050328399001971016,0.01710820617800099,-0.044266797251609154,-0.034177826294519334,-0.038633214037893,1052.7683894136721,-6.164607546566469,0.010845877212238439,-3.107335807405707,156899.65777143868,385.5631442502962,616.3628721210773,958314.6096580785,0.9611658748410361,18.41988510789271,255.37702103703793,0.0934041139147353,1306.78918614876,3890.8790858809416,1141.3349144230888,0.38859895887843354,-0.5299540109166077,0.24888890739303754,3230
ls-5429,male,4,157.93819838659493,756.388075118705,2105.636744806885,2984.0714454076183,4052.551750566624,4539.684460823956,14.633821820792383,0.1587398063128254,-0.48465672710011953,0.24691947803525396,-0.09275642553281255,0.19130744040516673,-0.15396543205041463,0.013837474610358978,0.003678170043863486,-0.03431360033454247,0.020606767949921764,-0.09298254701779991,0.012104897908884547,1759.7373673762122,-3.9205839703925514,0.18561331006374793,-2.1294219225283006,264554.5079107455,797.3435274366132,795.8160771682794,1347156.486154249,0.7206541294110891,20.35552979263335,376.58451231075264,0.08611793970227649,1383.2457670894423,4194.465812319757,560.9695797729321,0.0179164322063776,5.454295242603282,0.027526897871226426,4160
ls-543,male,3,140.940944807103,411.1296496252271,1656.5144844423762,2640.17210363513,3517.2510000229086,4588.7168884910725,16.90826095072869,0.8452690034888458,-0.4157976131913852,0.36943359680477733,0.16036185525736502,0.09245989890289777,0.031952605126317056,0.044133301327531564,0.002803921318207964,0.04539197708083383,-0.09105814229608084,-0.12449739902431711,-0.010451310135268548,957.1061296990175,-6.783247793155882,0.014649760307330256,0.865077099220572,128801.42788907606,247.51214238854664,585.1263333313268,908283.0599766052,0.9754448830210024,22.52582714334474,187.24551483923693,0.07968130366374769,1161.6077119084182,3220.714413962364,1011.3996317587421,1.5885735464296329,1.836996046990997,0.10657809738294498,2600
ls-5439,female,4,173.174671195067,504.64837962227637,1721.6702631117882,2816.907608006407,4025.715564977035,4616.234491397954,15.30299980283323,0.9583873160155714,-0.13811825620998472,0.2120465601309114,-0.07360256988608979,0.12451484977545232,-0.12664490468759834,0.03863697655923105,0.05161840565483037,-0.20360579506737994,-0.1047999879063502,-0.056514256432180054,-0.014628239672935113,1019.5897694339269,-7.570209097300417,0.011728699710336899,1.8126411339189141,107294.2679181927,217.54255913613386,517.2015187382578,989669.3508070731,0.9687030456403704,7.399086583738725,156.85285222208643,0.09167637948881104,1173.805994167842,5166.865811495364,977.6085856884649,0.8717796832741652,1.2259528655865464,0.6235877534477338,4800
ls-5456,male,2,149.9928586977428,422.6754140269561,1387.5649370560864,2589.0477493356375,4075.491710149693,4877.251591851689,15.966284311980822,0.5451746142575247,0.5807604341143469,0.23580234073546086,-0.07044926702623651,0.19786748587876404,-0.0696388160173729,-0.0833016559389343,0.0018530612412682567,-0.00745872285211318,-0.11330843831665033,-0.04802468695001587,-0.07393429866171053,774.4118436677271,-5.416290434807345,0.0027625445069656383,-1.215378552310887,149091.86474212402,225.54068875585773,695.8379966780758,1049298.594945125,1.4358570487130682,15.262365922314029,213.99562312020808,0.09756360606547572,1358.3307392929707,5203.761391664237,1210.4978290865283,0.6139170337065905,-0.20946679347443675,0.49668562318482,4460
ls-5459,male,4,176.65490291346381,495.79592990234903,1611.5609635997916,2553.891739751515,3550.173537167207,4148.596708773843,17.058196624575473,0.9289591804885985,-0.5447259094610986,0.5348625635249363,-0.043224403474461597,0.042041026624239156,0.07968344938645794,-0.19186374651707433,-0.10662016017947526,-0.029929745655335738,-0.08111886396638066,-0.1170775385276403,-0.035543693470887566,1188.1660629897247,-7.399883002789435,0.03137343394687299,-3.6660259989825517,102318.65736033476,214.43182215093486,626.7487838157166,913961.0865452216,1.0269028348411586,16.03464250591083,165.0391506242233,0.09004225425234713,1097.2528801605722,5587.258730337622,915.5183559513084,0.08789423505445915,1.5920759050940356,0.7920927088535905,5600
ls-5460,male,4,150.75239420092447,407.6272102266438,1644.0225870328363,2756.6329170648833,3739.838828265385,4761.510156133369,16.228112642017415,0.9032327376497913,-0.09934467564331209,0.3839210122349038,0.33675183142282394,0.13033233358110227,-0.10422173475195226,0.044643143650602485,0.06901883692114535,-0.038497706867177905,-0.07679561677394531,-0.03651601907716784,-0.006174121520750215,682.2910391963464,-7.223593961952387,0.004548577186463316,5.365357829995532,231164.7245607751,270.9605446280598,926.0690874058232,1411222.7021578453,1.6522837801197072,11.706462585545193,340.3766311477524,0.10146546706991441,1661.6985424754776,4234.520081541028,544.668321350511,0.9953182906154536,6.341368564667915,0.05163689350862215,4050
ls-5463,male,1,147.4695016688338,487.217546080619,1515.6116473888017,2628.039201173997,3905.624335101209,4528.316556482965,16.14901250956687,0.8740660662483528,0.05760048520699662,0.2988569217990217,-0.2844426723697561,0.11079640612492328,-0.030888095316671943,-0.00887643491243146,0.016485368560309913,-0.04729628765037421,-0.06299334174814271,-0.032447411435600294,-0.029913519470946528,888.0570513855903,-7.435267683431624,0.003915340313876617,-1.094076043267456,134918.55554087876,206.75535238035616,614.8842832086905,812396.7301377086,0.8813305885826789,17.671590137114617,225.35277959963418,0.09692584426749624,1110.948834976469,,,,,,
ls-5489,female,4,157.59732444546376,523.4790609196885,1626.4990817529474,2635.313161400085,3770.576548569079,4561.662386436639,16.343712139793205,1.1512968360432607,-0.4506772850354723,0.11294061173544605,-0.02326893510311513,0.09881382850651793,-0.04910096339788779,-0.08710601036178067,0.07548233450571092,-0.09068395518926728,-0.15749901995109716,-0.10425346630276283,-0.06420656285584611,1156.1427528751337,-8.305572694028307,0.023771104661330162,-4.491421705369181,84057.6061663953,228.99417913132942,399.2679354645536,785354.0722779947,0.7895784531077074,18.68431879566333,126.73175428111188,0.08607423698020536,957.2848601827835,4344.106064070478,733.9793887934429,1.1408606585234218,4.973115211999939,0.23455845588303387,4110
ls-5506,male,3,149.43992448914486,740.2390519826351,1764.1121042463008,2639.4098505052143,3995.772155279091,4786.707589745584,15.566815442818916,0.32485386556266266,-0.10251159523128933,0.020593638005668918,-0.2717618800704287,0.145711974528989,-0.034642612060808244,-0.06753728148851919,-0.019740979246388665,0.016016436365638365,-0.011755037431411795,0.03541591898433571,-0.042652927501970854,1520.8706194450756,-3.9091676036074574,0.10454021694778845,-10.038062106890777,188129.3084278418,632.6689441638713,788.2566483832425,931392.032929016,0.6618216698852861,19.443240595854785,289.3768686979175,0.08459450124278209,1139.5206957784828,4056.072542271292,810.0454698434653,1.0790348970509807,4.1169254842387595,0.0881966419329205,3880
ls-551,male,4,171.62960161959012,426.73221484213826,1654.2711321527704,2415.8024790754052,3839.235069384511,4842.266660644089,16.564854602147552,0.9943008181653248,0.06345925944283703,-0.07357520569725365,0.1016358984135321,0.30588299241292716,0.05827548608283963,-0.03947104991236186,-0.08780097575803544,-0.05091871043986637,-0.0754684326787031,-0.08988001889781634,-0.10131063272612495,764.2357062185349,-7.286759441840461,0.004374039345137791,-2.7492393959472006,118553.82525835338,194.62853294158944,534.8656195726468,1004259.9619214819,1.1329479569177976,10.330287069765578,203.60703586494378,0.0892726955261135,986.7103576153723,,,,,,
ls-5513,male,3,146.17294531866202,414.58940681899196,1572.4620037462844,2663.2724719628413,3727.4463035537137,4471.474249621358,16.509331718728593,0.7147880688482552,-0.2588962039992398,0.4635251544405918,-0.011264023373064324,0.21063451325889962,0.03350700029556551,-0.015421909927475911,0.06721715825716633,0.04494531948342228,-0.07074474316984997,-0.0877119147846091,-0.024733701222919537,996.7392341975681,-6.13570768160953,0.011409904980072931,3.057720088574834,172036.99637724686,211.32614219696586,681.7424753025564,1262093.0211153175,1.2016748653082536,12.351718718586522,297.0402224165433,0.09533057218778908,1342.6291217284195,4656.2640443032315,903.1865152252664,0.8656622242270269,2.0756845014634866,0.30460759669134213,4240
ls-5538,female,4,175.23543261099482,389.76688615951036,1777.6492884693707,2797.773024018528,3890.121852320164,4541.178645037904,15.636956121569764,0.8339396400738021,-0.1642695667983153,0.4169815972543648,0.052308951028249506,0.20011688397371025,0.024681341310486993,0.00665711889585487,0.07669576570253867,-0.0632338724048542,-0.08057295389443303,-0.04022785112099922,-0.051693246778877516,777.145085075668,-6.942503128413213,0.004320663015620046,2.205441247495078,161429.77748262114,189.04149088945968,674.4184874133481,1049663.3735980848,1.1900797628056554,17.17299237544499,220.90093782752825,0.09776748407624644,1298.5382013966314,3757.179768380832,1027.6428527836122,0.977757765390356,0.8599710639129556,0.14832149023429173,3320
ls-5545,male,4,142.27003932380012,411.7048971339194,1503.6796869731631,2550.2239748874804,3784.2195070567777,4792.762699111087,16.69413890447359,1.273399477447061,0.18090030232915735,0.027342947683271494,0.24531086660835585,0.3043193644674553,-0.10617053321954131,-0.046283386165681506,-0.07244060921273791,-0.001965815009142627,-0.1348084816762593,-0.13814842992321957,-0.12080533956648076,677.7633922749117,-8.51130118032012,0.002355051235366507,-5.66699870285221,74811.94286728706,125.1246992564808,638.4533236487521,919121.3084933405,1.3308040398275667,12.630429842256124,116.18864146674518,0.0812428211224703,1274.2584773811068,,,,,,
ls-5561,female,4,168.42785638791636,533.7201952807158,1723.840740883376,2738.8799006282206,3723.38380857787,4426.192444525118,16.16907963459002,0.7115448094270778,-0.45343441479958096,0.2719205990310273,-0.1676247864332872,0.10051462774345145,-0.07188841845544064,0.0022420062378304684,0.010578801611823367,-0.12477610755403093,-0.06858767998510376,-0.07342547732366052,-0.022297037053237205,1286.7685425574514,-6.682440788937783,0.04017084511723046,-2.791017242638179,114835.77121485195,295.70202801958436,544.556384689854,881634.2546485397,0.8706067671199619,13.849889426354412,159.74833011438363,0.09085437033791008,1014.3588919698034,3706.5510973141027,734.5468701666704,0.8108614229076827,2.584647857259694,0.03223377088193678,3640
ls-557,male,4,138.1545281329714,452.2958422722555,1571.8457884185002,2616.2766104198745,3674.9536612950615,5058.652631516886,16.75856999474296,1.051786357845256,0.05477371347766095,0.14124478464297802,0.1291160722312193,-0.03820422634287644,0.13295578203245872,0.011229700729762282,-0.00487844037783813,0.034943985336914424,-0.05772730266418037,-0.09888580275060926,-0.043283213893041864,659.6825476604098,-7.701766379666099,0.001980716805696474,6.21123567952192,203695.6493773099,474.5113936850616,643.0932516186588,1429020.4542175215,1.403530453036442,14.867712635805443,276.6276823951332,0.10416131832094264,1316.4240090508047,5351.300681028197,1253.3517820652787,0.0701675611059443,-0.6200585496988082,0.5688486385410766,4460
ls-5588,female,1,178.268214424229,496.32390816068227,1852.5903685745786,2940.0171499436688,4112.879751141986,4641.486639433392,14.835196402148169,0.39397646121419966,-0.06099614923307488,0.28084046292667403,-0.07694920302340555,0.21511588722151181,-0.0825058100200747,0.008688294066115293,0.0024485017007700688,-0.10842944876012355,-0.043198422234823494,-0.03525177662187627,-0.03035165621169917,1091.8425819342076,-5.323930051939707,0.019812553672679315,4.691936628745135,225691.269029671,283.108689885349,753.0195145669022,1178230.467536111,0.9790573807870818,18.919307129029214,273.7620074304573,0.09704641523525886,1594.3433201027408,4980.089796441714,1107.983637654639,0.27119681960051867,1.6742197807973698,0.420157245636404,4200
ls-56,female,1,164.9037356757609,535.7988674078038,1813.8112423064406,2791.7876108724663,3836.1879421896524,5053.497198262883,15.708657200611698,0.3666494369374874,0.040476400059305445,-0.15793718412720542,0.22416737889348354,0.01707581925814216,0.07898252168255,0.07202861409463303,-0.11221986494649805,-0.061738412657530196,-0.11517592718725689,0.004692404540126614,-0.04165832091286334,1175.629775959646,-4.2919652701554085,0.02293595748572395,-2.7673699239093104,193608.677398347,396.1239214080897,450.1254153203806,1137796.9044899326,0.8406234145457037,20.224896309896806,282.10907094364217,0.10528113388775645,1224.2135492875054,6912.377078486357,780.1098938974751,-0.9857183217767107,2.2945811380490113,0.9888517788583333,7080
ls-561,male,4,163.51962709314455,451.38145231521185,1582.304851909841,2746.7782643320743,3460.0820334612627,4920.928902918508,17.011706476722125,1.0484552960149343,-0.332971446266141,0.35872831866971244,0.3281341099879742,-0.12993302286754738,0.022890083018384785,0.02203796865757611,-0.11005256655891771,-0.07387587621760607,-0.06335327602526923,-0.08094207051845662,-0.04199804062742481,778.2544332531397,-7.767018390122322,0.006310607033526836,-2.3521810769785607,101872.73233500967,232.47301999709498,738.615099077409,1069507.864056141,1.426577072578539,11.631322090802328,130.67549522038115,0.0927686340149323,1255.0758554417218,5889.551103542829,805.7991152628188,0.1313239666865967,1.7046640384088405,0.8984496252435055,5850
ls-5618,female,4,175.9959239463409,486.32348379228625,1948.2956440456226,2934.493448219755,4227.014715268895,4875.699504359631,14.616920062481913,0.5380712039795985,-0.005828973328957107,0.174992556691161,0.27146063595789227,0.19742755794663727,-0.12268476258381272,0.009017794143126808,-0.09426262595894075,-0.17668736198161838,-0.11107276556655918,-0.07727767894581586,-0.0704456432613286,1003.5128638971712,-5.488305744743013,0.014062733851416766,-5.896056634048552,76705.33769061675,119.35044177193441,494.56186321476184,517934.7672111413,0.5377044525561333,12.38625555725776,139.7460030705529,0.08741613494960579,1117.9216875813213,4328.4900227519265,1163.858319862896,0.47166539736722923,-0.12037995619629382,0.32512286876277363,3770
ls-5620,male,4,148.54250454996065,423.06431108132085,1769.3495936615511,2642.6921741967158,3564.8608638118812,5123.632572051636,16.67375935472433,0.6539157859582632,-0.20480114869011834,-0.09944440069568425,0.41549378755474675,0.034236981316616226,0.09242157970570444,0.05241315842021335,0.02419853526366572,-0.006415893107125402,-0.09040840599522312,-0.06562717366728812,-0.017525946484831932,1034.1863211431187,-5.655159513892977,0.026008270577036224,5.958401273238025,185354.01059106475,371.72137782540995,574.1669140179209,1364039.9564233152,1.1095802678472393,17.087682221009587,328.2356574243637,0.10418773933340067,1232.7172960487287,5230.180035539197,786.5222451392171,-0.027119872811901737,1.902643426596513,0.73870632649661,5240
ls-5636,female,4,162.367101838891,467.73909055216944,1717.3293356427862,2869.955004907026,4039.745746810139,5064.64759977728,15.28160502694345,0.6931699050341436,0.16101316211986272,0.21305375874232596,0.054524764775991094,0.10808456508706346,0.02114252603112171,-0.036261860069711924,-0.04116253560008516,-0.11048535298268305,-0.09505062193189003,-0.048751884640234285,-0.037857063976951585,813.3686499503401,-6.470462192964659,0.004203365084136854,0.9095876895980048,99698.28037665646,208.38429930666135,642.8835125812387,1040797.7436685325,1.1904521821849068,12.829542028824891,181.99536906122268,0.09157625137915296,1252.0925769297417,6326.244854437988,942.0541230144763,-0.6917963049636673,1.956615923138295,0.9512416946727332,6160
ls-5637,male,1,157.3091742611915,515.7039485776456,1611.713297665718,2559.2902338661333,3556.327866324918,4254.956965737803,17.0765066698556,1.3574955464905032,-0.4829087386072371,0.2733252681209682,-0.026480386679555802,0.05441483734075736,0.08584696676580451,-0.06798002751198068,-0.05234377531579866,0.00526907675946721,-0.10205828497609337,-0.10366969179365643,-0.014534277208686693,887.6493731261784,-9.491335180382107,0.008038523763771243,3.492328987938732,156121.2362484006,249.3644874648321,582.7148129616007,1009585.2220498978,1.01506155407334,11.641206798929854,215.13700081496526,0.09580007753285107,1108.8502637093675,,,,,,
ls-5649,female,4,163.55111512823595,420.5663839267943,1811.3689360353392,2998.626101605797,4358.850871672871,4905.427292253339,14.31952967484013,0.44558396727338656,0.1108079921427148,0.30258544123248554,0.09487765264022446,0.20712029483545696,-0.1036512837044363,0.14227548848494742,0.019603279166000773,-0.11880486523872477,-0.006714059720455958,-0.033529490063328074,-0.01421550541302477,840.9258213022638,-5.60923872489534,0.005039742601570422,7.955241032897899,182476.98349124088,279.872114265946,640.2340222917485,1342366.0783238728,1.2795062071425507,18.24787102439254,243.20423558099066,0.08888354286338959,1327.542768639738,4858.437833234538,527.8700081445127,-0.23211026843491744,14.355728964834242,0.3865974553914475,4950
ls-5652,female,2,174.11320210982518,486.9412753061037,1864.8388086038594,2813.280370535284,4061.8176523681022,4845.127685536001,15.129528502263522,0.6207604251863034,-0.24709984133393365,0.13288315107198762,0.19558390902499612,0.18963114368793182,-0.09698119139527057,-0.00020154194562692942,0.033231840966882996,-0.12277858045081955,-0.08329626091876555,-0.01816716367641953,0.010555364717671665,1130.0079977579467,-5.9700559089334995,0.028573167755058235,1.0750002898594522,149222.72283394734,298.16828064178594,520.982021607658,1102911.5299147605,1.036290150338772,16.49067796837287,204.15082821971686,0.08503089881034523,1258.9561858458906,5941.193728775792,862.9037749578567,-0.8371368009007294,4.485301440698267,0.9279556701303322,5880
ls-5661,female,2,177.7598214956729,386.3614699933029,1768.3675206452294,2879.6811250481533,3874.46114048543,4730.229467138757,15.568376101869006,0.6736287094391825,-0.15403821204231138,0.4136930651561579,0.10039055745515028,0.14200409754923354,0.048110862037151314,-0.01761060093868063,0.03392855729420286,-0.02040926177231812,-0.08686775054747672,-0.0366751320583396,-0.055069088671897345,877.367093010269,-6.030694177041076,0.007719532172265923,3.1695499975712194,138185.22480186773,262.2577686870202,716.1981654378473,938467.4251977344,1.0782193059165894,18.940055403984175,194.857666147591,0.09247375818419393,1210.2942474765719,,,,,,
ls-5665,female,4,176.9821152233339,524.5097830982622,1698.603539770941,2676.636816196709,3943.8703278616426,4546.431997986898,15.70360097968101,0.9444251310303942,-0.06957615536717508,0.30117318226144374,-0.17008509680847772,0.20459237115799556,0.019721816964806585,-0.1576102861543892,-0.0730428216179939,-0.13466692955725118,-0.1283573871416364,-0.09971415221995486,-0.09654220340860067,894.3628684965406,-8.000082924475365,0.006609873879722898,-1.4318334478576635,164259.92486150592,143.2079713963463,730.4705692690565,1110122.5503687437,1.062334200085443,23.424520402846916,170.14962025169356,0.09603719415944648,1339.2649877265267,3982.314120196411,776.5444238887367,1.3087282072190345,3.8240838122149974,0.08408787785524657,3810
ls-567,male,3,131.67279810769168,340.25912140258606,1777.1884413155617,3030.762583773481,3910.174859302468,4707.364416022947,15.284604592560136,0.5549337739927164,-0.020546952596180793,0.561119664542062,0.09272030309538445,0.1807037898036239,0.14938302684797625,0.09690023377428289,0.031882163038744187,0.06448135446710082,-0.004530786746887208,-0.033356515446049,0.013070488159256438,698.1614730173254,-5.464401109309087,0.002938494284460255,10.678212687145432,243771.45043993433,345.1440674394988,903.0846690240494,1328248.06717398,1.269411624919429,12.917129245162673,397.13186947305326,0.09920919057416334,1662.7898284758526,5189.453816193403,958.1906718685447,0.9021771630127774,0.33192288021919536,0.5268370631506648,5080
ls-568,male,1,167.2334262451637,560.4464874110288,1787.3054653810955,2632.745546252572,3859.9146655423115,5025.026139070798,15.941701255382686,0.45175264529280573,-0.13268161754277835,-0.12483448488782763,0.11846082244453657,0.004987820765577462,-0.010259790073463735,-0.1553257978738791,-0.08507904092622821,-0.02412478118144275,-0.33380569680007793,-0.15022249723055697,0.0775060365341699,1374.9922481440146,-3.619128088287197,0.04004037921899062,-2.456069827646915,5569.067729884622,48.96142642797827,550.4777752435191,,,6.956822999023467,13.5562547797558,0.056182013842740276,572.5536752538007,,,,,,
ls-5682,female,1,135.1957797882419,390.4991322436779,1878.82090994334,3037.940390861264,4246.632174593422,5023.529691437785,14.427864777576348,0.5366880947665402,-0.026141418581657392,0.3536437359628146,0.1759358276149238,0.14623827063229108,-0.03321078763703596,0.11026980731654103,0.03911281293582,-0.13410703817932992,0.01638221126119539,-0.057196136827482764,-0.10719293591736208,940.968962450856,-5.514117442931856,0.008409732673271815,-4.139686550573922,144250.81184513852,116.82859287203792,754.9685842701178,1310582.7558854083,1.4061938925091604,24.653366188094726,171.83008793154133,0.087461277018054,1211.9724296695065,6274.2759757264375,866.9001268479667,-0.9074395458561129,4.458757140925872,0.9274195871771171,6140
ls-5684,female,3,179.97969393243238,418.92078114667487,1794.6986227841912,3019.0556021910133,4160.83740346257,5068.130559189078,14.69290142303378,0.7431011338792868,0.1033243189912119,0.35765185042863673,0.09836691073282995,0.17956400113347198,0.06381600217698577,0.03579442506133759,-0.03815771695985182,-0.1274931793297306,-0.04329681453088726,-0.036954555910563194,-0.06126244254249335,765.1694819533839,-6.383701766497442,0.004039884038850268,7.550308726024334,98377.11254876139,204.04416958039928,507.68209447180243,1165546.200172411,1.289630282557054,16.716801192376117,190.11925011236133,0.09342552887158172,1072.919192844317,5034.38315363406,843.275260270071,0.980064801818753,2.112611280519501,0.6325211926151278,5000
ls-569,male,4,155.02654808688257,451.37899255045454,1603.4892199559233,2848.4283609493227,3977.0574566478795,5047.70176278209,15.514779158049626,0.9571830602573583,0.23708736626378774,0.28786330344799915,0.22701950600126844,0.04452062461221855,-0.02910543809587579,-0.012957251617742367,-0.027286975058693364,-0.11783249941812879,-0.09391895309899231,-0.060838541726109294,-0.037601703734050765,635.8693661209431,-7.261615615814993,0.0017147262167666612,0.700966906464304,108467.07477636819,211.7013329367502,835.3583138920764,927145.5362310968,1.2300527144840598,19.073221416638958,160.89777254408483,0.09390899754768484,1414.8788251866738,4979.875435261089,1311.9752016933408,0.3633927296994341,-0.4383547880730174,0.41661554490922675,3720
ls-5700,male,4,179.02535375914343,408.65487352494404,1557.4735419523745,2599.144323260977,3822.860761989704,4571.687016436013,16.394192064721665,0.7559782192793764,-0.004688378948640417,0.33001989241949475,-0.12368078972424396,0.2685185492568931,-0.01753244111453119,-0.02740709644284415,0.050909793370681786,0.009960557104153566,-0.08087048653325225,-0.10198976086392088,-0.035464543087628905,827.9976042744299,-6.657840608886121,0.004642908651881963,3.6712651575494544,126296.35481806681,245.92454824960782,496.5097183430256,911704.3261704324,1.175450361657647,17.066001681989597,185.02948451243057,0.09165000536297682,1001.6440643976134,,,,,,
ls-5717,male,4,152.42623341693536,412.04677740825366,1667.7321533686065,2553.6512674677915,3819.0845243817585,4779.440554612809,16.395460578593244,0.5802487828538531,0.06304649314955374,0.19742511820030748,0.014482562401226948,0.27252108487575827,0.009057077100951267,-0.016637305729709822,-0.07629654715634669,0.0464272290144121,-0.08830401006600501,-0.08436249674913421,-0.030525841515722837,897.4999471811773,-5.875289631697704,0.0068877073487158625,0.074432590067745,144084.50862248687,229.72573104897933,682.313607417004,1243172.8322050348,1.480211090347661,17.91744431607662,186.65790111470434,0.09153026187573582,1281.4618548772569,5411.904685795156,1314.2804301804106,0.056897695039096065,0.1597843357431049,0.5509932621468219,4620
ls-5720,female,3,173.3552266171922,498.9541301887998,1666.5411436870897,2740.6418291518785,3897.081415443014,4552.3213385583695,15.870093235265426,0.9518293108702706,-0.11413766860099783,0.32443518237917685,-0.050912334321706505,0.13561832363236,-0.08171259099008954,0.00006261424859762616,-0.02735851524201455,-0.017561685439645758,0.00897660428271671,-0.05710965859799624,-0.03291927350636371,810.490689423732,-7.347841955939066,0.005104447346886221,5.375084863136326,132709.9171186489,396.2939290770383,648.6291319402787,983453.2188360493,0.9608579569115213,11.111095798753059,281.6645730383927,0.08601796129024918,1226.2996468148028,,,,,,
ls-5723,female,4,153.1267899078257,427.46912455253886,1695.4083186389457,2701.981620043709,4016.5463123129193,4993.097984234563,15.592297722913429,0.5591440433074621,0.17924779817574393,-0.05211175982749047,0.18627847064262043,0.16837899513030163,0.01702862225776304,0.026746213029051145,-0.0009850897569701838,-0.029563014359072944,-0.12552420031114536,-0.041767845900588824,-0.058071344693529175,942.7167030361883,-6.124298773106703,0.010666210706295899,0.25991808145095774,118598.73097419902,201.3175258040039,540.9841137682157,1069035.4189360498,1.228576688590585,13.589835286686142,148.95378952998138,0.08713256103842865,1134.0601404924982,4863.983446844641,685.4611663574907,1.1877414747352042,3.923482288143355,0.38714072467796756,4660
ls-5724,female,3,174.56025616276673,862.1415174255492,1777.431359434229,2875.1189246330428,4196.414184142566,4561.261424473197,14.694766126406803,-0.465932840210889,-0.1410018942258259,-0.06859633364035173,-0.6623629697466548,0.4720255179228377,-0.16450481855511898,0.12983064579516482,0.03446203718574893,-0.1701181534233131,-0.021127406451244134,-0.03970303984032703,0.06666550472708285,2363.0625628259136,-2.0480167792262955,0.2777403099971745,-9.86110969989319,138719.32663415637,508.6431459756693,322.85064591079686,1141244.8743270717,0.7272048010845982,22.912454949047877,207.76096827703185,0.07332828609705018,708.3191413882644,4235.8990410174565,518.1539215855031,-0.940376621482848,7.695257422697585,0.00528893337468376,4400
ls-5731,female,1,174.5035938783123,602.123993582905,1900.0119997915142,2875.0985904484114,3923.7122827468074,4403.961863234838,15.26681440000322,-0.17944006224028736,-0.553621272729955,0.476386616876465,-0.38002405665481337,0.3721133735273594,-0.14841079944105473,-0.1541177824335361,0.0668441043949981,-0.19465902668077478,-0.06242947691517664,0.01442881935089091,0.026028934262168117,2268.134943843226,-2.7468732255536,0.3795470276395786,-6.382901160189316,129662.2834812007,322.45925639912645,430.9226199119644,968495.0377267939,0.7427598917694691,26.58781538274301,177.13488229096413,0.07088849867245789,992.2625503691945,3825.1232894036493,753.1821048736275,-0.5550995834420988,0.27985872632944453,0.00044436757291377413,4240
ls-5740,female,4,170.7160103736693,491.0186016842857,1769.1200232516687,2885.260726691289,4201.440481945729,4944.103063863573,14.822108447577282,0.770160402108095,0.13205984444661636,0.12157181877764145,0.1810114114139056,0.0855091593141719,-0.06285683179529823,0.04570347618809012,-0.07204563625587107,-0.0830284712890994,-0.03406820773898158,-0.05812527727897158,-0.05109443974767458,818.9045116760204,-6.506029148974705,0.004074952981247735,7.427388980535837,150327.88357464015,287.6857593046603,749.1472783451014,1166016.1062401298,1.2006159656641024,9.381262165504824,231.01105884240917,0.0959445226140907,1284.7928705134145,4848.987975446266,1390.4460327677466,-0.4290624120813834,-1.014369099709632,0.5819481784257237,4720
ls-5756,female,2,164.2022207413088,470.29852238590104,1722.686881636401,2998.1444163837605,3810.9116647909614,4732.842030210884,15.53915987823564,0.3334619308369608,-0.09700945672818129,0.538476978357346,0.07303410548403536,-0.003912616271744357,-0.06601562362732008,0.07662540950889785,-0.09103504077403776,-0.13673882759894385,-0.16312857773623723,-0.0677496873078538,-0.078839753512842,1129.481236207804,-4.354584412743204,0.01513497410787663,-6.71673650944812,157660.47553549294,122.38089888566469,814.4161044121223,879836.1539266355,0.8507395114089933,23.714927985687623,309.28819499403505,0.0965550549118914,1833.0249556812853,,,,,,
ls-576,female,4,167.45204324334534,534.7970436193057,1755.838912353553,2763.0858623296845,4113.979733666015,4833.053590067515,15.174603669758847,0.5475342244484231,-0.0057479618930243144,0.12535806637370328,0.057905773161712554,0.20209651158173922,-0.1585739422443879,-0.05460486049960029,0.042188721218929456,-0.16433535576359398,-0.12374951280806953,-0.06912459053762679,0.00288921079700097,1059.6341071250981,-5.756067732906244,0.015374239952859702,2.9941357087549525,138282.3607949618,185.11235143975208,502.28183139586486,1060401.3271337468,0.9822117617630631,14.459060073344546,254.03736854304802,0.09022690034928518,1253.1419709802822,5931.6484529964055,930.3018808690861,-0.12541658571585962,1.5708255887053788,0.8506557555687655,5800
ls-5776,male,1,151.9999882278026,448.5007426421748,1611.9818271148765,2375.606612060407,3501.635383317078,4783.677224953895,17.636926814529676,1.2292335046557317,-0.19427206983729595,-0.19551198912289428,0.024890146413086782,0.23004514142320898,0.08599149532195233,0.0331246219369799,-0.03358493162730423,-0.06360672154221976,-0.054182201000501556,-0.10235280098019034,-0.10508241953262928,903.5132232034823,-8.757579799301425,0.010632075277834309,0.709640077963553,127615.62045034902,200.36370543484577,474.7038882861607,748017.0346606215,0.7302260560512717,16.399589127798606,215.79863038961292,0.09732231818270186,1040.7109391444087,,,,,,
ls-5778,female,4,171.70483754361453,403.4254690009312,1823.7540498961357,2971.666948703328,4132.889913866602,4775.691961820121,14.88388567681312,0.8983642394246794,0.13282068249027676,0.3338073467520224,0.19726914154691327,0.1972518768658612,-0.01588201696367614,0.11656194797070506,-0.11371491441622492,-0.09986934965657422,-0.039981707378208275,-0.062449672054842406,-0.039266063912916795,666.370370229412,-7.395513343087051,0.001922768386372409,3.9648308609384415,124570.6439383039,165.07157941875752,773.9673239186342,1250939.911090205,1.5726221783023258,19.002982510359374,179.1463654084286,0.09281175023488546,1514.2808402436199,4122.245612723834,789.8971784159846,1.661001627522642,4.106195418164588,0.1609070106848499,3800
ls-5789,female,4,180.7094389722048,505.38515583083836,1811.1907529281111,2885.849000813051,4061.215476496868,4893.616749033301,15.120964342316611,0.9639273323469146,0.046980459405970905,0.2600000167643508,0.10099878660963889,0.13150124282653253,-0.0485785211127559,-0.007213239098673956,-0.052888253919068595,-0.13796548661874436,-0.0683060915581121,-0.02201539427738166,-0.009042911333801428,760.1161837872335,-7.530703842558295,0.0036607029483193623,3.416050927927819,137525.51398054807,304.97639734466725,637.831680356422,1333917.7378554824,1.4230452211617142,19.878921170714328,180.97528040944505,0.09140770191580225,1351.728384965827,5221.879643207664,879.019490715433,-0.04855477550931253,4.4097786543129445,0.5988473967692656,4860
ls-5796,female,4,157.5208337199152,627.200517205272,1751.555359461206,2929.9538479554467,3917.3046726238167,4900.867012042236,15.40484403336776,0.5877021028812185,-0.08698345761975891,0.17885809290812948,-0.000047194654872600994,-0.0562575531209281,-0.035778919061231096,-0.02023802662924367,-0.06630980696420272,-0.07061495035298497,-0.057310231704530326,-0.011285611048481211,-0.018144444132859035,1074.8445338526044,-5.776853568266588,0.013640291931429755,0.38552314870339566,192276.99465005726,354.10192540839626,801.783845975433,901301.6035140031,0.73490500596166,25.01145103051319,205.83518005880464,0.09632346637925213,1550.2036685770897,4828.106401962564,975.6018682474239,0.5785737522607355,1.159655775496868,0.40291928733697613,4500
ls-5802,male,4,189.9020898707093,448.683796497113,1639.1892050030272,2587.5573922439535,3684.9046191885764,4552.868059308471,16.652575919375295,0.8191163313141168,-0.2598000637164223,0.29181189918752237,-0.032311607886247255,0.16180059792964613,0.051467155273918694,-0.009320283784558339,-0.07346533036791697,-0.030187117922775022,-0.06314774752343269,-0.08791830391576078,-0.037103604982559456,1012.1303673430365,-6.494714758878096,0.012285351045215581,-0.23415851202696503,133459.81928689644,240.05441742450498,512.3716142972382,1070734.383228141,1.2296043924523947,14.743889288095303,241.55673438830428,0.09681391145215115,1074.5282477433243,4936.942930266563,1094.0190823904964,0.48881312708644975,0.4526635409665337,0.4725540177215396,4330
ls-5809,female,2,182.60529802162512,490.3480851749491,1618.6556404578564,2615.6324800972425,3739.0999293147815,4414.342682274455,16.480936903498993,1.2405225439638037,-0.26788891507065,0.32704919663364657,-0.016527256376171005,0.12313801662244073,-0.0021618508474198564,-0.12775393395413454,0.004342890281402722,-0.08322048399212209,-0.16187976895835587,-0.1134368367851481,-0.09401681992511543,838.4472300004965,-8.876831354749067,0.005488748955182499,-2.357962438418174,63439.76336399388,138.5174214100496,482.59239041133367,833878.6450312366,0.9926377997408045,13.133360341763275,144.2069606165296,0.08745267670416274,978.2457235159135,3695.1542838216274,588.9848233567255,4.416859887624088,23.180051745928342,0.035201930127688456,3680
ls-581,male,1,139.0714959736947,483.84089217254666,1534.3309709093712,2408.766759127181,3659.06292659637,4813.816347579499,17.19535236316011,1.160246294495536,0.08074919683495378,-0.1527118774408205,0.03660151342480826,0.1441642896834206,-0.08383812656523514,-0.01065017778794989,-0.12802823206536026,-0.0010534577576468175,-0.10483491026395864,-0.10245950396527027,-0.08146389536217355,871.0215101332494,-8.127816669287796,0.00868105473704588,-1.999668016620744,55316.199175292684,142.05814014632256,495.648055878846,666647.8358576503,0.8204147291559437,18.618188757454885,138.96223713453784,0.09487312714471606,1004.6492638819884,4848.5230176188425,1038.625530810992,-0.05402169518933871,3.1004816896135425,0.2922062522703306,4640
ls-5831,female,1,209.97532474425404,535.2023057256562,1680.8442973457309,2739.7973068295073,4044.8582913563323,4657.57004254679,15.444184267197999,0.9330307387282819,0.16852555066628586,0.2696038299030128,-0.010394711585517007,0.13271303151915215,-0.15007048034813036,-0.09015348824736068,-0.1293004092614238,-0.16806370429729153,-0.10212793080870076,-0.14892872978510532,-0.08186000836774958,787.3348444691176,-7.151026544679048,0.0024788419450723687,-7.54235622840313,49289.36634315311,95.45283303102218,729.1930376567411,188787.89914145367,0.2083330658019779,12.340742013774229,139.53429106602525,0.08559939980435244,1384.9187825427261,6366.158241130588,662.6825590847991,-0.9486328475504185,6.81258944113711,0.9839892672456859,6680
ls-5837,female,2,175.24451637334155,426.9603573479752,1493.4808884890429,2649.0257442589655,4091.97569431231,4835.259693436374,15.7112200426341,1.16617773419798,0.3991945821077916,0.20509735590075426,-0.11604980749496384,0.10564797840367568,-0.0009491604419901711,0.03842335067610121,0.015005330496592962,-0.06689260790920355,-0.016129892733030546,-0.0865957821500862,-0.06252138327049818,761.7421785112755,-8.002470858820638,0.001169033306124865,-2.327876831231496,142424.39300282672,237.0763790813167,668.685526849244,1372388.559472377,1.6582882347281684,13.710898997705879,160.6107815143705,0.09262917185708197,1249.4006934709382,5710.340684007828,515.7855983961446,0.5923885626194673,9.359449889120983,0.9364562948495493,5760
ls-5854,male,4,163.48749008411332,421.02521116566925,1583.1593503262104,2675.4601289194875,3763.619023294792,4753.891325370027,16.37685043397164,0.9804466262208282,-0.11607679253902836,0.30718501388709185,0.11414439980535707,0.10606225277541687,0.039095608447761186,0.01835700232195151,0.05945628377543876,-0.013765122807649726,-0.10650660844741774,-0.10147531103115251,-0.030111284417127966,732.4410174612678,-7.519768685699008,0.0031744436470865596,3.7921864150244744,130691.79207396162,235.13571137124407,478.0776988843671,1074894.2824864634,1.2990660980949333,11.710406077658739,192.25623416103133,0.09551110426559078,1160.1553230673792,5709.24677361158,1048.1749637353605,-0.40693283703655714,2.274987487887257,0.6318165684831941,6640
ls-5867,female,4,170.83110144790936,401.37253340206894,1733.526066789474,3011.547669811767,4183.441742120198,4934.3718156957875,14.650150135819493,0.5818455130570395,0.20252236046590805,0.3393460618416594,0.09000686039149529,0.10482340686334135,-0.00937904828586206,0.05311457841718535,-0.013625910371537975,-0.09036990263443455,-0.011165991360478585,-0.02346144465629196,-0.026526108316319,748.9829884511211,-5.843837921530853,0.0026623405913683215,5.433417392961953,157695.65645585436,252.0249552173431,698.8183256597868,1240662.7431364222,1.397455551653492,11.381592345869068,247.3002594650767,0.09924714187236967,1292.453925165918,,,,,,
ls-5874,male,4,156.46046509790875,527.3256207174068,1637.6064626705133,2701.096746827221,3527.695740956715,4971.0200136918775,16.806746903025804,0.5248002517408332,-0.24235531075099548,-0.011527990697790855,0.28168699345675613,-0.04750375859455192,-0.010682635975839367,0.00655863045484159,-0.10891066810974108,0.0660976467366029,-0.11106709858320604,-0.10066298570455157,-0.011992985982152524,1197.2709125623483,-5.240567355462025,0.03414031158677447,1.9235030043825383,162712.25826652098,270.6605159327318,693.3871380443723,1074761.546413956,0.9482653014077259,16.590243092103954,217.90737257291755,0.09795734946118857,1134.7114039913317,5039.049434302991,1179.5585416437293,-0.45834731227603887,1.4195928895476377,0.5842429649960017,5040
ls-5876,female,2,172.52825268430132,497.3473107010823,1773.970377931103,2989.7348539167424,4238.211735329329,4937.157346611941,14.591747011443605,1.1885038849328486,0.07518271300596713,0.343070752868049,0.07607133835907201,0.17077900601115553,-0.07229037140553893,0.062250754144891424,-0.01795488471395375,-0.13087535863956415,-0.016759922304182717,-0.048625666316798107,-0.05254932330796,679.0720345452191,-8.34375098685329,0.0016059657885838434,3.482345654828409,121001.83179360128,276.5416014213514,610.4270765809207,947171.9878159708,1.0100019745172026,14.88068904605332,205.15260824291641,0.09285109056261792,1208.1800190955369,,,,,,
ls-5894,male,1,147.43159951100313,416.54635445010666,1571.9953854802868,2575.7930482901784,3610.7083049754824,4427.322515430877,16.979907108030254,0.9270412541508273,-0.3483134140083281,0.4718062518996068,0.055869039030403043,0.2107324754055945,-0.018037411701187087,-0.03270763833625775,0.038880047767623625,0.0233852599423565,-0.057716168985329025,-0.14515735258143123,-0.04499444228330068,876.2572791510315,-7.41029609346613,0.0103138546205785,-0.3061711257332348,163040.87848659625,274.269180049111,591.6837511793021,1224933.5675602087,1.5419612295694713,13.302341955614857,184.04314850821217,0.09205478917670934,1299.159391658956,,,,,,
ls-5909,male,1,131.82170466039585,483.37768893523395,1617.455752933319,2760.034158794733,3758.784719908528,4325.204212646363,16.172539198894206,0.9408732557033253,-0.31560187345478374,0.37976586216166386,-0.05618767855560113,0.0847820911801978,0.03529762945771889,0.01214219726722467,0.11968409244945609,0.02010537960124948,-0.06117172580726856,-0.02839263322348468,0.00864968882265182,781.5860140949162,-7.865327399555283,0.004625115081427419,6.423695652341827,199553.45484594227,616.6421335076586,775.3446948996161,1194637.8366437887,1.0438036236525345,21.902801325148125,305.8563613575581,0.09070880622050823,1525.0423076251293,,,,,,
ls-5913,male,4,149.83551847840522,396.7038657408405,1414.3561227946184,2515.1953087320708,3513.2660491155702,4525.34427714411,17.626852435892744,1.5885281091914178,-0.1952086164363485,0.32938812133990747,0.17995396135904684,0.0838413888456948,0.03093388452303766,-0.027199156489096852,0.01779556308577618,-0.013496094526844048,-0.046040052936371825,-0.10054589287473006,-0.058047675143961724,560.1059948627283,-10.101213791091576,0.0011931177938457407,1.9855857495558944,124627.49557174035,199.95789399896336,643.1188098259072,1011899.3693363059,1.4773811535521983,13.942677704220007,208.66756154797582,0.09135026559555645,1268.3348773706693,6370.885898092569,1113.9229104865815,-0.7713909305190969,2.8340248045799568,0.9103488572656758,5880
ls-593,male,4,154.85679556949768,515.0800242347151,1701.3017885108993,2789.8895214285403,3643.8350574991873,4305.265717623935,16.235871858906584,0.5702992218967249,-0.5371667306586404,0.5872603502447162,-0.02451590787558616,0.044314095659244504,-0.06379707169260561,-0.02609027362019404,0.05269562979023782,-0.06586413373258918,-0.05219977909710703,-0.06574611521486814,0.006937453732336213,1222.3497052385974,-6.089891992312827,0.04266978961200111,2.172794521127173,196368.77324978384,348.01872077413486,796.272646898056,1271215.545445681,1.1916229852084161,9.851780511641781,272.40089329428173,0.08814500041821155,1571.2826850677702,4671.276007432441,809.5621005121388,0.6479758224865624,2.797994876452581,0.27482511387619624,4530
ls-594,male,1,210.00614091084367,428.4768600329995,1532.153748215984,2613.983910045631,3901.6016284709203,4741.885228382298,16.18726340574782,0.6599028674334739,0.03297015148171571,0.18457766563498296,-0.09883833928453918,0.15665080459991376,-0.023081326203640347,-0.008830399973489684,0.06933418370129663,0.012651143267408363,-0.14484475508601488,-0.09334438833318771,-0.045320128130350815,1009.4428121888934,-5.40267806358333,0.007174773127722915,4.586748952503448,124472.81481587584,280.4078105344972,454.12181237464574,891162.518667867,1.0085763060149975,10.184723768364474,226.48036175994392,0.0931397511610267,1099.3233992543978,4818.845757041507,1564.4331497836283,0.5751251088537808,-1.017120500962837,0.3675992173655559,3640
ls-5940,male,3,162.34721143838178,601.9803018271263,1731.1515821768053,2750.6893590349937,3865.2364804107583,5109.059706310737,15.765299494867135,0.4327170101201927,-0.104100429738192,-0.08115506246399753,0.246989106934577,-0.04987550999951045,-0.02625097936701127,-0.013853519744785912,0.003771479138985456,0.002108705850631687,-0.10477167357764079,-0.04242168925577705,-0.020630351155514592,1334.9923575896337,-4.368723374434147,0.04694180832899243,-0.21771155142097087,198084.6593125534,435.3637958844729,732.6840714637999,1206994.4959747102,0.8972442603601571,21.28906262595318,273.1705588059211,0.08596748960091556,1397.2892222674814,4851.927366545072,881.5646243104052,0.8421024200238337,1.9129244614995766,0.3589763003602613,4560
ls-5949,female,4,154.75042439148308,482.3948748666554,1890.7858677253234,2871.4839523963374,4025.96931980699,4799.4375149265925,15.098853701534079,0.5805655551298567,-0.040466635380891805,0.2449171187677021,0.18039775314671663,0.13897778031149735,-0.18852282178061874,-0.06743969201033172,-0.03625802467161503,-0.09998829615984345,-0.07083343481809377,-0.07349734200480719,-0.05495635890338471,1073.2393236962507,-5.6751510620077035,0.019718073066773305,-0.014882357494175762,110085.27282630734,210.72952669436,842.8569810271323,847575.8736792281,0.8280402294742498,11.880312077907632,162.30619168839223,0.07944822638165316,1326.0395764242228,6181.153475345631,1108.341425096909,-0.02047707785658774,-0.06543323025196413,0.8985497499725013,5810
ls-5951,male,3,143.05362558858516,470.3596552690488,1294.7673975443163,2538.4344245009984,3414.623492345291,4652.759970505241,18.02572918614725,2.109451210316828,-0.1484104227280238,0.2946016890803216,0.04736918778331137,-0.20450311501797996,-0.08637696843392122,-0.040851513295445153,-0.06937296655560778,0.00838006232260381,-0.057135773614586376,-0.1258271854630641,-0.056581311744667184,701.4899971901593,-12.033045707828265,0.0006901938174094647,-4.588218542135472,67463.87799455514,213.2757825549259,415.10910540672774,511639.589089744,0.750432568659533,15.021580149503905,109.73762960320892,0.08151930149406791,966.5741983272899,,,,,,
ls-596,female,3,172.3852018900704,336.0110559240442,1750.0081181713886,2946.158859508283,4034.2046465576054,5088.193663313182,15.176395198654452,0.7117273831341526,0.06787275216538076,0.43444159833105506,0.11952677386803276,0.22126680126882733,0.08197556713161736,0.03976274873616644,0.1285829868970238,-0.05398594152312556,-0.014270733550213424,-0.011482908352261685,-0.04702395584287292,676.8834563624683,-6.049643287757447,0.0019682968193377626,8.22606723244122,152074.65634250868,121.12929602326932,855.3710947243444,1008344.0723004732,1.3459840470658162,10.267071051109811,224.68543875144707,0.09486776810171971,1366.3165828520614,5530.238926490954,1046.6055362462455,-0.05733762481248689,4.553371131617704,0.6383819360146552,4860
ls-5968,female,4,159.96217962784544,427.8620822534298,1686.2356944278151,2804.4959734360373,3993.497569362511,4640.32016529115,15.479482179418206,0.7509215765095187,-0.07000235241459882,0.2498595599228171,0.06144148046371155,0.2086265105591515,-0.14055135353857987,0.0445216439257057,0.07980554060082445,-0.12726291189925215,-0.11854393303949842,-0.07058079780551862,-0.016877755028312885,861.2898909034816,-6.856861660249445,0.007945020272192864,0.33545697625815685,100437.08192333442,163.19674477131363,557.2384009398214,957318.8488046608,1.1636590479881233,8.41779934643793,161.33692002173893,0.08667577832332744,1155.1441454561973,5705.919006986629,1131.604550750189,-0.5121098110092991,0.8761472123382368,0.7097036828014596,6110
ls-597,female,3,175.18520497945354,523.6865046850155,1569.411458677716,2609.4406653210235,3650.9658695936887,4443.528886416334,16.84004612228758,1.2440723464950276,-0.30601570543043366,0.4099776866832023,-0.03337307898876271,0.011923997435547576,0.016039867545931535,-0.019281486928233522,-0.053070722710950285,-0.053621656444948596,-0.029185735921656856,-0.05299647318314688,-0.04112493759507307,825.63870179274,-8.352934202695579,0.005861222797169578,3.537153208953763,122880.59146780097,345.33745468571783,687.1326366795292,796245.8337314804,0.8106273201157409,10.426252680053912,262.08674640494985,0.08779600645107599,1133.6043532093784,3392.388885752402,817.3380756554493,1.5359116980182763,4.638655403356954,0.06576601973742917,3440
ls-5970,male,4,145.6417453553911,504.00496900587785,1610.0614929510161,2553.4100842465473,4059.3584671367626,4945.111077753126,15.768047924902795,0.5846291329846923,0.2871884616038959,0.0446391220887377,-0.031960367887967404,0.18490572286121887,-0.020157951799521623,-0.10117276273854803,-0.04166604195539032,-0.04928049837834835,-0.11599495051412922,-0.07532405148237917,-0.06227174805890333,839.0860556135494,-5.739593562789919,0.00479717806985147,1.9051472972425556,133221.48155244865,224.98902434039795,576.8451490874459,943440.5099531352,1.0319456188908758,16.77571347079629,205.77186962441777,0.09809804582904703,1201.4102804141796,5374.9233153655005,926.1828813798152,0.46835058259461804,0.8149510622566993,0.5785693370178271,4940
ls-5979,male,1,200.66784664124742,498.43983261379407,1246.41077040119,2323.395348245631,3769.677596709476,4712.153149388075,17.399582838988373,1.434860512216281,0.07247719668183504,-0.24819478866820782,-0.1412490125060587,0.17693969431890835,-0.0769266130263729,-0.05733234645798956,-0.0863067608919066,0.06273898060527831,0.06895797322383912,-0.024448914158969468,-0.03321469027913643,907.8607820044036,-7.881723826311273,0.008162230744416868,0.21878388098475704,102691.27344240616,305.9436782377563,625.3534757789207,552611.655422739,0.6528442631283133,9.349804650588,183.27598231155815,0.0699888708886793,762.113710916821,,,,,,
ls-5980,female,4,175.8712083564829,494.18214141228486,1745.2541239385819,2981.1774297585334,4355.664048686527,4933.119829348225,14.420341433825445,0.4182824977076439,0.4054082969894858,0.07620001565412526,-0.004353594519725813,0.14478762656086114,-0.10500744005844563,0.14032656360389173,-0.03600787899183064,-0.16007556147589797,-0.07229516522252227,-0.043450362688917284,-0.01657044589499689,987.4898113843757,-4.727636024177868,0.006011514244383757,1.9139983463160792,108302.97802506678,296.8431775493351,482.6539494675882,861594.7456262535,0.9133970842410437,16.27790790114047,167.99644170029495,0.09177431577213693,1180.156422604256,6449.854415510696,958.9003181266394,-0.16586775829239128,0.7750095216964995,0.8446398780310518,6390
ls-5983,female,4,177.23132611116455,560.185592807182,1802.9125339321113,2778.063658085116,4069.765043887978,4830.152522143855,15.203766232831125,1.068431075421899,-0.16745329060437159,0.17697414794028404,0.07178060898538619,0.1695656586263251,-0.07240337112560422,-0.06059312407690265,0.0319938233620302,-0.09465519918906944,-0.09062610679117525,-0.04357561141916929,-0.017951401749849678,805.2369965270673,-8.077276885261675,0.004966337785959753,8.634598739229137,135288.85039081424,262.59123275112523,570.4278868039963,932187.1459905112,0.7605583400058701,17.386158163963636,244.43796887565418,0.09838560709256908,1298.4822527766835,,,,,,
ls-6014,female,4,174.9651905229125,515.4796723049219,1764.688095240178,2994.047939449451,4118.529584366508,4869.44478838485,14.720568882366178,1.030582390354816,0.0469931210025674,0.3337655331347851,0.1526941839228359,0.0643197098804843,-0.09529573448115501,-0.018825306901705696,-0.11619124019150064,-0.1284592426825281,-0.04916702642186126,-0.06495123889761947,-0.07357377185296991,699.5679502781854,-7.904290729668203,0.002412216408022131,1.3527616826136786,87588.08794281924,230.33265858318865,779.2265757828164,420570.56498650124,0.4428526022197091,8.85414732077195,216.35950983181232,0.09119995457003523,1406.1945579642402,,,,,,
ls-6019,male,4,152.13881994963123,381.80590970408525,1646.4967316832006,2609.1710473022076,3338.284343528351,4683.444791473004,17.72722527177362,1.4598332478957614,-0.32244832444129246,0.19722794550258324,0.3158106476112629,0.1464698416661494,0.005219891182327973,0.07578071871013708,-0.0003094559756839045,-0.037622844706097114,-0.09455760474681496,-0.0663490653662531,-0.03769262139791342,686.0122705892725,-9.929834614210003,0.0032933686537829007,2.1928933692015384,131213.7344739596,175.881911589618,613.5900841462369,1206994.8575759754,1.7778027962789773,16.043258506693135,189.1194239052291,0.09766232225433741,1235.8587716408529,3231.710132768182,1416.7276202960513,0.6764788458193207,-1.2155521171939725,0.22214742464761744,2140
ls-6025,female,4,180.13662987347547,469.92795553752467,1910.6536369468602,3134.1371518401606,4018.0640107563813,4793.119402243501,14.697792164552999,0.46735073256316484,0.032106326535028526,0.44760501227686667,-0.017808035804212384,0.13518291441146527,0.025652882286127904,-0.01351395922346312,-0.10607173828449706,-0.1282943533857384,-0.0553365187279599,-0.03336036210271462,-0.06749003903307771,1098.6226219352134,-4.762372546543464,0.019382426038222426,-3.0679909679022828,163417.1737295119,200.54932380685528,704.7299829108636,1171981.763543208,1.1749740366496326,18.309834882255778,188.01474964579296,0.10180597599382907,1445.4308501749447,3955.190324751459,634.5009070304704,0.44737527033396585,1.0834414710999214,0.05145823033814938,3840
ls-6032,female,4,177.67376961820975,541.3072997580282,1752.8820058186325,2892.808289211101,4244.432421687236,4965.8871644130795,14.719154990677524,0.4198115990915056,0.19323815153091703,0.10414485105965005,0.11609673543503346,0.10780102915477448,-0.14398324343114416,-0.04048425446587972,-0.09863709545782101,-0.22403924584004145,-0.13974782761084636,-0.10703384115042866,-0.06537353496439244,1047.6767264375708,-4.718427221755199,0.010381747980575746,-7.320659688380565,46823.48758082422,66.70766143769293,500.37794895224204,394778.65537479264,0.4008508662220469,20.38500789557176,130.9810460658073,0.08607184950005295,1053.4435600941063,5669.3562517936425,856.6513790251024,0.0795721120232676,0.7510044775115381,0.8925826184405736,5320
ls-6035,male,4,153.05355739680766,363.8071604349641,1606.6857984219992,2805.317497244493,3928.453974416904,4808.443653904385,15.776341532130607,0.7811464836245545,0.019124882724121023,0.461399905131343,0.08094302513886648,0.14715834956313353,0.06002687733925801,-0.030093717860609628,0.10958204302661859,-0.04486302433715382,-0.09893368560490548,-0.018400897792272965,-0.03161815155654563,745.3580719616737,-6.572597517030737,0.0034220014603695147,-0.6852609944022707,161222.216189973,230.29252028708783,664.3226228033458,1252263.170971375,1.5872928830228898,14.936367914755122,186.04512803826873,0.08839812865222085,1308.3716691629356,4968.390413409881,1171.9684444746767,0.2484478302424416,0.13319636637600907,0.4161326244323033,4290
ls-6038,female,4,167.74073479635746,386.5626306974018,1669.9211629541132,2941.5226810218473,3744.4166623034166,4914.2679891665,15.840309834912773,0.8022412991722321,0.12797828259618502,0.30014792554755976,0.2199670456910887,-0.006040609375466989,0.043985766913127014,0.11878418951244527,-0.0459688369471412,-0.035382246895330524,-0.04970096215527918,-0.043438961425064176,-0.04458686045567469,666.5645678818062,-6.821816972074033,0.001854916454076996,3.4863311869375115,126625.88847457129,213.74596779162638,621.4642259453263,1109695.240542415,1.3589946288291697,11.324533717443225,210.7611704252001,0.10335493576810192,1226.5266005296285,6354.747814956056,873.0094900544465,-1.230768901528363,5.726528162051017,0.965892068832593,6220
ls-6064,female,4,169.4482734106753,534.5286750034585,1748.6072409240905,2845.035027461493,4118.832526854829,4825.942301748786,15.113069283601554,0.20501306484508433,0.001859685151049613,0.0614171638144266,0.025906958705581344,0.11446840206524002,-0.14438884116536466,0.01165065437096615,-0.030940109542706616,-0.09480874458855765,-0.12348320357478099,-0.008050486661217902,-0.04034646031042943,1389.1394577168644,-4.298237248673474,0.04747621592223433,-0.3834940796376618,123506.77734370875,205.01263305105263,644.7368949911739,956616.353064134,0.9149746212166127,19.159024635503066,190.76678007222395,0.08849593246414636,1199.0697328046112,5511.815721922661,969.7490168304844,-0.4216876465865097,2.262122303815436,0.7213478986853694,5600
ls-6072,female,2,168.90417576649827,484.3589154466744,1873.3279893283707,2881.9839244494115,4207.683364670442,4974.106671212275,14.712615733051324,0.9566830335317641,-0.02021736350925243,0.21622537206073936,0.14504920269896526,0.23143062860077646,-0.10621458992161995,-0.03462138867801332,-0.07246256064632643,-0.21878892411930312,-0.08262605603016945,-0.09850817067080425,-0.08372226848660286,928.1521654827656,-7.147893611099808,0.007939812720233363,-8.733775082473446,83073.71919173063,158.214667021034,646.5308285271005,968906.1826965195,0.9860238672475259,15.808321955265829,146.05095253807343,0.09675461378131864,1127.9197882484154,,,,,,
ls-6076,male,4,180.00312921093524,417.9416457519933,1550.2080800726444,2589.5187666539873,3742.9162218733563,4802.1908495851985,16.592414655107408,0.712281762933805,0.20587642972428283,0.34964578585820816,-0.0011253243525168747,0.09965421608286196,0.09474906149103454,-0.02553678753976795,-0.1039418407546705,0.02902678953218625,-0.09118822231788275,-0.10230643468393011,-0.05738945378133414,736.5611407331203,-6.1102328141850535,0.00261760752201997,0.03495471824939203,110520.53621647286,196.90699102095917,657.9085495349201,918308.9914047463,1.2183592533842174,12.871658146614145,219.2947878461329,0.09005816742292902,1230.2583918245114,,,,,,
ls-6078,female,2,165.33692656536488,432.1664109782857,1820.6239182747995,2786.2656337200942,3871.333012014942,4701.892792521486,15.664280967662803,0.67952982947538,-0.04649553944470548,0.30497709100078546,0.05895662176924675,0.18448854919256702,0.0024080405750531372,-0.021288007460002832,-0.02244075583806538,-0.014676866788715985,-0.0731987122602031,-0.05053621136531927,-0.020328393409837567,825.0563053171265,-6.258452017926657,0.0058225958831047645,4.447364105802451,138797.13459389907,246.44279993433787,629.5250335113706,1175512.4768605651,1.229033770248828,11.444812791194586,231.55212594408474,0.08589645959228794,1166.1011087036209,4901.419831793477,1124.6227116092368,0.591467297641027,0.3546925122662494,0.3375775876099707,4060
ls-6082,female,4,176.78679883669327,472.52299456138667,1615.0460879114985,2797.440949630399,3854.2354471569834,4696.14855239906,15.929552129918488,1.1188679906269772,-0.13994637789180142,0.21656309751033265,0.015228516070931467,0.037100276642290694,-0.01456426573155367,0.09317489364586497,0.0333715778806373,-0.07538243984770396,-0.0651177804048239,-0.04948350193575318,-0.04604359816143841,847.8091021428602,-7.983504967817156,0.0037983626991737653,4.184850021655629,122207.559915855,333.0449808901581,479.5764873468762,997621.3271367393,1.0504358186129021,15.04227438892922,213.62764694133494,0.09197957814696658,1094.6821703817561,3563.306508777389,1110.2112175678153,1.3379374170754046,1.0808335922133523,0.12311443744228434,2960
ls-6084,male,4,191.85483813739563,414.32993479463744,1762.496501829744,2979.4601565958374,4030.2084858082626,4752.624655930239,15.096403351402081,0.7510952777061495,0.10471464445057527,0.33064919671846815,0.13852849534521594,0.10970053530424248,-0.01789616856725867,0.1288790619418756,-0.04410154799733842,-0.06452326041927281,-0.03285413733815318,-0.0745402288732494,-0.055534033353205246,721.8761256307466,-6.12940921132499,0.0017617781013051525,2.63871338686378,97853.9808439967,188.94956534111793,457.46482507082476,918453.3303660244,1.0725950626948124,13.125046646669006,230.85438884005004,0.08935672294039984,1026.2025872275342,,,,,,
ls-6088,female,2,171.51982147288118,456.32594046194015,1848.9906393174265,3237.153960408975,4219.891289842655,4733.799027068397,14.210014916197025,-0.06109988458867209,0.17043244657805157,0.47932846491674885,-0.07687792230383836,0.11831197299698487,-0.03429045334775462,0.04078605622556923,-0.05747663386415103,-0.07492210064723333,-0.0527357137462266,-0.07555298329890933,-0.02184002477639821,1371.3730413971998,-3.6270335773371594,0.037775493033797854,2.449035889086231,139967.3265260575,229.6160953359664,741.7765643879908,1166150.8087309534,1.103341714733805,16.171914956808106,215.4305182056394,0.08892442488354199,1377.3907631071302,5836.9935621486475,917.8519767531726,-0.1690070090146834,1.8952672364947007,0.6698460487736594,5510
ls-6097,male,1,140.8406169070836,380.71429230620856,1483.5671248176411,2655.0449438230494,3502.6405306268607,4861.7944283158,17.243351556493774,0.8438423946319596,-0.11430461396268145,0.20613655525535876,0.3229823209464823,0.01206824195322489,-0.08759137865655664,0.07930496407547673,0.02881428512787921,0.057128803108685525,-0.06765936586259597,-0.11817431683376373,-0.049889112141587956,843.9719787648992,-7.0647980643427415,0.009924704120581548,0.9959770122452702,129519.67348678039,197.0886539562506,609.4065714697315,809397.2031494491,1.095221550447964,10.360303178781859,181.6557931039419,0.08674992770420568,1240.184473268394,5702.053535209667,895.6026127332647,0.25982972064293297,1.4084925624175577,0.7359527915691334,5320
ls-6106,female,4,166.6085023417511,421.23055994025765,1894.7586405478423,3006.6473584197133,4156.2692956043375,4836.83562488518,14.608189532464053,0.16551633473921942,0.06057084878462694,0.2988728828879934,0.19097433363949048,0.18715789309595618,-0.11262507853840893,0.08077653446704217,-0.04629246864097934,-0.0739790652343435,-0.04413975444716001,-0.038721995367535886,-0.04010194499119518,1114.0089251400973,-3.975438094605852,0.014416685903311095,5.717795951220576,181184.05189597566,229.67762957270008,807.4911238719938,1291532.4367711379,1.2630177970459453,11.18530991946439,237.38608108219512,0.08977470716870536,1456.4214009621587,4318.7583664330805,913.6136524021165,0.3341190819378692,2.557956801207085,0.1382605651517536,4240
ls-6111,female,4,146.03546836221437,456.7195633628097,1780.9671849809783,2985.1286740516016,3718.3352429453857,4433.780670329169,15.762157548258928,1.0164847928789538,-0.3818341410952218,0.5002743563404309,-0.00506097817381598,0.050048363574128785,0.07628127799702389,0.08267519877595979,-0.024074214527413235,-0.10896713122960865,-0.05403421348872589,-0.0051838220299940535,-0.0037008253157508157,948.3467713097198,-8.704333149713651,0.010737902004427011,1.235025313667469,174410.36189459372,378.89935039890634,524.9701924608502,1197380.5645181497,1.1028472069275363,11.450808476005967,223.70565359151618,0.09405861899197443,1385.526273859827,3354.4313988821,453.3339936693553,0.31922413873228783,2.450294896194999,0.0005031595994355049,3320
ls-6119,male,4,152.41616213097453,466.7943678425314,1723.8063267394516,2700.5097103130565,3994.2530316372877,5022.803956566999,15.565180393827216,0.4782296471785362,0.042719042284261564,0.051091976808385994,0.22438776130449692,0.1574320748741737,-0.009824253680487538,-0.0012440131430055228,0.011320521576501718,-0.07485738681081026,-0.11043223785450079,-0.0647375931265897,-0.03134263078676615,938.1113741597305,-5.26997006774712,0.008352747828834745,2.799838876224592,171388.86361133517,247.2013239981628,559.4550006914861,1054110.3187146164,1.0666270504602435,17.70069239020242,235.38881439946505,0.09808986842502422,1233.323208343017,5396.176781130412,1495.4084771810637,-0.5870581719151434,1.3516329902194437,0.6470426591483963,5760
ls-6120,female,2,176.21452011968017,549.0617361578486,1769.3598925363626,2951.3217793774415,4150.623933273195,4744.483578470528,14.80021962718676,0.7945268724019452,-0.09729253500713766,0.12913520130116207,-0.04184128733228604,0.10187585132135182,-0.0663834480046732,0.12404143582461322,-0.049833064085319664,-0.17953545616001132,-0.0704431918145717,-0.03882599944761708,0.007241622877139698,1031.4566071139056,-6.813043224277779,0.009111216386083342,0.8914215784319913,150901.8289891207,348.3396359832641,406.7687308540018,1427373.363589978,1.2217665816315142,13.772229912419496,199.10355285495254,0.10147276786428594,1235.9094327653465,5371.409453532691,1033.3924821706855,0.5060288894308048,0.8187182181368599,0.6200771760540209,4900
ls-6126,male,1,150.74845557592292,524.3991916866653,1519.3928609349543,2858.299260865343,3796.595670887588,4965.341564677199,15.995562582834163,0.9677990620231262,0.15540960339642843,0.24010007958756002,0.013296118176375661,-0.13890160864301934,-0.026423901554504473,-0.02078058641566225,-0.043670391556161536,-0.04397959773908757,-0.0640895345947785,-0.07625487391248786,-0.038744429011239444,814.740799844778,-7.820407180259475,0.002230463453520577,-1.3785146360561906,104937.53794227006,297.0538431569629,521.1027103434208,880553.7058573088,0.9780296189370802,18.668550959869954,187.49738796825727,0.09037981769861854,1121.7460831586945,5236.330228973445,1025.4780567200576,-1.9012589126717474,5.341443719350665,0.803178677305058,5360
ls-6131,female,2,173.6049466143586,405.12408224127387,1891.380067407346,2694.654531536644,3791.497646707846,4388.415546650773,15.946269785084748,0.6927454290882064,-0.35498024952130053,0.48820238264574656,-0.03379550705132878,0.34035505134309574,0.04696024152126338,-0.06815555122579789,0.004841364587229029,-0.06639320101709456,-0.060406333639964775,-0.057637771217200554,-0.004936603474989193,908.1586966461742,-6.844939546043191,0.009693503506626865,3.9514723624383787,159736.13453366345,256.1179459491088,479.077693979062,1336156.9376536177,1.4350493597158522,16.4015314654501,248.3988986225117,0.09265145265466748,1256.6896779471913,3728.942403133395,475.053856292037,0.9190104480738497,8.9297587889072,0.01143010265516527,3670
ls-6135,female,1,180.3157939774781,522.3396848663849,1684.914578259729,2779.046928488085,3789.8233565849896,5241.42569333726,15.977885195381587,1.0618687100511883,0.005624655941138029,-0.01850103778015198,0.35384543423880527,-0.009349296232169313,-0.024753765981975262,-0.1210977604915187,-0.009423103791784697,-0.1027571043557096,-0.08843814181735216,-0.004731200097360592,0.023625200881807366,866.1654007142587,-7.529190835022206,0.009823587145972576,-0.4894659696944521,136239.3270810125,255.87992865949803,763.1029481870819,1030342.8061642612,1.1211229369737323,23.922886893147304,233.01173911503705,0.09688017165911293,1334.6443498185602,,,,,,
ls-6138,female,4,170.76334590583426,331.82869904475854,1664.731467792881,2785.40712892199,4008.9049068325803,4828.347971400779,15.58776678472199,0.8770228124798938,0.03160583439583954,0.29380244475974415,0.0754626675143717,0.18437298373175154,0.08841694945086284,0.10385582520130543,0.13849325380105348,-0.022436388164254122,-0.08497594970452187,-0.012732469222963496,-0.014140649458485761,661.6432532199864,-6.99882561227951,0.0016135244385962356,8.970180305049725,143905.05439973046,214.45202536349868,430.529760902984,1020554.4637112003,1.2309214612309949,9.611053001817677,241.28749194352682,0.09626828691817149,1220.918768310705,4777.882371885445,1203.6605342891596,-0.4496948169694921,2.252649039395423,0.39989800718119467,4730
ls-6139,female,4,158.56204120878112,391.91274888495684,1743.095594466084,2848.5231324114175,4081.900570333386,4764.249568849427,15.201689127930786,0.7665354462614749,0.1370086562553352,0.467306152110588,0.08131478050598273,0.21207813960526334,0.016391159034822494,0.010592149145733011,0.05675396108192782,-0.08279829782206563,-0.043075435621416816,-0.0397210066141363,-0.06172195893187106,672.0816873209549,-6.8374925460220535,0.001952924123265968,3.4480799352502904,163973.68708048313,184.47645666082525,812.8955864162617,1223620.0346009466,1.602067899796387,11.547188381000375,221.7642620913142,0.09798004964869207,1513.5246118447149,4993.943415766504,849.5453870945427,0.9007535541834409,3.3065145818485995,0.5270418400946775,4840
ls-6157,male,4,154.48562885977273,415.31268658694796,1602.601907319718,2989.9650666287234,4171.5134554493925,4793.749967317163,14.974836637099285,0.4418204157614126,0.44579423388346484,0.2362337482011953,-0.13718905483867222,0.11832440644459524,-0.022337318821236917,0.10838689217975932,-0.02586609003977824,0.003218566681556196,-0.029009339536329785,-0.05093365530128674,-0.03523813167569183,865.6257830545733,-5.1479230621941,0.0037038318766872214,1.7663960292386713,146715.15836354502,303.96952622107335,606.5520999789978,1083350.6522138675,1.1915038266752385,13.350266148336472,188.3062722526554,0.0867655438043787,1166.9081692617501,4907.4711684486865,1035.5630552333596,0.27873833636931455,1.2987054909817857,0.4101462270401864,4600
ls-6160,female,4,174.53820090251287,594.0790957685895,1584.4268695513756,2659.239942004364,3683.7294673352126,4529.492362248335,16.577219126982733,1.3653958618801356,-0.3391544860457081,0.04091873187567997,-0.10643963850615332,0.057297590317549586,-0.0847726950613311,-0.0031134006464876704,0.052399624179757034,-0.08832475164949713,-0.10472791025993645,-0.06155196757846912,0.007015197098044088,1005.5258752043247,-9.017046784400588,0.009887260280285668,2.602460237701606,132186.80581829807,375.1444489550719,487.62031423972996,942734.4699806087,0.8932248956836537,15.813082211498532,173.03794943599837,0.09542040660764237,1002.6662222912336,4384.41168433999,638.3099622212085,-1.0253098491509844,3.6670105857732898,0.1423169696169796,4540
ls-6188,female,4,161.2819097007178,495.5849930510939,1758.9630868598963,2855.8019985269884,4021.805202484108,4813.777493666639,15.289926327305327,1.1553998264500698,-0.0732264024774712,0.20942237723746654,0.10642042632345727,0.11942487315242933,-0.025866716068487783,0.061274037392123115,-0.03427563339020111,-0.08129709826450796,-0.009172068060873357,0.006345763915951982,-0.02585626342019965,751.8935166288754,-8.09358519412092,0.003892178871281799,1.638987957949231,144773.2414696849,411.55476481122116,650.0937542784677,1166026.9617112663,1.1996132073541252,18.307407211928574,240.7831668180648,0.08695092706913155,1196.7022547788747,3815.5450588876192,917.827138523335,1.6202434021076142,2.7777295856004454,0.10736190047204815,3280
ls-6189,female,4,165.0653123676397,494.89508064772184,2027.5835014771496,3130.801096435811,4150.839322068025,4910.975284256017,14.333137709444662,0.4592446583397942,-0.13774630606712585,0.3528700730894426,0.03721893479407734,0.10055979560215836,0.01430497911049821,0.028365741530677308,-0.00313613549295531,-0.06742681891697298,0.021917943144228465,-0.007565053454160491,-0.0470765457981231,1119.5309953781339,-5.251265645961469,0.018015018750540252,4.80975911930855,203728.11169531918,547.1024504922927,771.7830090314216,1297376.209785532,1.031742705175361,19.94693194803688,231.6917932503415,0.09160641346665038,1453.9006059738601,4198.183283347895,1032.6970032524414,0.951805033443662,1.3839616982608227,0.21640876824104804,3750
ls-6199,male,4,148.82931847774157,371.6010182472669,1413.5378593996093,2632.958781225214,4302.44824897244,4822.3766380294755,15.361483088540908,1.2556247486433594,0.6162332964145414,0.27277021509888344,0.1598461115475177,0.2731006312294184,-0.020019303859644226,0.07921047578848564,-0.0523416488198961,0.03423903493567319,-0.017891361603152273,-0.05369932331179475,-0.027220191808822857,401.5562312878841,-8.886454706134739,0.00008964452120208778,8.389556981012966,218402.4537054306,181.47418886137567,940.1621226500508,1740578.1632231544,2.3043616194888554,9.695504061987524,306.3559284951102,0.104438513827109,1497.7161714261842,3889.0449330916363,696.9355265978762,2.5093880525283856,8.90313324325732,0.06587822658496201,3560
ls-62,male,4,169.054388745616,730.0807260900978,2101.0143566535744,2717.904810164188,3726.7275514462444,4170.208040238038,15.884796288481414,0.529738549425127,-0.9545719149129912,0.4976719761917301,-0.07007388634349064,0.2685906251770339,0.14988799768007663,-0.11372848160919473,0.00790313723342355,0.058100530905290465,0.03033364341697558,-0.03577270060391964,0.0009572276499874586,1540.6582930670693,-5.581605278822528,0.118446733150346,3.4947066498052264,189043.19213530846,1107.1741174401247,670.7154502486925,1143422.6332593416,0.6901853716054599,19.984454729324405,267.87051547594467,0.0703601302892617,1075.6193355102744,4429.629658069087,797.7955171946209,0.6527996151016014,3.8096171369886127,0.21614577459880324,4310
ls-6215,female,2,172.83253267988,487.99095483322515,1677.4375304022449,2699.7547775598223,4084.791565830479,4723.594118470132,15.444249341690837,0.6823767526936395,0.060516333922228285,0.11512176453986993,0.04806204750239208,0.22527040396142373,-0.13779667868470752,0.009626808211656256,-0.02402117477382875,-0.11615502637723484,-0.12555240737986528,-0.13157531988041377,-0.051619201929484895,953.8644563418653,-6.276811358640577,0.007442264302730207,-2.6039878478206058,65013.53424300188,137.79031654873245,510.44110113732086,510466.6325538871,0.5764377819990368,10.61835319542092,136.35885229949037,0.07914226734612823,1090.5613470272442,5157.20178472842,941.4457101860386,0.7417819278355426,2.5322277206769845,0.463997832502557,4720
ls-622,male,1,158.60309325561255,465.26286286925745,1620.6702856042493,2921.4411464416808,3783.9444188392818,4770.775959949173,15.832979383820302,0.39778436354922,0.045881654376978324,0.3891696693984531,0.06456331245694606,-0.022639996566750017,-0.06489958050313767,0.10885161313966141,-0.02608918291220315,-0.03907233833312057,-0.08661935004191472,-0.039926717238723236,0.0017143897281274333,901.4714045203373,-5.308925037555351,0.007221236970427926,5.1265228783258925,173636.20123600823,249.78410296952052,609.2668558132957,1225030.893789987,1.2603853957414013,16.86804712897881,259.03938113387505,0.08899177146533564,1375.445628638904,5669.952775913329,962.4159173666242,-0.15520360030702005,0.8843686313708625,0.7678345627323762,5320
ls-6232,male,4,159.55148520640182,421.08239888753724,1520.5157692004495,2561.5510628049833,3433.1111425516638,3816.2807579176488,17.53759923523956,1.434865029694702,-0.6324483426767592,0.6272569751129096,0.20384621525242427,-0.10669663437994745,0.12421806998931556,0.00809421390002569,-0.09278108870025503,0.054133630742918215,-0.07190283533397743,-0.22419084786929572,-0.07746311145447297,760.3034184794296,-10.373755984158564,0.006352714780237172,-2.740715235865002,143836.4771485153,136.86961738711278,580.6693276782856,1130122.9458764708,1.4184135461567657,19.83635009030851,170.79066490383354,0.09662150881716539,1394.1587511679077,5339.827632251628,875.8484475403625,0.5546297073132389,-0.38973352651796644,0.5362697492067523,4640
ls-6236,male,2,149.27672994860615,445.77646682651994,1650.1659436413454,2827.1133642636673,3805.3560707678007,4715.265522875541,15.920345287168619,0.7160031417697492,-0.1278307752185811,0.33894176819997296,0.053363898408990564,0.0863455115114246,0.016272624543648036,0.02980696189848956,0.0016762516511142425,-0.06208191238030722,-0.0911740447268103,-0.057465826590345576,-0.030213240236231093,850.3845851151327,-6.906415272932854,0.005994816315821026,3.0875471032224704,141944.9078144399,251.75486952542573,594.4498514428242,1098724.5858457973,1.265629333231301,11.944562967552578,197.07101296829222,0.08977333329828407,1138.8284618439513,5456.864325387186,1037.7643255448488,0.5085487331314404,0.25022649891340076,0.567635273042572,4600
ls-6242,female,4,162.80714789024077,436.403290590913,1660.4505041113675,2746.503487065107,4026.405484534759,5066.086251866187,15.572719214301333,1.016396847384362,0.10150259496731306,0.21441777961041886,0.1254150087355833,0.16835962798693246,-0.02039873783185929,-0.06676245820302008,0.05665461429508633,-0.047179917653367494,-0.0946370515523068,-0.05439655063957177,-0.025709351115114597,699.4658650758026,-7.9370569355017,0.003134196917486695,4.1516275762459145,136627.2198263708,256.4121518524263,675.0641835933125,960437.2079907588,1.1624893239820546,12.901993486236567,214.35402088676267,0.10548858449705109,1314.0883060580463,,,,,,
ls-6249,male,1,145.27398589883944,457.5503341162011,1295.106077433503,2458.7857809603215,3257.5881057607708,4640.662933890444,18.63594317314392,2.241398567461587,-0.38773859028856866,0.15420813217840765,0.20370082142610343,-0.11042426565216724,-0.04189106302079257,-0.03156047502421145,-0.07639643030615,-0.05578375079399337,-0.05228952470295986,-0.11791765891469928,-0.08459300261185526,754.7296946052124,-13.055167068250167,0.0021877003264381247,-16.427950247328667,123813.16919630773,155.2277829300266,614.9649586847884,674090.6519676158,0.8681115889258771,22.731302528201873,102.7641275868247,0.0838902037059389,1100.2466578007916,,,,,,
ls-6251,female,4,165.20556846794688,479.58382759769296,1389.842434186641,2618.47010877433,4069.06675968536,4600.920123145024,15.9029066608279,1.151265692592685,0.29684392890836586,0.22371510779838755,0.06668487813352338,0.17942928636333658,-0.2572436653577922,0.0014994973271601477,-0.004524855082776594,-0.06226735401861737,-0.06197468672595411,-0.16368728492315437,-0.07813388839336294,662.6192274089897,-8.646654337198127,0.001166476193730402,-2.0998684131233234,122346.40610307074,143.95541193141386,559.1133146859482,954372.286794367,1.2303236879011425,13.218762920294406,199.2174728029102,0.08709471091749965,1493.1494827606286,3656.0658906428844,901.0339357932517,1.608632012607802,3.179878276073402,0.10469241538897389,3360
ls-6258,male,4,152.9770856846593,463.0866280782932,1579.1294071796792,2677.7951406127404,3654.332204125293,4533.610161059604,16.642426541140306,0.8997253452633627,-0.14823342490442065,0.29890729940012684,-0.04889534646284688,0.1099675270477948,-0.021844415282610694,0.0015328197863084796,-0.0239840316574257,-0.10570751019592001,-0.13362180338137053,-0.1348718948383581,-0.06733813162362398,879.3134148037124,-7.233968212516441,0.00614404402616457,-2.9334596150262855,72245.37289812724,153.1715445422776,406.65987866220075,825893.611031437,1.0587774296097665,12.751673191309099,131.6694128108731,0.08916017435784826,997.2802386676608,5634.925204701576,991.9969134489676,0.10500703378014574,1.8783545572476195,0.693162077287875,5160
ls-6272,female,4,164.58738358050283,466.35242727298237,1646.8763444151048,2957.3368739336106,3995.451578016852,4669.197137584558,15.291801887358043,1.058578564814153,0.0013779964802419324,0.3359981809646332,0.012714206542424798,0.06489324506461187,-0.028874014171567985,0.06422169477539916,-0.06475565944715599,-0.15546177442695144,-0.07585239923490253,-0.10155954720335086,-0.08767304105234057,774.5335069110387,-7.646433325940899,0.003032608037628446,-0.49463881562841394,85940.47529863333,159.92176743243934,510.4616143782681,981365.3640370908,1.0865653212265742,12.801711780906267,173.2221566006359,0.09336927097948926,1157.8416687901235,,,,,,
ls-6281,female,4,169.07883569312185,476.67966329895,1817.090625686039,2984.107490044945,4034.355731398748,5002.649103752566,14.975507293179659,0.5931234765125317,-0.044325509816437014,0.3691392865937796,0.0724193410752968,0.08995472509240457,0.06973329140875958,0.03585473076525862,0.09728966024900501,-0.0504925423504481,-0.04208173453852571,-0.03064471673771748,-0.05760709565726846,832.0906244356486,-6.142615378653353,0.004756264857206403,8.631511845088045,189412.1757854747,437.05989775853266,804.3702917558438,1089465.5058903426,0.9609957434217925,22.085740760723706,219.96566143847792,0.10251692605206901,1311.8648995731492,4665.399392571804,879.7462887319656,-0.525337919289286,2.4613116708469693,0.3434630358563696,4580
ls-6286,female,4,182.56503997786405,392.1033642822557,1789.1868044453474,2842.546868134132,3789.3892549258394,4543.6026589768935,15.805748678983864,0.5988156949241892,-0.18354991072002447,0.34369345128801776,0.14974790747404454,0.24940879239250274,-0.0925700009991007,0.06362705139242686,-0.008317968448762375,-0.11335951332936449,-0.0907329438028691,-0.07982681954705802,-0.021738147334916212,1000.2526055668982,-6.069889177568269,0.013242370837402238,-2.5560371973084473,137090.0954375618,178.34583318159613,654.5506181604893,1286504.60580789,1.518918072622008,18.418320708637996,161.48992988759215,0.09072773363551305,1268.9461221856948,5816.647435570411,943.6538131754817,-0.4063443661682562,1.214060414975552,0.9115437804302873,5580
ls-6288,female,4,169.4056461740622,395.46749485626435,1723.8304588803553,3009.2778368442087,4266.371993186337,5020.091044670853,14.60474234254503,0.7657429043413455,0.24906525253800954,0.3645015568560074,0.00420356655885251,0.21616021601652063,-0.034557362710543535,0.0926302709900015,0.05745206784039833,-0.1186023865196548,0.05647388782863297,-0.012152524409229799,-0.029211746218357416,693.6063379076032,-6.438157902794047,0.002168855755653007,8.172561404677694,169078.45333467677,266.5580629918567,782.7862656647784,1397793.6839432833,1.561356773878944,9.209752047102725,226.88156715005067,0.09227427822110414,1526.1692916514198,,,,,,
ls-6300,female,4,152.77456026551278,491.72080961282916,1824.6340597347435,2924.0150712126433,4162.6213512516915,4823.261713405098,14.823185093895532,0.8362912633731312,-0.030108146597481057,0.31482752935936814,0.028629631596073703,0.12801275237734727,-0.04246733581064517,0.05241665079611311,0.062257343704959923,-0.1116508104284547,-0.04928264034178442,-0.015011206758717806,-0.019775389817481934,785.3218771379147,-7.2337697268686165,0.004887744109751794,4.484843920996324,185661.71218745832,341.5488937866795,783.7491555653442,1169683.929728113,1.072379851319714,12.374616562375152,201.86286213035743,0.0924263956763125,1473.3033586288389,5980.57130437106,878.142143353829,-0.7372006193182994,4.484705625742227,0.9302857925287862,5820
ls-6308,female,4,175.76007121487038,576.0532478918626,1790.8022371210386,2833.494041075273,3951.792859064195,4676.426308213557,15.383545392825177,0.1538115935562031,-0.23919278720738743,0.2140805380117862,-0.16115077347220164,0.13842696526744763,-0.08195774354458502,0.013305692710780878,-0.005158750105323761,-0.0755384889966065,-0.1036602695021688,-0.046730052843700694,0.020524366803173405,1458.8281428803766,-3.792891329221989,0.05273848887437118,-5.076435220406962,164201.08226350183,424.643189273915,611.2573191230905,873625.0256150535,0.6885880698002675,32.51388931412788,235.57073472095198,0.07920930117045968,1352.114942103752,6159.32342515142,836.3646783001095,-0.7030292208105373,3.4392878583177153,0.9405817106265821,5930
ls-6333,male,4,152.03438896597265,528.4678308124924,1585.5718319443095,2527.145169860427,3571.430752059984,4767.745913706183,17.127999950388748,1.2008498582762837,-0.2467191136958251,-0.11421853899329515,0.09287844277831307,0.1271784378947215,-0.04813246776405146,-0.04492999240607552,-0.017753892953172513,0.0018078244598533234,-0.0436333384951656,-0.10090517564260934,-0.04254792787125406,983.3916075942541,-8.19192297904073,0.011740628627741667,-3.895188155976003,115377.58812738134,287.2559329559123,502.21071907900205,831032.3064189969,0.8808486260559265,12.40431599738225,194.15160474253992,0.08052453586736907,1141.2883666636753,6202.473505289345,1270.2322810618268,-0.9578764482940068,1.087065854265405,0.8547966764558894,6800
ls-6339,female,4,173.7015598221866,518.0461655970938,1927.509102173128,3001.152962512663,3825.121819195948,4780.422289666858,15.246783726698062,0.380887252617373,-0.3875215166884234,0.2801064660202057,0.13541955404810227,0.0021562832045916485,0.02642032173070659,0.09253164235538396,-0.07916817388461374,-0.14236088085692883,-0.04189722987772152,0.006598369265260752,-0.02993833295625226,1320.948999245068,-4.846467326193376,0.05427946052500833,4.467362217298585,187947.133950566,292.9905232823233,587.8250237732415,1300194.5798861748,1.1490192069027332,9.056636575666435,247.9314190412278,0.09533317880822773,1342.4547668283365,5829.549629702589,940.0158323240944,-0.1438649831342961,2.4308991156083675,0.8779033021331033,5500
ls-6341,female,4,172.66109803364515,525.6493459497135,1720.3400053970317,2761.0000834292437,3612.107998411806,4321.03709497327,16.404210735390574,0.9516374760391858,-0.5852040738909383,0.4470575489146591,-0.01480702675313856,-0.0235159071350553,0.04920434001797997,-0.08733819841244354,-0.09294979719561139,-0.10434045699619668,-0.1791138785103019,-0.09316799489703606,-0.043140772860021284,1204.940861123263,-7.218503321086211,0.028910001033526516,-1.005610731480417,70984.45665022956,137.04278609197962,562.2056617680608,848839.0123938234,0.8903214299627393,13.415240187280387,118.55225641421643,0.08787086580671308,978.8408535771352,3793.8172829526357,655.1552194639646,1.4050424920117615,5.881637923347702,0.04140506881174458,3600
ls-6352,female,1,178.7138558134334,471.8618889912108,1723.6822151252973,2830.645876465543,4080.745413572457,4673.594222714635,15.198085075649425,1.2874450582666876,-0.05014160676188104,0.310604121606954,0.0633500065745845,0.14678097596973838,-0.1028553132322064,-0.010748868533711427,-0.020139567599659118,-0.1780086525476131,-0.0650186527803588,-0.02407082227204476,-0.03815229004351348,734.3902429565202,-8.773770285226849,0.0032346072241321413,1.255651135872748,109028.4611425974,217.36585805726656,697.1751903722491,1195633.3384240677,1.4026212464622394,12.898070664469184,193.14698695373505,0.08525875366707614,1215.2170053842397,,,,,,
ls-6358,female,4,162.76578159936918,454.42667048945816,1769.743927023118,3013.5155321961242,3948.160213010128,4757.961505415848,15.115868618201372,0.7862455438120127,-0.040328329297840915,0.41477761867720003,0.0667774533280435,0.08151143209952617,0.053710194845001086,0.026621133227598008,-0.05393962048551505,-0.14129389619038313,-0.05674764971652531,-0.049636332644111714,-0.07286722378406474,865.9908192693354,-6.747992902698183,0.006152511281604791,1.2230532243894785,155294.5478776762,208.14528647370418,570.6614350426775,1471045.4192658863,1.5533672844569426,20.582554280842995,202.11339471466925,0.09862079972909943,1352.286699748738,4983.267362982726,841.3965821881923,0.7252066634243491,1.1511088798361993,0.43870647566120724,4670
ls-6359,female,4,156.99490187658978,494.92733280769744,1769.8284162511472,2963.564358358599,4355.021074149394,5406.970935981406,14.343594887496641,0.7496855157731269,0.16698392345469332,0.19392416854359257,0.07136491669846336,0.11158691234357701,-0.11229466601366352,0.0823786495679541,-0.010184523882400116,-0.1255748401475864,-0.04933191741247585,-0.02309242175207226,-0.016301776942880392,807.529613471964,-6.456075334482753,0.003794823045004105,2.5158119225724977,136441.04012360112,343.50941136494475,613.2872840705237,1077295.2260312825,0.9735783684592676,15.62919737738105,206.40674676218185,0.08534897335712481,1283.8877210831456,5530.139555715911,855.5668952092894,-2.207195752141941,9.295283772311112,0.8741750085204637,5360
ls-6368,male,4,158.88219875559017,504.694214565586,1590.6272095350116,2762.815915154211,3703.188043786756,4612.190158504787,16.320544676684136,0.7192370250540909,-0.3983852347275297,0.35516939412102405,-0.038097950615223704,-0.03776229207386305,0.01571776033863036,-0.03664509078467347,0.04163738649804088,-0.025533758275132774,-0.15298238036634348,-0.07125830840131649,-0.02656196056468941,1211.0502665207634,-6.743801703204875,0.030123768962814018,-0.6023348472839121,106712.89885236435,240.91847453729366,487.5244300280897,881650.3377833194,0.97406224242327,13.82549573277636,168.76377332670236,0.09068940204713416,1037.0303764909618,6547.072069538613,1220.6303629299723,-0.9276594271785232,1.2496555190529146,0.8494744866676187,7440
ls-6371,female,1,183.27753880271135,561.7778041500363,1816.0723308590862,2876.7008955974748,3776.9515027245284,4703.58189314645,15.69434344340273,0.8609945117749476,-0.14979152700349313,0.19354643903727267,-0.04216799738884706,-0.0003682360255025852,-0.06411365223127168,-0.010249950284579775,-0.09295827912904578,-0.07531790867032284,-0.026256046463062257,-0.02563302414443834,0.014336929598336332,1080.9192179661347,-6.148654875017851,0.01807279310993071,-2.7888409896563267,131191.91381022293,327.33649253100197,644.1722395490058,997959.4286122783,0.9393052128471086,13.619794501553162,219.2813271934241,0.09410503974229484,1362.0226882846125,,,,,,
ls-6373,female,1,180.76638780993318,421.39858573442547,1712.3060021395045,2741.3040213421637,3957.1875570154007,4821.203029240852,15.649902242230798,0.6825003638211435,0.026988171978663197,0.14830470695963802,0.09066917566470929,0.2230331314470493,0.04677456414811109,0.06357093164795863,0.014822501915157205,-0.05848581240172916,-0.12259758008239331,-0.05593645057040295,-0.019582618375789732,788.0499703907295,-6.023846997794012,0.004060766885281413,7.185037839417428,130901.60109807769,228.55800153105287,523.7779848228422,1190083.5414154623,1.3545177135277595,12.099301453451485,206.8725637180459,0.09603160755482197,997.9708975316094,5878.884694276385,913.6605054977247,-0.8451272908236029,2.7697820111096965,0.9233209017550744,5780
ls-6377,male,4,150.1147896219016,450.9039750907664,1801.0714566672905,2739.745942304044,3825.352863051227,4979.959104668452,15.8910055636725,0.4786104679773104,0.011276484675104224,0.2859192522759784,0.12641032533568883,0.07739785336854248,0.05988297946875086,-0.11333163458498173,-0.034213183804553376,0.04635412665393111,-0.09039087469331206,-0.026957075071990966,-0.023170010726586844,1005.5454310746974,-5.365386389361746,0.013088833575883186,-2.111651888882233,152602.57942101202,236.07862449616528,876.1435769660276,763561.4116093869,0.7884165376625424,11.694314727823855,298.8772467148305,0.10008524422716088,1430.050966217913,5326.709007710958,917.774322289675,0.007594624529579687,0.8834142264711976,0.579949583078635,4940
ls-6378,female,4,165.54022347635572,482.34561671739345,1640.4752851112826,2944.9242787422772,4308.493142167842,4874.722944025148,14.618269608388673,0.9397683998283932,0.23842670161914745,0.22362747889056317,-0.09698742167772642,0.12557417854173136,-0.11788459435210696,0.11503039091066847,0.02657639361344482,-0.09987337807481009,0.01590998417982814,-0.0421814128565617,-0.01687017876503606,742.0757753525158,-7.158623762507103,0.002109402921522324,3.4582156539771476,143234.64141356075,449.61436532937614,625.8305433964172,1097981.613412963,1.0942742869605777,14.45193404741153,242.80996038771008,0.10113122469185076,1248.7840415593655,5722.719340456637,1133.2721093134203,0.3086963678069553,0.7553992880495052,0.6477637511954641,5020
ls-6388,female,4,181.87023125009804,574.3866964418569,1681.29323998675,2712.186266380436,3690.0111359757766,4470.256796229054,16.34271321124881,0.7736461536860442,-0.4545234710400503,0.26967668388799115,-0.1467610605372851,0.036828970566721145,-0.02598405522948013,-0.07241733720126255,-0.030436421706486284,-0.11536188086495805,-0.19526221979963748,-0.121232685933359,-0.018108013606020143,1303.8158877097121,-6.354252830094696,0.02863287116840653,-5.301924707296221,62485.229874771816,115.01600275072485,400.6688616720626,777646.3412163063,0.7640603821759661,13.086332531690626,131.18411116129772,0.0860886000601458,849.3093407687077,3390.5545914649774,764.3335234837209,1.7454521285373863,5.284594351970139,0.07754853663633726,2980
ls-6395,male,3,147.3032414569572,385.1871469920619,1622.8976535258862,2494.313472048125,3910.2254192200016,4517.166463976995,16.292756272331193,0.8577893298958321,-0.01058923540220565,0.25102349942753643,-0.12717081433871302,0.38038916150026997,0.04717738115615372,-0.020769815780259923,0.03021706817644361,-0.06323264448555412,-0.07246209825907068,-0.0966464301613966,-0.07850615592817634,779.9747186086724,-7.190399560203274,0.003863334543906892,-1.5262472260272113,119593.9422701226,185.66974349415045,449.95527539825844,907186.0274119258,1.1446323425847005,9.287617037960757,183.45395086472973,0.09457038158659667,1077.712199047962,4058.3005135465355,1033.5758612210361,0.3809627017951223,0.27985649543208035,0.20067738593750484,3660
ls-6411,female,4,174.94363907240017,482.3041594199527,1661.558999911299,3030.1362295191434,4324.559137689133,5207.964067932649,14.463428100845928,0.8773485175247866,0.3219637487368886,0.48218297969435087,0.1498786214761006,0.08392189658773205,-0.13615249184964748,0.06347941413355017,0.014796257049800898,-0.12748203743048409,-0.003845234328293979,-0.01816367737613954,-0.005615596014002786,611.5510163545308,-7.111527489129431,0.0007649002102989496,6.049450809181629,156337.30254700204,370.63851214505223,808.0803226231924,1092004.7878080248,1.1839883884555082,18.931418426432025,317.2678443737399,0.08725367660406852,1689.4351084644463,,,,,,
ls-6415,female,4,154.5061983912485,447.4230578725252,1593.7682526998447,2719.7637518805263,3614.285613970913,4517.1766197694615,16.664025393506385,1.3185387446854406,-0.250335423993539,0.4077827236672833,0.06667269409686784,0.024834319227666313,0.026658789103357665,-0.0309909354713001,-0.007137332991391958,-0.11060207353027152,-0.09930043458952698,-0.06348333740016893,-0.0398097403835833,745.1399154911862,-9.295715114903073,0.00294903225744194,-0.48045703026392295,134338.21567744,241.46740860460906,652.1110084101737,1110935.7698066884,1.248123128000258,15.184672560563982,200.46335138681806,0.09261719999724588,1363.2324485121746,5603.167381422587,663.8517759952958,-0.23762133262364027,7.772117302136433,0.9346002075527224,5520
ls-6418,male,1,148.80568105319944,665.5189211920399,1743.718521731115,2500.0264021752128,3701.5530937059057,4832.255168620838,16.58854696602671,0.8398438565065707,-0.208129771486045,-0.1898149865862272,0.047394814313824016,0.11729770387703536,-0.03992537144029951,-0.010429604557966942,-0.13649555821131945,0.09130476785974287,0.02135339523169726,-0.07545673188849773,-0.05959777086986493,1107.8499644739943,-6.248382705305807,0.031134864205011235,-6.555484728935653,127185.56008107666,537.258011854227,831.4236158169563,716360.4128461112,0.542131422933726,16.974060407468123,209.47823059936363,0.08646376813122598,1061.7154883524013,4073.8383951573906,752.0138235276941,1.04240038788561,1.7666792773061406,0.09771987951437658,3880
ls-6426,female,4,170.19311177708866,366.80080027990914,1776.351727021346,3075.0366746891705,4127.759926131381,4712.26817997196,14.650819644237941,0.6627355062096418,0.1507456231469151,0.5015933802437241,-0.056493049153768356,0.28730242563047825,0.07658721207640586,0.05299065004131401,0.0921055122587715,-0.11867298479818118,-0.023981309349802474,-0.02429696243562963,-0.06879846052613081,693.4530113656883,-6.530864990985297,0.0020336386233274022,4.309030352227957,186643.06522835477,200.43736021381972,607.9540294312933,1307056.7517008807,1.414932552109915,11.735151874590724,269.6805587152188,0.10048051901441629,1419.4539997741645,4291.541167937389,710.9008281021906,0.6873730049990039,4.037129570069658,0.22319317415893722,4000
ls-644,male,4,153.3709267557184,365.5935786697071,1586.543026140076,2596.12094249677,3534.4593898235453,4741.83739483154,17.16156544374848,1.063528028132517,-0.30150466448871127,0.32262035910509546,0.1828083744600642,0.036511891182734055,0.08721145656842333,0.04096865940809616,-0.058637354006948056,0.038303508706315256,-0.016218786444878897,-0.08291180490124295,-0.07366634294817404,847.8241607626118,-8.222136096075786,0.007615578883517432,-0.09972757924211992,138541.74991618402,243.1941277069269,552.7130096920579,1138205.6111079373,1.4183521146759746,7.7272337489022505,221.74072638439077,0.08706684697295734,1123.504134886056,5359.281549097471,1175.301673789932,0.2959152839406412,-0.20802601473706328,0.5590498361398406,5080
ls-6446,male,4,144.74077861768026,394.81637519496996,1576.626271353878,2542.3934220287038,3515.4325372094654,4669.740382592907,17.276652340391486,0.9636902979555448,-0.13242888290461202,0.23403032693804304,0.1450974995913382,0.14433338326424855,-0.04508374474854961,0.00876194111043025,-0.05235043464154149,0.03274021753887154,-0.016326521967802314,-0.1139582279153814,-0.0384807040145399,771.4535783231994,-7.937254827327557,0.004360300790774758,-0.0849174803782614,160802.2801525985,273.1721153071027,718.2109899143263,1164346.4820772833,1.3897236207644634,15.389533853592955,207.65657665943672,0.09029020968154405,1298.0687063935907,5085.360634991523,1125.029895659883,0.6250274717907301,1.2521750016351625,0.4868278158024111,4880
ls-6459,male,4,143.39581897880973,583.6989807768542,1564.556046509059,2931.5638425046345,3693.343831637707,4870.944454512491,16.151313929143043,0.7336906508154868,0.1034024443736605,0.13682933862436222,-0.09620585074816299,-0.12574852970044015,-0.023684700814992007,0.0906496650494539,-0.0889949114361195,0.025720736346547066,-0.00849327764847325,-0.04595807294815388,-0.03213523838306136,921.2985014141452,-5.876971299120719,0.004776578229374825,2.163276177473952,152052.32687028535,564.4712065305307,707.8310446617654,1024579.237197229,0.9463027100674062,12.63177569412338,201.85795571602767,0.08063243255757604,1141.2472117267248,4382.301504382926,778.0419726952076,0.12474791022872367,2.843921027998966,0.16890947217755523,4360
ls-6482,male,4,166.32846509862492,557.0228182288599,1615.3531625589524,2658.3518270445043,3495.921203850534,4835.096546058518,17.027501222892184,1.0020759918613498,-0.3485393085228073,0.09068770830425744,0.17860642871868926,-0.044250309552931855,-0.07238903885838036,-0.015062207379905634,-0.062274981049125724,-0.04334858538670069,-0.06965650566411538,-0.06360019851875923,-0.0334203534237247,1142.0402187681925,-7.64628466950953,0.03009056182373207,-5.07575241654487,184159.37622615468,294.62888082263896,773.853553713754,1225318.7853998207,1.0612528211925936,31.281624814058375,233.44416980909372,0.11275524541931622,1459.681249926206,3618.5331567366093,915.0828107027877,1.9730408871920708,6.254606161151273,0.07646120414096313,3330
ls-6499,male,4,147.49252437031305,459.2946371273822,1562.101786060689,2460.4982876166323,3744.600521441985,4470.148950868148,16.864320572534844,1.295054653972083,-0.16079127295046242,0.335103328390404,-0.1397694936060232,0.1526538648022457,0.10749913048541201,-0.16249548319699136,0.004744719153290665,-0.010154405014841788,-0.1205006196862781,-0.10177940800773869,-0.07687830137690556,711.5595254319364,-9.006995112575785,0.002388135962435582,-1.2728893151878338,107391.8058775106,214.1914064516526,529.1540256811799,935764.8380075743,1.157409095206427,9.934181313108304,142.43866234242046,0.08988816604658745,1062.6741489948288,,,,,,
ls-6509,female,3,174.5608478584951,488.30332959121364,1680.0572530112454,2747.1985757641523,3807.8109059218573,4797.184489947207,15.888411311407047,0.564415755098919,0.0269699160694364,0.21379058996256844,0.05430270209287117,0.07097795242590663,-0.08657658263468579,-0.009504406148480263,-0.07237573390828432,-0.0742129927266833,-0.1451106052508301,-0.09989370074492615,-0.041174115179385525,1100.4123570422562,-5.870070247681377,0.015810316541446344,-4.635926242589699,66478.97421038164,149.61954583418827,594.6330197158588,762832.2293829918,0.8437670300120492,19.759445715428228,145.63640215968815,0.08074958086834304,1031.6108109143415,5179.927601454889,822.8595848960547,0.38362195625262263,3.045789618029107,0.7277644056004986,5040
ls-6510,male,4,137.55888685142298,405.8850834072059,1502.0633490266716,2611.553391055561,3632.208224467753,4872.752214889211,16.92435513371103,1.0472899213782807,0.032266044046310734,0.13196285952215553,0.16741314026520027,0.030992940759265432,-0.02416585755673535,0.024682082192225705,-0.009819088138296581,0.007908433178238297,-0.059812374251807444,-0.08184524079095641,-0.052661244883442454,730.4198801063762,-7.500182477628236,0.0031456803028382186,-2.244748786777941,120550.58189081195,222.80652927734954,610.3025130194601,728059.9492058198,0.8974149497013783,9.096923171432092,195.0788764895072,0.0875573542121896,1149.9740272151412,,,,,,
ls-6513,female,4,170.44643798065715,430.59321930989,1964.0493985466992,3042.3805976052836,4205.301154108443,4825.484298772984,14.392735007777386,0.6214204209669109,-0.09377263279903422,0.43514787010654943,0.1870413491993361,0.1737947284096938,-0.06988922008806331,0.09175980677403639,-0.027596464989754536,-0.15850068510918275,0.004448124505465107,-0.027487589661317754,-0.048995516905508615,884.6859570217628,-6.139623113856949,0.009507217410029014,2.686564298836327,182365.44649263268,290.68528036619455,737.6134481879195,1366735.753033795,1.2682593540275309,13.85910390890315,284.39847719079864,0.1029198174095926,1499.737174646776,4845.580929412917,853.1522931485131,0.0719588264110634,2.853990760199941,0.4248535615949466,4700
ls-6519,female,4,171.27293192037422,492.9973530106572,1752.5469305194713,2872.199679025066,4021.914478007843,4920.613791086516,15.257329815759903,0.7028623973043528,0.1355877756293966,0.2654534542006203,-0.01636788880911415,0.11783013257030744,-0.002906476050343257,-0.05382488495850637,-0.04369380366791009,-0.18382443946183125,-0.1289929541516443,-0.05241172363225288,-0.0688309978970777,905.0091550119857,-6.496048745626387,0.004463127801843323,-2.490124032918497,74511.46595533413,170.1226840809316,554.2158870027085,948588.7218780895,1.0777689736134737,12.310886780187278,151.7110213076382,0.09169746208990372,1206.7091858268855,6295.970036840918,927.7441037989629,-0.7514749280639299,0.39940947177161423,0.9117564713511436,6800
ls-6531,female,4,165.84156503321336,456.7069893546159,1659.3550169978846,2656.491180283508,3799.670413167195,4541.204345320759,16.21143513009138,0.9564447616801764,-0.20391086372921075,0.288039111073662,-0.0879816770367873,0.1996227257245563,0.04220014991219012,-0.07115381984855283,0.03029546289447914,-0.06792141691848962,-0.12070744621879373,-0.06751453551713546,-0.05559569622269034,926.4330646427671,-7.475637517806469,0.007183641298953667,-0.2563598575281726,99221.25663439202,243.65562859175958,521.7260371832115,730890.8039847102,0.8382915178926673,12.087501085104767,177.40114001447958,0.08582138557824262,980.6913460947478,,,,,,
ls-6534,female,3,179.96717530466123,548.3389132938137,1748.8196399443386,2951.642389417148,4096.702249221654,5194.162403398572,14.88712903137821,0.8662414445190478,0.17792562114901575,0.1997373709883375,0.07007528251777137,0.04219466580044234,-0.08166657430581722,-0.05608259723844761,-0.07259128748966491,-0.1752934837893342,-0.11105528941131974,-0.08999492811636829,-0.061310488134996545,838.6755543091986,-7.088448139888176,0.0032115110543334763,-1.4158355073706843,97813.47424238516,158.93865018626627,641.2715911738321,886372.4289938859,0.7661207053663471,19.589521613183862,191.19296052961124,0.10146959348665097,1265.5900203348026,3977.7921173926943,858.4329597641292,0.8193863198260025,2.3572802689525547,0.1450696263881151,3700
ls-6535,male,4,176.25015524018195,474.66443636328114,1701.8928398122139,2579.8355082218295,3534.8795614438613,4183.803569116134,16.953293240559308,1.0958050083436204,-0.6754365303169474,0.3887990647489475,0.023035631212036244,0.1156176204498763,0.07386481088647362,-0.026932538525445714,0.033601961225494484,-0.013325381759962285,-0.0706580614467617,-0.10360181049686495,-0.03295686316404292,1135.585348336905,-7.865116689519982,0.02977188095516558,1.9694507724737145,119466.49171568692,270.77759406920086,533.9353693091135,979609.9334147803,0.9697742500102265,15.408967033656868,214.94912432478608,0.08750192603018304,1053.9428778610707,4670.94813150136,1611.057923691695,0.552237431330719,-1.2464259240826612,0.37446533527741643,3420
ls-6538,male,1,144.26468777415988,421.94039006408366,1387.6995685902066,2684.9735196766233,3798.5060444071673,4937.409061794386,16.480024224435585,0.8362529662124608,0.18879942056966328,0.18646517424238102,0.19895412085406958,-0.016803325370958046,-0.08035261846404126,-0.004262812582317423,0.0373972525821287,0.034820950101502775,-0.11948454798009733,-0.06938803338186511,-0.05092253604908694,785.8404229697527,-6.9962034645421785,0.003921709843034559,-2.1843986318599087,132831.65656402637,188.99779916159844,554.0297665955547,1105428.2223951775,1.4240183933178971,11.401666707060901,193.04135180338682,0.09629057162366121,1239.8624250666971,5466.490454864336,801.871705181054,0.49659203290646364,2.9431708457412196,0.7667350884987207,5080
ls-6548,female,1,172.71497335586565,454.91023200665245,1507.983595703417,2788.243088715214,3764.718737192495,4531.661724982901,16.23480336538557,0.5813430954877118,0.012620406991552336,0.46863059355106174,-0.09163211485036238,0.07500187488903044,-0.08712873921594479,0.04554207377971635,0.0041209409731374535,-0.07449435832116202,-0.12863221802707814,-0.12674609225859146,-0.06053395153058872,916.2287861602849,-6.09119374877377,0.006506031877734894,-3.7387188502024733,72995.10550892408,144.26044083388604,411.961831276632,699512.0406413546,0.9345276399474207,8.357634444731096,157.00626341529627,0.08019989590811494,906.9406978735938,4585.628726559973,1100.5423075222175,0.33392518422754913,0.5444400545029442,0.2788993748202028,4360
ls-6549,female,4,177.1072624769131,411.74911040022477,1881.6929666900082,2887.0644071528127,4182.4198639124825,5052.927661582582,14.816677196425717,0.7037695859066468,0.14454964138159102,0.3404545688107498,0.2558427925895263,0.21026831435882667,-0.031709632638484024,0.041597509085785384,0.04035089181404497,-0.06357948561163827,-0.039388631252887114,-0.03989646353646951,-0.02700997192105107,604.4448610916857,-6.304706288629348,0.0014061686598219035,5.063065044390628,181294.78606113905,196.22410335202312,783.8127482389398,1262628.6719014512,1.32037754302198,11.605205208350231,275.6150209994451,0.10120312553033148,1389.801410846037,4932.979856692164,1034.0595858876582,0.47611342624955166,1.068852877097488,0.4799449901963436,4390
ls-6550,male,1,142.7524729202867,404.50284477138877,1449.5655807017974,2862.6165653226535,3650.658794821952,4693.308146015985,16.472103861810655,0.8953290484114242,0.014069343701956151,0.7183406453293256,0.196901348562184,-0.01683174043804276,0.02548738892837803,0.019028633013086632,-0.09845715330165039,-0.0466039030439109,-0.12588694691099248,-0.08620780686251174,-0.030511208351826243,645.5232699185128,-6.942283863121168,0.0019348213060686613,-7.416049442776837,119830.9344242298,121.82736318581146,988.6430943339503,1224449.5748367696,1.9047484426559103,14.011134416634698,197.12968493850488,0.08324692770433138,1447.4318815999632,,,,,,
ls-6555,male,4,142.3831001160495,415.6496832042501,1827.3582538519142,2723.5789456588814,3773.87069491769,4673.947193312345,15.975876228356467,0.4326552630483744,-0.2059919204544785,0.20954826051154152,0.08742742406528745,0.272256733938098,-0.00876107885269711,0.025164546264123754,-0.02046667047354012,-0.02670137241386607,-0.1280224736580601,-0.07292831575645689,-0.006476642155681649,1192.1629614710496,-5.298954170275231,0.02891508769626247,-1.350522399634856,149891.18260795996,196.324733687972,576.4170218011479,989690.640328231,0.9937190980907855,17.710267275794656,222.83549723589059,0.08939022946598894,1197.7553112367764,5211.451237842152,796.8313795451354,-0.13553341989907403,4.452787896016082,0.7119753535979588,5040
ls-6563,male,2,149.133137284516,422.7719761945083,1724.96941651198,2482.6375646712063,3970.0409094111765,4803.148425014826,16.048840074256468,0.8082456987394016,-0.01609490193561964,-0.08724117899648469,0.1753741245773821,0.3834011202842661,-0.031561363580251675,-0.00778299727172779,-0.02819317273650836,0.043218404754076734,-0.06740408280859052,-0.10242596419316712,-0.0593275372559649,864.6743692917703,-6.206320330621371,0.013386001986928714,-1.962335500834055,152352.74295190634,218.4994269839951,541.3415029607347,1089802.63909976,1.0987609696311103,18.0466783472337,254.2255892636539,0.09181365739614772,1157.462994685599,3254.852665710336,450.50180728449504,3.852900936993489,26.166198581623323,0.019059466966862292,3200
ls-6574,male,1,267.2612010317225,327.5637468619297,1420.2146334265044,2363.0909113917187,3869.510146812233,4672.3676357534405,16.90034624746071,0.9809948614617718,0.15035101615597765,0.1403180021617031,-0.0930663290452665,0.34726896805640967,0.11639732568749253,0.014226945268401217,-0.004626116879986249,0.10361097388494932,-0.0067124243127438,-0.046041683411618815,-0.06624747966644351,769.3656680549009,-6.104125301204062,0.0037326875394304163,15.967356101385057,123375.7758542634,206.30361030501433,400.0735566254548,1084782.1500050062,1.4107392397639065,6.5220358996439725,300.48421175354684,0.09474092634482698,1077.9046556272792,,,,,,
ls-6575,male,4,151.4030230343892,557.9521769491548,1613.182314631514,2695.111156376084,3739.2191973317254,4546.378523752469,16.366333601465854,0.7625468447546022,-0.3323670323883271,0.3215798129458193,-0.07175248705414003,0.045873264824914814,-0.10539356952628982,-0.07550213093294321,0.01249153869158982,-0.012577247791805704,-0.0857741916044276,-0.06555072801085665,-0.008298554479259208,1267.6912115445084,-6.1927458534421795,0.0302192271798649,-6.718981049559118,125946.62097411523,368.48127213068153,578.4042155668521,720632.8703046247,0.6996425516979606,17.213036097763823,222.96007552283226,0.09239677612409086,1218.1540995776672,5909.344792032344,1092.6284112615149,-0.5767560202028247,1.3306308596158791,0.8523416295502759,5500
ls-6590,female,4,164.2823114381419,507.94882243727875,1877.1550973687074,2970.0939224555977,3923.492519799425,4724.199894056026,15.119585366775933,0.7187560908595061,-0.08457777244343667,0.4797472811206571,0.0327106718624392,0.07644052196690614,-0.008653926937714884,-0.09704437596709502,-0.10780650417484221,-0.1457273340723796,-0.11094287333928951,-0.0780477731047659,-0.08416988068504995,868.1415403035817,-6.612923868150146,0.005186304717115373,-4.852023001591041,73229.32100973093,141.88684164217597,634.5477385745443,791238.8086531132,0.7853914485360631,13.659206058802969,145.6972068166423,0.09124536169367828,1212.8486202992003,3734.417492265033,738.9177345222782,1.7106702314395346,5.849752937210441,0.06912066854159471,3480
ls-6620,female,4,178.48118477985764,413.9116709386183,1766.7201282458695,2802.0379856611858,3877.3471345519347,4684.166684914293,15.671477961079916,0.7239327363672234,-0.24968077659809151,0.33473332622665036,0.14817976647088502,0.19844570748121387,-0.04056905158298335,0.022487867181439684,0.038887388862773986,-0.09238717490862738,-0.12884173257122877,-0.048796815180444084,-0.025339933755340792,929.6811690381145,-6.34039926274091,0.008660320901008043,2.096032789576122,135534.7851539193,268.9721438946193,574.7539054386497,1115418.3903560918,1.1743680286261604,16.669510508213595,212.91207951579943,0.08982438479175325,1107.13049464369,4955.110390488538,985.3769212358511,0.0751189893834,5.173371495665835,0.5060201266415097,4820
ls-6636,male,4,239.8993434604842,527.4523169001428,1563.464563768318,2634.644786671999,3344.492515289923,4533.440524521115,17.53646419690447,1.1504014987738858,-0.30011532497164756,0.18558916433745154,0.04658067726006413,0.03594311060930323,-0.13964992894917427,0.09584190473264714,-0.06333685457159254,-0.1869191537452714,-0.0834635841044857,-0.12034574059338887,-0.08343092519768348,1005.6996981092024,-7.510921357273075,0.009149069285158115,-4.108964386205508,55338.18439356993,138.10890580736014,442.29053290860384,704355.9300013143,0.8050252784677825,15.122433220002984,150.5607253434616,0.09433408580405328,852.7227985280047,,,,,,
ls-664,female,2,151.21153095088425,583.6804943419224,1830.7231823981915,2881.184037663882,3858.3722192267805,4746.140183195495,15.489178780372317,0.8716127103329785,-0.33773589279632216,0.2521239350370722,0.009802154526003198,0.05160302180843871,0.034324889538872846,-0.0247380111047521,-0.0047024725657008205,-0.04860548827704993,-0.08922316243113873,-0.03999791675248461,-0.0023830364905604905,972.9121835595976,-6.582773256730554,0.009947459389978729,4.9637260565767845,128744.53533487565,453.28823257248825,597.0321624191666,944017.2876316794,0.7402860745678163,17.40689303832415,214.18719800395138,0.0888755709117953,1014.4048669314394,,,,,,
ls-6641,female,1,174.56080047438059,427.28806494112087,1720.896235606262,2781.8709393484346,3669.6558623318247,4970.521672557992,16.265768042103776,1.2450554382572638,-0.35014732426055073,0.3670806879292574,0.2883895913265222,-0.021215165771310353,0.057653224316400166,-0.01904299961741286,0.05463560539377342,-0.007354560770358497,-0.14440230214117877,-0.010803341340440887,0.040638867645491336,826.7009440257968,-8.687013814612625,0.006301348955232263,9.367940071855283,136755.93222399233,315.6851618163859,723.1050493282969,967951.6624266466,1.1332699246736226,11.012997113062925,189.96536545911601,0.1025146399578115,1308.2225164385413,4601.683885283126,619.9394724461824,-0.9343740709812444,2.6601448505361365,0.20630610935740037,4920
ls-6652,male,4,164.40914263809623,412.8685727814112,1559.460232323415,2582.2067853356853,3673.067181235216,4569.442968746946,16.888754939995,0.9934140737421155,-0.3204566034902774,0.2923646656732858,0.010216305072799334,0.13002713422525325,0.032709140319522566,-0.06716643127193704,0.019548330213876558,0.03904566531396984,-0.09136773548255311,-0.09689668505804117,-0.02970943410320881,884.8646647990174,-7.677412733676549,0.009381092787398078,1.6477578658325098,120251.65564937325,231.78160620821018,535.8644612564918,896376.6692014963,1.0975557010517647,16.72617368310111,205.77545225685526,0.09938278382544082,1040.0399920778375,4778.049271562932,973.9105966730101,0.6951000877270205,1.4876152814338395,0.33763578715066844,4140
ls-666,female,4,154.091028384425,543.3666413435951,1702.1811080955044,2943.7693472325436,3983.5734913551014,4689.7751408730155,15.275552647972674,0.802699199604399,-0.12018137049845136,0.32809252731532323,0.0010758569111726755,0.055671090272358593,-0.06504057405882491,0.021273731664898328,0.03179722077483732,-0.11140488119181018,-0.07358386822157251,-0.039825732867756605,-0.053502478354583244,830.0211905014046,-6.82551542342976,0.004266017139743149,3.588917930174538,150338.41699119908,285.76585941687574,674.1028950401078,1017333.8448388553,0.9174067702405675,17.416665631218113,291.2474229988139,0.08294906098150923,1444.7321687477504,,,,,,
ls-6668,male,1,144.7843193210351,378.0879546893074,1331.3856397809081,2790.8984541882696,4043.4721970589835,4998.911190018578,15.7620323331957,1.1700418564049584,0.6025179031396705,0.4909770294471087,0.3690390881533569,0.15298946750980377,-0.03369037549302352,-0.02612274985012307,-0.014259813217851615,-0.03761266950406829,-0.08855640841176717,-0.06122112353698608,-0.05379433704709382,388.9688340630664,-8.193798692612253,0.00008662427850086163,2.549986972976304,94088.52696748586,132.95871168583471,1229.105393536171,276055.84366516286,0.4879019932549182,9.039657444310802,354.3192320264359,0.08049712583915324,1771.2083387221019,,,,,,
ls-667,female,4,171.6845341347356,416.3523353436688,1649.0205251124735,2915.0562511670623,4028.732336944394,4627.985770540719,15.281193234865675,0.8973921695611147,0.03783889926886785,0.4075050766233428,-0.0151470255650101,0.14478070796447823,-0.03006268640243373,0.03905276061839893,0.03164042022865435,-0.08873220392570684,-0.026977383306754456,-0.049748537742517474,-0.05025502065100139,807.1309084373584,-6.990289896759821,0.003296048591183275,0.9629629551163319,154339.93677067873,249.1348276038287,684.5172294433528,1078958.1388605684,1.1993080249393673,14.685101280535664,213.97849736761322,0.09732152029229632,1293.2494546344528,3909.0060123366934,999.0643917488219,1.3746582013914,2.784425595434157,0.10755736033159129,3720
ls-6670,male,4,149.8944615330381,375.038462355129,1596.567955877451,2621.659277827963,3613.6010265754185,4924.745107502689,16.845743439704112,0.9758185987089087,-0.27970624858716375,0.3273295123628044,0.28418040889711504,0.06798915377991183,0.0964414990044318,-0.04160955788919213,0.0056858865117226124,0.0931543407594618,-0.10170486767613146,-0.12464389825555391,-0.029013002520544888,841.6243490964514,-7.396986268265829,0.009249451776066172,-1.4096355640075986,141718.92368315157,128.3481606000558,708.4648056858958,1045136.6298438665,1.3749458161223909,9.92077680063199,205.87574905943114,0.08728281061450988,1249.1575036163463,4855.079676354404,1236.3985313535627,0.11565717189842348,0.663267121115549,0.4103727435266733,3860
ls-6676,female,3,183.43349794769466,492.80993881126085,1904.416433419923,3162.92806138973,4046.1314441836967,4710.892461463638,14.90828010041041,-0.05341947777053368,0.0019172546840419858,0.49012206522492624,-0.15996259875440355,0.07047550644706065,-0.010591172853264216,0.06922558054233686,0.049761044114322084,-0.03019327326203406,-0.05079322045778231,-0.007900061494838236,-0.06710966898743283,1543.7085979570593,-2.54051539696572,0.056811570241376216,1.4094993922294565,278852.19873768016,486.7280064834665,955.3292054783219,1759304.011038486,1.3454164393034682,22.575961203213204,277.6802496827183,0.09767316956938267,1574.4394258574716,4667.464496096789,931.00939384618,-0.4355237012312317,0.31381390195344894,0.36041030691238607,4720
ls-6686,male,4,180.23457102420295,417.51144847849764,1828.1082735885789,3031.958801736687,4334.461162253427,5014.793766866435,14.349838675614226,0.7505378558568163,0.1963022328009138,0.3024080569839557,0.10873610838586223,0.20214696242389757,-0.008289772855522298,0.1448162671919801,-0.00551628947418661,-0.09167366924918383,-0.007687914579201788,-0.050651918904084436,-0.030008148403792897,625.2735523838908,-6.495342711510125,0.0013783745574119512,5.563166478765435,163662.78454925923,237.26952064178005,600.2110211508241,1064657.271496174,1.0780693837883337,16.4237961171242,193.51491870783417,0.09134985280708972,1353.3150255825803,,,,,,
ls-6687,male,4,178.35055525118048,390.81820227515504,1708.4496365657515,2539.430119880347,3927.1434691362415,4692.959387525688,16.158810760211804,0.6768928129601928,0.19863407432720248,0.2938613577054049,0.03148676945922083,0.3768919537804543,0.11054407503360765,0.020584680557780337,-0.08815092490442242,0.05156526850213798,-0.011380266668167112,-0.06376271363894999,-0.028130108357113687,642.2506165877073,-5.639419345650872,0.002316293264392413,7.4663955250200065,196591.1916087403,270.3180382225351,692.1773318019817,1303972.6701054247,1.494920981311127,20.720624449334565,350.3911460384701,0.10291455268482413,1312.1021926474514,4189.292533615504,949.7355045483358,2.340460929099879,5.772979479089374,0.09985587281187355,3880
ls-669,female,4,169.49187271143217,421.0994650739798,1646.5687510187322,2717.1280814621264,3778.5919869981635,4540.30467927596,16.156612172401815,0.5388890807493674,-0.14908468719144957,0.4159049702492452,-0.02268229060291566,0.2607408335692277,-0.031391136074884335,0.008308112398795784,0.016847618973940506,-0.01569354370559157,-0.10542450547097358,-0.11820499114697683,0.007901809106244705,943.3447766047959,-5.777432493610499,0.009379042125344104,1.6747582708697346,139838.1303903713,170.38958520319787,612.3907023091178,936284.0989111096,1.0435019957977305,12.521097131074981,245.58720252584882,0.08286333860066397,1274.9564383077825,3738.806541562811,890.2652226833548,1.0821888059430218,2.8612310049419065,0.09305947833699774,3650
ls-6694,male,4,183.9982304245935,385.1013921355605,1487.6116031999993,2584.3576922016,3854.8271280180734,4883.628126432939,16.44399915677534,0.752166370153569,0.3623732685594927,0.2992882200576228,-0.027703079569962846,0.0785987652497906,0.14432536959072673,0.005793720830112893,-0.032470187294121926,0.05016114385969594,-0.1020082388468816,-0.02386141335106413,-0.047111551995520654,677.0744919338654,-6.221605748708912,0.0011555347893086722,2.4692666578284794,143382.62032163236,208.51325648277228,602.8997439092075,996561.5720314782,1.313441328357753,22.11772638409454,248.91208332232065,0.09534357373871771,1176.2075386565048,,,,,,
ls-6705,female,4,166.9520614678285,460.3068241728245,1544.1765749228125,2777.032089545467,3882.7357795410153,4827.343326656715,15.863121858996795,1.506845249173571,0.1428151773722094,0.500907157444516,0.11241730498071988,0.07110795190512126,0.014256667904814602,-0.028014139633417208,0.04885944009726817,-0.03264905340645809,-0.0949727202627676,-0.04304650692341487,-0.0014105657815627667,545.5400797200762,-9.883053749540487,0.0005716903644592103,8.550997779560841,138681.8520303453,254.08117823155217,702.0715597937564,1074311.4847502802,1.3407610216182948,14.195823941984214,238.8963884532145,0.09885135335049709,1548.384751631082,3414.6867787491656,661.9578384291017,1.2486631529287018,4.8804758801804375,0.03635845491740475,3280
ls-6707,male,1,131.6875339392674,381.6372100341333,1581.77256949282,2478.08766748695,3584.1771555008086,4716.408962828965,17.250834959380576,1.241426411335011,-0.07054834465863852,-0.008457323341555875,0.018163705497044318,0.2502409054438187,0.033744765550968364,0.09972315273641542,0.002712343061074719,-0.03736056474698033,-0.09167984552215415,-0.07847056562843162,-0.060463568103476965,716.145724398016,-8.318043885084494,0.0035431458548845487,-0.7687525484225524,90167.12399488011,160.3154367924941,455.5440267528202,960140.2556468827,1.264240312877554,21.32544510769839,129.4531703293355,0.0881498947898843,772.9366899538052,,,,,,
ls-6724,female,1,175.92127224901017,533.627006572812,1760.9391421059597,2703.6344492565645,3835.5407409688237,4821.58257785465,15.914808574156057,1.1577447568266916,-0.2010764682534329,0.2620499352446886,0.017372836467030202,0.06656571488512317,0.020666923310874215,-0.13996471950193745,-0.04119446595923693,-0.030297256015737215,-0.09029468940203966,-0.028642991444971518,-0.005232968750280758,891.2027423941727,-8.87584041077894,0.006104012376045933,1.4721006660216385,124243.55350731619,332.83790242926165,645.1721764396036,991541.9817451683,0.9929862169324892,22.263144437247664,231.4749610431825,0.09174032775525993,1232.0846847880257,3810.4994133994032,652.6721532366457,1.8077916289497138,9.3402914565234,0.03537141748961302,3840
ls-6726,female,1,173.91980062440945,595.6160271961778,1356.2403048847514,2520.400717424663,3796.9899547798746,4431.6309231084515,16.763495730300725,1.4390167289728775,-0.1872237698407191,0.19415256416769258,-0.10301912947318631,0.01526311151677008,-0.18882108745042714,-0.1346437016918207,-0.13237263527427176,-0.10598108503128217,0.00856054423352309,-0.01877081910681827,-0.04642165217541539,975.0800463134925,-9.972245935515286,0.008954224252302313,0.3059312000771851,74640.82334809913,241.73944930837808,844.730124839132,420832.2507596043,0.42854194749766183,11.823211518016453,204.18487163788942,0.09748850974683748,1184.8117998257685,4464.4439463952385,680.2211324382815,0.7369144735016296,2.9198113905463776,0.1306004519368127,4360
ls-6733,female,4,169.74000395279816,466.92206323903673,1664.5796138638711,2666.9120355897285,3633.0721158424926,4819.329174499435,16.573786398518052,1.038762067150059,-0.22473470141882917,0.15319930385835978,0.18829676858929772,0.042778753276363275,-0.04847273004062845,-0.03001596323253288,-0.0479623015522716,-0.02863381482825155,-0.11941661109593289,-0.10219103630711246,-0.02494898015532173,926.7220928978445,-7.732439740898605,0.008980474520902584,-3.455086174112955,139266.30949338456,151.53655286700427,730.599916596736,1005382.8030534242,1.1061019646696106,23.657088394494906,168.62359283748896,0.0927092381258404,1257.6896949553488,5367.120826415569,835.9442651191878,0.8982376619433599,1.5693826961875903,0.6859841915225205,5040
ls-6735,female,4,162.24635880482128,546.956811634602,1741.3390072097272,2807.793960779828,3983.1030184001893,5007.544774825965,15.413093359491455,1.124964218632986,-0.011517693263558755,0.32281734629266035,0.04039280874365598,0.052432712397577644,-0.09196940560412692,-0.156419959094018,-0.06030722502863434,-0.13887938164433564,-0.13487964241968775,-0.05395173443108177,-0.05546310864476431,779.0500129060431,-8.327954577723993,0.00249728026440755,-4.8124169088780135,59382.26574397643,159.47122001232435,693.4050640438669,313122.769751888,0.33429911477758895,13.51300366851882,158.38633421970005,0.08045113422105879,1230.8398679577913,,,,,,
ls-6741,female,4,163.84009407690775,523.8361538696671,1906.3441715025774,2881.589574158578,4273.930021020864,4881.238741353645,14.486755454288794,0.824564995425427,-0.012525680298641654,0.11247143643504724,0.1069271463878442,0.13132016306055724,-0.06346946694154348,0.05536173788096893,0.052945599806928756,-0.0053278918235027655,-0.008431899193128197,-0.023251570114898513,-0.024245125454044614,777.5658743302532,-7.479489485933932,0.00517939570503736,7.068209873077236,211135.31486984086,743.298959198461,942.9290165557335,1196884.2924462622,0.9763788230430033,12.435455257083685,228.4784459136663,0.08801604364969137,1511.8730069923686,3786.523861432611,912.8078609580386,0.8582618018758523,0.40983843335061154,0.14459607109929956,3840
ls-6743,male,4,170.76516747153642,492.84312051422694,1625.3391297067674,2690.7056733777526,3794.5038356564087,4880.244618254545,16.223775066036264,0.9220915727182304,0.10444446393555222,0.18558743658080812,0.09872421115137572,0.06726885343874904,-0.09880615315027014,-0.008880822732511026,-0.0051996858020703874,0.0006732062790667857,-0.05487153667019237,-0.04508564105516789,-0.012559741978732084,808.1412781507881,-7.251468203184439,0.003174629994116138,5.298284318249105,189415.0178234523,355.20984535825494,712.408692363864,1207172.3711799022,1.2340952515818624,19.243787770712043,211.63756559083984,0.10421713963641702,1465.0650879327359,,,,,,
ls-6746,male,1,156.7561547692519,487.6978759877897,1566.2581740705175,2605.430205870002,3767.1442413831833,4614.758037903745,16.485870455360477,0.8164951122255399,-0.2626187947147423,0.2881976926590894,-0.010082456385618957,0.16392683494773436,-0.03230202001240025,-0.1379389912087208,0.05740282067521246,0.0330715647559968,-0.11024778871912369,-0.1253238706531017,-0.05404075194112392,930.6107852344597,-6.908549163743083,0.010766356284999707,1.0961614386711152,165156.35757475242,291.7192381905624,682.0366356101126,942937.7117523233,0.9739132682439542,14.575470571567909,247.3147495644861,0.10125997507967092,1204.3680632449605,,,,,,
ls-6747,male,4,143.24412286286892,437.4151164811676,1727.0865194488465,2841.2706782102614,3630.3975337007673,4739.356147333487,16.30785113578053,0.823926721666683,-0.23768744709777578,0.33568111056867966,0.06359937961849842,0.038428821382428036,0.20438616497484047,0.07929645615075073,-0.09271250175982593,-0.07415026957354336,-0.13652620570008045,-0.09572094353874641,-0.05312082008449552,937.533288578903,-7.19792177310502,0.008420801644776807,-2.167766253227734,116372.1632777068,172.50063164960125,428.48892060429534,1017371.0387956477,1.1235807727526987,16.158192053424543,160.36582295178073,0.09117647855453302,873.5646379381974,5026.258813881754,908.5102871525764,0.2748106393390313,1.826332656947577,0.4606728973042764,4800
ls-6749,female,3,170.75317685528313,482.8556545883394,1744.6903942673794,2962.8270029714104,4234.204955351208,5436.4206461429285,14.509373579285525,0.9188393549743088,-0.09044582290741864,0.16957616416724836,0.00941657737319827,0.15151746081989623,-0.04655246619573789,0.08869894981549367,-0.005563483716723958,-0.15737466396173008,-0.015228991608964515,-0.004654751238177252,-0.042568031290960935,855.4180230317393,-7.92145674325846,0.0042078786616258235,5.332802567167738,154933.78933946078,446.7886438377149,543.0837364054364,1561981.0490129413,1.3232205231757042,12.061441939294554,192.95469119873331,0.08776454960185294,1004.3878435214485,4470.9445421721975,1027.7188020944434,-0.18213332117902353,0.3044168635921243,0.2813525819106728,4520
ls-6752,male,1,148.75162698396036,304.2493323916525,1495.0941405290605,2648.1906825035353,3726.8097308706238,4716.828493318141,16.659808838599613,1.0723127550944267,0.04964704404032635,0.5391635772783767,0.20326478153677274,0.18601085169539228,0.1065931767906457,0.02182790857549858,0.030427220406631872,0.0585883307520161,-0.057158180129886854,-0.05640788455224988,-0.03762159535442762,473.5761774473057,-8.441232422706982,0.0005602857060974971,3.187380913811601,117432.85783431538,141.4268418348182,776.2565781292526,1300516.8666235022,2.4251449096702835,12.530721024045944,197.93891359124046,0.10634837372191822,1338.7684661255716,,,,,,
ls-6753,male,4,186.01810485727793,399.48410013516354,1587.3349723442311,3308.855137907166,4278.054779008568,4986.3717294802345,14.344818390299526,0.1308574803823133,0.4366176928443901,0.10998543448566729,-0.2314275858241669,-0.013489337931582397,0.13173766623495287,0.16000277654531092,-0.02109098531887521,0.04829570636925349,0.025236534622105546,-0.05016260181487538,-0.04559252488805349,1118.1113933867796,-2.9848636274814986,0.006388457655739321,-2.314281196784198,178598.789355613,634.9378251730251,546.3071652632694,1323678.5065092994,1.4097178265051982,23.59647995208817,219.50737825929727,0.08945276824461151,954.1785999067669,5370.750651831034,1049.8695999087024,-0.16783775088327094,0.7457744949712181,0.6552099828997934,5340
ls-6754,male,4,170.56513668696516,455.2377380686279,1497.6360711540494,2651.994512731079,3896.402412288173,4646.180737041985,16.126526528693432,0.9407231926101235,0.03123785748346044,0.32196878901627246,-0.21800649513737283,0.09369098644167617,0.07099585903633697,-0.09588252237669555,0.06241719776177886,-0.008387483520577645,-0.1627111429516045,-0.03963047197406483,-0.07534081691142341,871.0350942094813,-7.682989502137705,0.005232954544441838,2.2886627783719926,76506.64357754998,201.82738047142445,486.965225079593,802279.564599081,0.9946823806736512,15.537799157758037,166.44754680815447,0.09573269212315093,931.8311489240335,,,,,,
ls-6758,female,4,176.0412787946043,445.78019425473383,1271.9437413923993,2704.3653112292695,3872.7387932144406,4658.287678665002,16.39378734222696,1.5133369424301852,0.16975836882467313,0.4038841646445207,0.15509824654769339,0.03956476977526061,-0.11412603232036211,0.050541396441382155,-0.004706007075091176,-0.05625121637127449,-0.04448460846349812,-0.05924829086549399,-0.05537228811892938,509.4178458987692,-10.19102181317319,0.0004007584234147428,1.7550519909601752,193035.71023049398,237.2413774021578,993.0237786367761,1107014.4622910442,1.4469628513669854,21.71745559931422,284.4604804231201,0.09393003889462273,1794.1080308130693,,,,,,
ls-6773,male,4,165.5616677810533,470.58967561872726,1606.83646146737,2697.0781929243203,3845.6802390332514,4900.408179231634,16.143059783759625,0.9775861626364527,-0.013479943826332955,0.16031471578053458,0.09734389157163661,0.060078270385060535,-0.06137929130102262,-0.1135693060785579,0.040028675906921024,-0.016269989458179552,-0.13019542726321154,-0.04830669339819206,0.0009002350556586748,907.352101787504,-7.50273997134723,0.00823005893555662,-3.6051566967141033,109006.12344583162,249.2092209741074,620.0048130292918,1037715.3658410208,1.1884608922454172,17.34508807190849,165.63171913890335,0.08760345858966787,1107.8131232141197,6128.2670078962,1330.4645068500922,-0.4055037622932366,-0.6968728222618368,0.7649758648704444,6620
ls-6777,male,4,153.0485109150476,596.3687402768638,1701.5603221683746,2609.45380427383,3427.3355460980806,4787.297103248867,17.15836552771428,0.7779411134648011,-0.14150162966853663,-0.06438386110444072,0.14092881792033593,0.03823022022726069,-0.21687561272438932,0.05772339152307253,-0.24473262073499935,-0.13530429267493396,-0.13543052918379633,-0.06925970390782589,-0.041086157858958194,1191.568495414868,-6.22700159701102,0.021666836036884005,6.969988631479788,73644.48522163881,123.98825360271638,535.9137082511407,619093.2800332949,0.6065657015794387,17.31769780239368,143.81095845631887,0.08791697456619416,1003.7879710486939,,,,,,
ls-6782,female,4,173.1279993249899,510.4355528966652,1784.5618812714347,2890.9977214347937,4006.649110731296,4661.859471592184,15.19683902832736,-0.03221001241499746,-0.04748287521505098,0.22614134766802924,-0.13390520850016294,0.2549536983570958,-0.15642434825613744,0.07955573110827158,-0.08251820309377836,-0.11357548361129091,-0.10702278808070353,-0.03693236583245986,0.01798786337263391,1576.6569143914485,-3.104708749968247,0.06509860207306585,-3.9076904451567804,115024.4157486626,286.7085507044977,413.67718629583305,981911.0474393483,0.9161291888230061,10.258022068105696,154.96369762668314,0.08289791130767063,1036.1455404822461,5560.161536666271,968.4996563360369,-0.46348801062452516,2.8007392626506977,0.7891577822601676,5700
ls-6788,female,4,175.7742807125435,510.7414441380375,1793.489904115653,2825.792178490853,4123.705274526103,4777.919479265005,15.070787733097411,0.04094010013666988,0.07694938372945635,0.18343087656705134,-0.01290265462538226,0.252028829637853,-0.1844595130442967,-0.009261417243543535,-0.043324419491616736,-0.08785871353215613,-0.10627940884858514,-0.018652094364144563,0.0015273035335294234,1347.2058310409197,-3.551566829392751,0.03913579969136066,1.1532714802135628,163140.6628585159,239.8855124638891,744.0464125354003,1139356.0855787853,1.0335369011371012,22.60604941826392,209.01033587234411,0.09499505731219052,1407.1495034049149,5279.690739617898,918.138989407325,-0.15222474205522663,1.3637102149429747,0.6734635871770301,5320
ls-6798,male,1,146.10051432573252,606.3180884618831,1921.870448826911,2676.2025534370027,3611.2330784240994,4048.1887126952997,16.321881266299425,0.5923427302509922,-1.0631717683289423,0.45285632068454473,-0.030171502947364294,0.11185487777694104,0.10189998905825055,-0.11750721029717327,0.0164525658421846,0.07336698730825451,-0.0803702186720889,-0.08139614263551319,0.02657262117825607,1662.027550263116,-6.814507589600116,0.1733322619212352,1.4885685080961033,204360.02798875904,703.8237549463133,671.6060475485133,1207251.691125847,0.7789713332514288,16.98853133074334,285.2518090453229,0.09121907927809647,1163.226673451787,3695.698892646831,575.7398980107577,0.21197348599807006,1.0103758612550244,0.03847560544579307,3600
ls-6807,female,4,166.52237572897343,572.6152669056801,1757.5528934840531,2925.8489089535533,4014.2509009706982,4803.440284052873,15.13187573233984,0.37632139147482746,-0.036020771222562434,0.17312967644353783,0.006517516502996626,0.03494524437390855,-0.132238993638778,0.029486864485003123,-0.07244719731551433,-0.13460618513042688,-0.09225717812318793,-0.058452775903799756,-0.022440001531207978,1174.285460372112,-4.570238720321092,0.016962836159463493,2.037139348096323,106644.21180196368,212.11593564843267,541.1829833792441,830402.5014279059,0.7623138795877646,20.4808912952508,213.12013988892065,0.08538068018281816,1208.2422679155072,4800.329179126538,768.5213552774543,0.3870112401682662,3.835048610113387,0.5099208411727248,4500
ls-681,female,4,162.92500100510753,504.08170618846356,1998.0013592426617,2963.9519302609624,4377.531222851594,5358.32564346751,14.14359948738167,0.4996650752185744,0.00784587467869036,0.1644095436572207,0.3455318530368624,0.11582738701844542,-0.18611897961705232,-0.017910925441786223,-0.13362910287117577,-0.19860164424530075,-0.10881490688949322,-0.10705118617449416,-0.10198173637557575,960.6581189735668,-5.50896602105648,0.010560875474022579,-5.37473864623456,44016.456271073315,79.40008255641888,556.6950837124446,210100.71936165687,0.20289495297906884,15.62476959361349,104.39197149397417,0.07650201243858205,1093.6672374108489,,,,,,
ls-6821,female,4,164.7765512174649,427.5681358971779,1903.9773646237725,3086.3190856920355,4016.816099440544,4644.2312541578585,14.804490315210357,0.47381527407404134,-0.02041497512676607,0.522050806986518,0.04785350328381567,0.14454697397893734,-0.043602496931514564,0.03522131009917048,-0.05953199080303631,-0.0751136080896944,-0.008218556399401037,-0.046948873358530915,-0.041964080764088516,943.8922708036748,-5.982972290458191,0.006555444409039188,2.1088576098553187,205459.24820769794,300.82642064574463,933.5616137126948,1467516.8578195302,1.507421992523117,12.497857607000274,227.38986550499618,0.09704573920383172,1608.214036027076,5714.864574238985,1014.3770895292469,-0.17664129367555476,0.4864436914888073,0.8057579100325216,5740
ls-6828,female,3,173.77382771585098,532.434266350931,1684.3990358668939,2941.4963037917987,4196.049248592817,4604.255008504748,14.785616883915027,0.7861003033353775,-0.08171659481147996,0.24707813460950775,-0.06325559732059045,0.0583612398533116,-0.1547670501847803,0.08855137368941679,0.031161047088332765,-0.11300329371367779,0.033290522757056594,0.024740635024052663,-0.03621741275368257,1038.385632947031,-6.650660274816216,0.012036804639191337,3.367574600121974,147366.36029773546,441.52664364001066,662.8240230327178,962886.6240477384,0.8693029394971212,13.354939817994623,211.59387674050421,0.08405912954895982,1350.2019875491324,4300.981261382509,804.6792729047042,1.3701224143699753,6.00676029513877,0.07426826126073624,4240
ls-6849,male,4,196.85132207041278,353.29400774151713,1674.5212193685259,2679.760574806245,3617.0976351170093,5070.338710953141,16.621101753232956,0.6236460180260547,0.034091491392554726,0.2403045299206948,0.37725722517825233,0.03077832369999313,0.18592443983056617,0.06298324818730415,-0.05454198188146392,0.04701016352877831,-0.0390497844023978,-0.09927862039116242,-0.06741716532986483,704.8256969768709,-5.869078531611783,0.003048461628150357,6.556342644136744,186067.0334654169,177.85307400146624,754.5152586397217,1315483.0066421048,1.7021082351137347,18.968923023603075,286.8997665028246,0.10104769158932975,1390.2738507357224,6145.4870783441165,1171.52162155354,-0.4937797749709282,-0.09040348063653059,0.7988121008556365,6910
ls-6865,female,4,176.30617173074015,581.1636073259865,1868.485166412853,3086.7511643013822,4226.251535190549,4884.675956876081,14.400765186769922,0.12339532596597243,-0.02885637014506113,0.21247589723269544,0.008232704925393092,0.01602278187780229,-0.094425662266044,0.06287260806096759,-0.12409714824279396,-0.08765369614965604,-0.025583526241160316,-0.023835255170323234,-0.003731321429636509,1388.5087569816765,-3.896629208648311,0.04185371970160229,0.45030500882399965,185795.60162855918,364.04031424998203,885.9868336423486,1351449.6235614337,1.0853848457048132,8.973922260502224,199.4056626078583,0.0786457087412652,1544.2854152853906,5620.0055824238125,801.6137954568384,0.1663304240273401,1.8737308325980861,0.8063028594602544,5540
ls-6892,male,2,144.53798598262242,565.0285890094872,1586.4878015454628,2816.626789693953,3683.9554975419233,4446.791656796313,16.270424247824167,1.2752417721076519,-0.34425758561681,0.3863834149339343,0.062142549007880285,-0.01233695817931326,-0.15963537054995702,-0.07060885799295898,0.02156230266752523,-0.06801069343622529,-0.014061285509731335,0.034802919426000785,-0.019471573519702412,869.8716811302322,-9.367726211881067,0.0071378042867879295,2.219849863239771,150495.2760664231,373.4979425423511,909.7035624959391,1124080.210690877,1.1883870905189589,12.940549352068043,186.54241634586964,0.08615387508322744,1359.3558427618386,5813.402019809578,914.9696312038152,-0.42957448071931187,1.022430706804483,0.7613596852252404,5700
ls-6902,female,4,134.11690345679546,433.3679315620245,1757.6973195353626,2821.9718235421387,3991.8143901414983,4753.269826056254,15.405297534628925,0.7715789090893803,-0.0808497107685046,0.3130513232624063,0.18104706353015998,0.15338011968287849,-0.1575720807083561,0.026603558129472616,0.03388367203973053,-0.0917427749699566,-0.09262540050290233,-0.06067768354093346,-0.023087296977840725,854.1239462982403,-7.206672739673374,0.00833397955924408,0.4240582608459944,140500.5654267897,202.55634080103894,852.065883863326,1182986.2950737658,1.353256806561709,14.232619006175511,176.3277890767005,0.09485629897946254,1498.6265454684365,4127.50159017988,1205.1638465027822,1.3529508859709793,1.554351029264815,0.16802653232728887,3780
ls-6904,female,4,161.84235867540815,501.09341660799885,1685.920726805388,2848.580826591983,3712.9399571879703,4941.38456330183,16.033490349506767,1.2602862802074428,-0.17094087329133983,0.24882337006877286,0.11270907917817898,-0.04483604262401785,0.036993187430169105,0.0026749396744155207,-0.05266564680602781,-0.15551099659467735,-0.11696223225114077,-0.05811916154996625,-0.07078805331147248,797.8787743558114,-8.68031043529757,0.003935244696246206,2.5890993331066112,84067.83698216939,166.01353962923866,594.1928821739356,897529.24361033,0.9984763487123066,13.479177477309968,131.88291118680723,0.0978045508287633,1171.999692869812,4898.963641034696,621.0703852164797,0.0501371859069053,7.32887841350183,0.43821038294638404,4940
ls-6906,female,4,179.723021699202,519.3174240085295,1630.3907285819655,2896.438248182865,4094.874735871476,4757.12681963472,15.090408126613566,0.7404884765934558,0.1425157153688001,0.38148858382283685,0.1573449285387718,0.04216315303757599,-0.24792841650626918,-0.043021015021377514,-0.11347908314838867,-0.11620822953056648,-0.11279403927500972,-0.07607608949058396,-0.08606390077874632,892.7381733138118,-6.669760280601452,0.005828861125104961,-7.421447079953884,89827.60893407611,150.26591826138292,941.5104008735655,716979.4051093609,0.7606455825101628,11.517684419593524,172.4441327104367,0.08771548386809934,1618.0798775749067,4623.710373318551,1071.042150779609,-0.11445574909993977,-0.8329361764769674,0.4534010760751001,4040
ls-6912,male,4,148.75448420473234,435.6485814075495,1467.8014141653894,2619.541099513631,3678.038193033333,4896.8007943783205,16.85969652075344,0.9805282528700036,-0.035201612260153156,0.3339404025428676,0.16279762600781297,-0.010499536981779314,-0.01823316244064535,-0.06362470377462891,-0.03614102641842294,0.090180850855383,-0.10741698509981945,-0.18061629408241042,-0.05924035063196188,749.9756042742869,-8.354366065722758,0.004801380843086411,-4.334201646465538,137424.22458320996,198.00518778999958,719.5855103563418,1030865.8123577007,1.1742492162825884,13.452064685733873,162.68151462208257,0.09131665138652054,1387.7364804484291,4384.146139262036,1212.831979368802,0.5178570008169452,0.10351483565741659,0.3319781324882627,3630
ls-6913,female,2,172.52130164891287,534.5354436954536,1834.6648333424673,3205.4438685189316,4084.1383287225162,4785.3135327980945,14.51004710824196,1.015145449529236,-0.08958005416714936,0.5192076211592774,-0.0666493398769753,0.03322648230527835,0.02573899509000486,-0.003512805619804133,-0.0811944586832399,-0.09543243984270573,0.004085367534919734,-0.027127828026450106,-0.05151871564684325,849.8426253244933,-7.510723845005623,0.005702523606645605,3.624869298397549,179899.59051933634,361.6479228442196,724.5377640381633,1321584.7639990672,1.177844652667356,23.553812810241944,307.79936460382896,0.09814292712406106,1545.058924039205,,,,,,
ls-6918,female,4,171.99514031894972,420.7226955090508,1634.578189679902,2700.8209601884264,3688.556803743355,4680.038283100384,16.516367672870928,1.4911183611874286,-0.13581394543438827,0.3280063099924946,0.025046645285364683,0.043731047448986565,0.0941283825250133,0.03627450101621624,-0.0057602840048592095,-0.03529602493800887,-0.10709555022950998,-0.06620853061424484,-0.007734863055528646,621.7517111648502,-9.737987062309626,0.0009487112949763229,6.145597488325011,116197.44801156741,220.76376856924082,491.2093836856245,964418.0622747416,1.2719611789856338,7.4625424320056455,193.54762814582756,0.10429339161029332,1110.5784221132349,6995.452727120063,776.3292457955797,-1.3298829594113688,4.083267300399052,0.9828552583273242,7880
ls-6937,female,4,125.8460082445115,407.61716323962264,2010.084240178313,2889.250113462441,3906.2310294025037,4797.375758178423,15.245394861418028,0.735649757257554,-0.16145518108021784,0.5012575007890249,0.2671442123613305,0.18460958442319403,0.03453127548806094,-0.025754416223240813,0.02828462370189891,-0.042985177419700475,-0.01998243972796436,-0.018203961568102372,-0.015179008101300824,747.5931475356001,-6.794751630683259,0.00568192660661548,8.601565016021855,246077.5762864261,345.57461147212007,843.6126044543555,1642940.4698167266,1.5246587339404967,16.07330441816059,293.89425682111926,0.10430277639546769,1697.02402792505,5635.701631921015,1097.005283046523,-0.09671741685439868,0.29730628424507877,0.718431933374972,5760
ls-6943,female,4,167.95583068912023,518.5715187851279,1856.544178877018,3052.3968252545164,4251.973758308497,5126.5884086760125,14.46423020458575,0.6008941007733097,0.3462198946574808,0.3147511855714408,0.04616021591481277,0.14975447293804062,-0.01528081171112361,-0.052473357800657046,-0.16416883561533374,-0.1965056273570708,-0.10508305650689737,-0.127597169768071,-0.07959474689692803,743.8495623158218,-5.955229261253335,0.0016089789133287482,-7.648675048607162,47908.946086441814,104.29335644803444,541.2827779207693,855085.4197651023,0.8925437172507338,21.00379436257323,152.02116036332183,0.08241087858905027,1173.191063386707,6367.875187087739,718.0297000352057,-0.14438643281996388,0.393946950894702,0.9765034499865546,6340
ls-6951,female,4,177.8036446630387,409.1694624139124,1764.2643796860948,2672.1695992993737,4399.318845493557,4889.349100127598,14.712610459808495,1.0170401929963442,0.31788755168330474,0.06369030526906912,0.2402273522716245,0.2733024259096948,-0.1073874077981897,0.042850064098829965,0.003757598866732249,-0.021265990856307218,-0.08418761198984512,-0.10354014012513055,-0.024058599034690972,647.3489247680387,-7.2589407791748926,0.0013097351499409674,-3.316790118943282,143141.35673088505,167.09730946387606,743.7779934403915,1058260.2592279727,1.1559826356533076,18.50266275536335,219.91840843111612,0.09565057106641345,1352.4071282990403,4136.079087033544,813.005461779739,1.254284061536622,2.4115888858399925,0.12281771264888988,3880
ls-6956,male,4,154.92705297254406,379.01386852937736,1754.724128880626,2819.1570298968727,3671.942516566255,4398.319500078405,16.160850899099714,0.604624628672279,-0.44086939852710794,0.6251836576742453,0.06979303309126922,0.13558295029286807,0.048342959266471155,0.03618199395106189,0.031362234151113805,-0.05834764817763391,-0.08985035653953644,-0.03510920310213961,-0.00642412599269209,1004.3510721256399,-6.111415113955411,0.013763853682156525,2.7353719051127925,155224.6757855205,198.66548543760243,563.6108166376762,1274664.3147447552,1.5638720760075446,12.432832880937234,230.92058601648642,0.09125767835111942,1299.0596452706377,4118.331707787908,1156.196764610447,0.8040922700968895,0.8175488141671643,0.2483990241868161,3570
ls-696,female,4,164.45747671430593,434.06316754290117,1660.989089568471,2807.2064736072093,3848.649686151411,4538.724606309326,15.915493678791073,0.8135032632488177,-0.11734593934196885,0.44141940843356703,-0.05629918763825409,0.1313574160228017,0.028762010555875905,-0.008946928836280938,0.027681859468226017,-0.04197206796305905,-0.10972998523338558,-0.05742649007386187,-0.016335419869275447,820.7297885218011,-7.3021078139410385,0.004259536083851155,2.044225002873267,179414.07995910977,243.87514076335177,671.5153786655094,1281728.1562025724,1.3266801768621899,18.58964646064348,198.5231544083712,0.08981623142776386,1500.3822728445675,4170.224797995646,1011.8031263595303,1.3130425263837406,1.1375798084443014,0.18267743985682783,3540
ls-6978,female,1,180.4149906467287,422.2954058514554,1886.285537112354,2863.2515539885458,3959.200516413448,4289.823084274976,15.276913257421688,0.9811723209082336,-0.5313609663262313,0.3545756401041429,-0.020250536251288153,0.21449448225595186,-0.027393992566238506,0.005155727920289234,0.15547192218855557,-0.10249070424648028,-0.051995802601824466,0.03757049334589722,-0.0570800936077823,1141.1386841813594,-7.6982458522091015,0.0200938686478117,-1.0933430144322003,294460.65774446516,523.2131109969804,827.5555428662437,1669995.0062321837,1.3033619546022335,19.97233882507106,318.70810471361153,0.10325499522539261,1612.6030911356224,,,,,,
ls-698,female,4,176.93163464542366,676.2405839578025,1923.3005767049726,3019.7678818109434,3951.11353876171,4888.090383686571,14.93619473350252,0.6557855552425453,-0.27993579863132045,0.15031577897933834,-0.010440554622666368,0.07602774188786657,0.09471146314666015,-0.020756879089929313,-0.05686832404976364,-0.08474543190273849,-0.03558490988603982,-0.00006680996304268822,0.00834672101848806,1039.17330747725,-6.204127182664224,0.01540521481685777,0.5284892325366324,220803.05970405648,643.9320881024928,662.9877370018039,1423990.229916816,0.7982308666277945,23.89128015446841,251.33090644485588,0.0926196295945798,1330.5567155271237,5180.469649549856,827.488902199883,-0.7250607447936244,2.853290389951145,0.6878035840475649,5260
ls-6981,male,2,152.8788665448277,413.62217429086115,1534.4226079265272,2682.8430848883136,3701.759073733936,4444.576982409057,16.575188078214154,0.7233624882710405,-0.24983900919080182,0.5577438685548786,-0.014934465900858878,0.09368143460801873,0.04474292181414715,-0.09251177878183833,0.021813080605861925,0.03803134874623686,-0.10620966770646684,-0.07214527662745471,-0.017842561266915184,918.0034680074659,-6.660817231181264,0.0110237406761638,-0.7408937974171302,136123.44902914652,251.54921171390376,703.5734390415083,935082.7382869255,1.2002679926272997,17.22437671141546,226.90250389675742,0.0930301087793858,1243.178868575901,5685.701413354414,1096.8471455662325,-0.10056992506018952,0.4560671522306379,0.7823541304376993,5400
ls-699,female,4,169.70657448233925,397.1172404765165,1626.7574640986609,2677.3339826020306,3952.3405486405222,4600.028018278852,15.822473027254848,0.7439256557242518,0.13904512264254193,0.325385930456909,-0.04479019096818984,0.33256543469703925,-0.021512505264070385,0.03027374842467242,0.01101627432630839,-0.060104834131207735,-0.04979474185669872,-0.07593657448403587,-0.030344335932173994,747.846043949442,-6.497338965152901,0.0031219103979014118,7.187053180218127,110253.30293852271,197.61903443358565,494.39070034665474,1014875.6361720273,1.283692301993152,10.366086144114174,209.0659521117779,0.08937043661010441,1061.2497113874865,4383.842677912962,1052.6815356046857,1.1416649113534443,1.5422046536402005,0.17822845855205824,3680
ls-70,male,4,149.86377888655971,411.0514244770668,1757.5444587360362,2607.184677362574,3706.8247026013696,4293.251040239935,16.418808404377465,0.902166580808599,-0.3739287403839274,0.37339861442951044,-0.029708423224968486,0.3090282043719874,0.09877959978636873,-0.05274099546444543,0.056562270476304854,-0.04682448949222218,-0.08306580353050824,-0.0511448500726627,-0.03406814010410816,835.9533511210093,-7.985923961519708,0.007324337787350343,1.6603564887052196,170670.54643885972,236.3849433542136,547.4773801245653,1071566.1749386953,1.09386039364132,11.737221298002442,223.54264285867532,0.09736041133850616,1356.060560129018,,,,,,
ls-7001,female,4,153.45438366403414,467.97031165339547,1645.4779556838312,2965.9410485714225,3982.8288799572365,4740.889817442852,15.217634512166857,0.5720845980096785,-0.10491423017681191,0.27355684378111533,-0.03882682768973728,-0.0005614846956778219,-0.015549947758608854,0.08565045005439377,-0.016868713792588412,-0.09380502385387433,-0.06698373348766623,-0.06767840955295709,-0.04276870445979554,1063.3123808354894,-6.100999839563315,0.010000351851486677,0.020463382661099788,107227.61858491346,232.95999890611571,492.9012503598285,968994.1940070983,0.9963480517342745,15.016357263077035,188.83358343198913,0.09236403393876652,1017.7902690765154,5906.756354459811,1009.090977640926,-0.23041060883570996,1.5809526064369277,0.9231245601650346,5530
ls-7008,male,1,172.21111623162355,462.93744941377565,1591.6924206068054,2510.58893237767,3666.7722320652447,4794.57210236495,16.912739355034216,1.1683243956448606,0.04086222230886712,0.10473747626501984,0.1685837806819775,0.16835063238684214,-0.05549921586852619,-0.052159334068984806,-0.10159803434601934,-0.010846883381598078,-0.08138873640794192,-0.10173027334105601,-0.06372250354147631,708.17548864023,-7.8457836646587475,0.0027011063812810822,-0.27131237358443616,73991.06128510801,195.25710394356804,693.2598843708024,661607.0622521031,0.8749466874506913,21.123457297135207,153.68902409982215,0.08298972863606338,1183.2258505666136,,,,,,
ls-7009,male,2,160.66714430439805,414.54588938558055,1549.6651629939774,2567.016337220602,4064.4493930950107,4941.15684999019,15.860073324936124,0.800639156845573,0.24645146195202583,-0.10300328063937081,0.1020444080489891,0.22354710607449507,-0.03779382472245241,-0.01153890847445595,0.02440690750215032,0.059065964720757744,-0.007868658088699687,-0.0793203414204446,-0.047096422885500984,834.1359996962768,-6.075213504134361,0.007129872637313335,1.1062550156277327,186294.431881729,311.0445647163575,808.6987553556868,967793.7172353358,1.014984250465155,20.472674177827578,221.68608998248078,0.09322521393579938,1266.2173521045218,5380.551521347834,1292.0551791211547,-0.37046581087330355,0.2447991755223764,0.5728373442607276,5740
ls-7026,female,4,159.6786994984334,396.1200984305641,1654.2795216404402,2548.944030436098,3871.5868246161217,5048.7963651193495,16.19719832680161,0.8763158445290704,0.0889171602238382,0.07707828124734158,0.06832554658350896,0.17182245786650394,0.10439416997141202,-0.06796234062241491,-0.0012328888013243941,-0.014982140411991987,-0.07923120241861203,-0.06371543187178808,-0.01882801143166979,746.209503974951,-7.245509873332658,0.0031918677457799614,4.58180471213546,122389.45302013487,272.3079979804043,511.4333908353291,1056362.4083787492,1.1714290535890441,11.113667743452364,193.13381436965705,0.09376910607068248,928.0679574093755,3983.9444905887685,872.3196540095767,1.0898762937593707,3.278250571667723,0.1170819129086765,3680
ls-705,female,4,175.52768509229634,504.02682859846107,1791.198298782282,2800.199474897157,4202.308144651284,4915.8014135955455,14.942180260341573,0.8438574836649588,0.1648676169010389,0.06482753053455571,0.2524803620115484,0.12565982707183052,-0.12210078569723995,-0.028378498805783848,-0.08328291775757002,-0.11370665345592895,-0.12897618020666204,-0.077581642069806,-0.055285324957118645,808.2797124630001,-6.82499301033693,0.0034660666868356815,-4.116167458225897,70191.90914173887,164.3659604265485,618.6515500688062,768615.0673400505,0.8482045160712861,14.030691262589743,163.65806470201505,0.09311658886805531,1136.6624537573584,,,,,,
ls-7055,male,4,163.9503404546099,622.5721481405665,1742.123494404714,2745.8219362038876,3938.233147718288,4366.0447551255675,15.57584278943765,0.10208787096889028,-0.4522581870884677,0.4571343830025712,-0.4797969868517957,0.2832407160224114,-0.06417538234921666,-0.14155158291645314,0.10191578224648323,-0.15343033473790138,-0.09791611547498044,-0.043225901208866914,0.011880416218492949,1919.3631357101585,-3.9951760619449006,0.197216697890887,-9.379126601508936,138214.64243172895,247.70350962679683,466.2136699300154,1071029.471482253,0.8238164243351797,12.777466112780617,216.52271121780166,0.07246102226870751,1145.0429995956908,3975.777576170013,729.8139159743491,0.9877815259807257,4.838581991998986,0.04036048931835448,4120
ls-7059,female,4,169.39082766176938,511.69837636916134,1890.292611024955,3025.5192007784294,4022.1119125369737,4715.587147088188,14.851006560451623,0.7064490023841364,-0.012570975714994652,0.30708903749514815,0.02646072610638395,0.12647303004441535,-0.013593853538343015,0.008954514024748535,-0.13867663412404077,-0.13364235855706724,-0.07501015786964665,-0.0845760530036559,-0.05766116838288175,932.2620139916328,-6.667404650288732,0.00709000119962497,-2.4900065129142286,136412.614107805,197.5992214448886,624.6037834056796,1139569.9560298824,1.030604740529765,23.955255002685796,174.68125666392626,0.0909839421169085,1364.4137062288928,4012.555974548647,635.5620368951769,0.9548970516454609,6.980171450930435,0.04539706890557589,3950
ls-7062,female,4,176.5750956379166,497.0875031021743,1817.1073119598022,2937.4283601337884,4228.568041611505,5174.40120329811,14.585838870755474,0.7872518145597933,0.21528390990704244,0.09661361333877297,0.041598439979102904,0.062297709726362165,-0.023924000947036353,0.02529281185719801,0.013645221717726277,-0.08003143502145409,-0.018023628755848634,-0.020110074629435544,-0.05234013990227553,775.9338362130709,-7.174999796540989,0.0027160838442425984,2.4660203777751057,194125.5070911175,440.79973015596886,895.5230698121287,1140977.0896388837,0.9970028975834007,20.573025339073066,234.90133701679457,0.09237391608025672,1567.0490937478958,4918.11954320145,827.1262636817717,0.7186815232597876,2.0315806892421966,0.5119925571221722,4720
ls-7067,male,3,156.20319607058153,432.8073029548735,1452.844865688588,2841.746517627399,3586.5161325516497,4585.5069334168475,16.631897638580767,0.8590643943598263,-0.18920683489838008,0.5305655856551823,0.15322344962658108,-0.10524289240879625,-0.13624199122402766,0.09513480270954276,0.015122836200205832,-0.063084468112145,-0.053780598269338016,-0.06043923696322507,-0.022163818825397297,900.8632567625582,-7.129490003655755,0.009399532749183662,-2.4656306179258842,160186.9694512483,249.53963228748802,661.104835330983,1160699.9605900026,1.3930400629612005,21.54368184966689,217.44602803030418,0.09614992835927974,1411.1252746566547,5289.49282269568,1105.4284553107568,0.6992449815994283,1.3548731540825325,0.5110346218526919,4860
ls-7069,male,4,161.16614687529912,356.7241969838394,1802.6958139032286,2642.7764093664327,3831.5816047648523,4889.757963743307,16.066477281787364,0.6548997043452935,-0.05564423142674612,0.03382779537541668,0.30814678914064747,0.2049225410658712,0.02490905698335666,0.044436273324054795,-0.0010258875650049593,0.09732635339271314,0.010343246561722915,0.0007425377203670126,-0.04723339280321222,920.3052515861843,-5.857573252973747,0.012468872958129493,4.720967262511007,222107.49445721402,549.2441268473774,839.5692086904154,1250621.1464237715,1.1378711679031086,17.2994299450383,333.878961378582,0.09655448785088182,1394.2689771079158,5031.4586276235705,1404.8352655611243,0.23191263553834174,-0.4793032960807372,0.4468602386448782,4320
ls-7078,female,4,162.11934808958176,593.3874710416577,1926.0977235547082,2961.293208118412,4192.5726888179215,4853.12218180521,14.569484917128971,0.14053318783475408,-0.08478021330740504,0.007360306972738283,0.10789985813797345,0.08897075635703262,-0.11677874892852405,0.08551872307995956,-0.06667594473127456,-0.08401439979156822,-0.07414958614598763,0.0011502002161507513,0.004564705127730964,1427.11105888274,-3.6918209734639174,0.047294382777822906,3.9787539964833227,187351.6048116682,424.038383021089,697.211721743155,1042494.2847981643,0.7602327759145593,22.969855884170073,289.033102792974,0.09601928764897516,1347.5318893074182,6053.994303348494,889.558559349832,-0.1168698249021991,2.9812976961053677,0.8906316807382497,5750
ls-7079,female,4,146.714007771802,467.64221691403526,1678.3019022448652,2684.680680557124,3386.7915698048855,4418.159280574615,17.22928366579678,1.2525226071929438,-0.6017070488587486,0.33505251245036227,0.15278855576207795,0.007340765010905024,-0.026861752306342405,-0.0019431070379045444,-0.07277891868834596,-0.08319567717641449,-0.06100291863020146,-0.07208025276375243,-0.05054340184531275,1078.4314795026826,-9.000695367806197,0.019622175057005142,-4.903883822356381,110972.0841062535,221.9186124222623,669.2597467557651,901090.5491092294,1.038505245047515,17.581182385809896,136.64920918485902,0.08680313753378457,1215.4426577844665,3204.4243894485944,980.2528890461604,1.5234564604125462,2.856979306697398,0.06527667519984823,2890
ls-708,male,1,143.09364554801436,574.5274866370479,1288.8970044589278,2963.9219441317214,4261.599652927593,4600.836470698048,14.971881647879925,1.3963236405556365,0.2783602760673981,0.30332523018889457,-0.29222740383296625,-0.08519461841908116,-0.3171630523363668,0.17491060328580804,0.19176130116557372,-0.10253893808505424,0.05064900825843719,-0.022716967750975058,-0.08397681527044545,713.632947379819,-8.138446066140862,0.0007351642472058883,-0.36765666334383407,43349.29462625796,248.84134284834863,266.8248212796143,,,3.178045455271266,145.1408284236799,0.09393886395588517,417.8250496571177,4128.594527312601,1064.6528782358266,0.953728073291312,2.767123326868032,0.09475440823507508,4080
ls-7085,male,4,182.15317264921566,430.44469839987573,1783.7868158540778,2847.169789328956,3688.661858452616,4484.882864637001,16.038677059461435,0.7242591772628801,-0.30599958563357826,0.4104658139698993,0.02060853411446778,0.15659293643826888,-0.01127554042628593,0.11671096373345424,0.031448002482206874,-0.09042007590548629,0.0024135352365149496,-0.05431401661668582,0.00780696529648907,1026.1471142407568,-6.505112531424517,0.01203498980637312,9.138629046912815,196813.07949357157,423.340640737835,617.8338828747857,1226247.1840022923,1.2415496193937248,11.020054011951938,228.809749988776,0.08697130469151271,1398.7427413633236,4233.2695290458705,1046.3671111191666,0.4826052551628046,2.793564875214594,0.14293165267248484,4380
ls-7092,female,4,171.4643508886332,442.2494967981013,1808.4946071911213,2859.214808113862,3972.4703392063857,4621.476416254038,15.396023152181204,0.5704671510472082,-0.05161565614912085,0.4281166742264464,0.026198650008254824,0.21853114629184384,-0.0854976628947741,-0.009906984048913246,-0.017565683044300916,-0.13088417471300892,-0.07613032609156586,-0.07854185200324104,-0.04952315930709754,902.1143599552638,-6.407148272445042,0.007237698785194304,2.055703552619658,125636.40291817507,185.6004395749501,648.8082212059659,1167140.9680258757,1.326028642098902,9.155347642876134,176.1012744867084,0.09132825061370625,1346.8611412022417,4264.652440466485,516.0137127597216,-0.14492754486940185,3.1406357380342667,0.12177870997253706,4080
ls-7096,male,4,171.2765647332552,424.3077234316323,1660.088693258246,2614.5132446755792,3740.0645527449997,4833.015631601201,16.459897829082337,0.6229036224795637,0.000368853064714624,0.12899689856884938,0.23239746202394698,0.1863309939818279,-0.07833733025989614,-0.020665704515538674,-0.045060953957801506,0.06368036748448429,-0.10608927063283982,-0.11557962588834156,-0.04217681659467358,931.392224616852,-5.840148207669556,0.009845586901954955,1.6939409020759677,149504.68911259755,194.6038073599556,739.8275051964764,1157261.8674769902,1.3558035599285223,15.877653912897431,206.24515232376652,0.09927603804484089,1371.8758069288035,4306.245455904829,1097.1370382548005,1.0930316199169776,2.3475463475745864,0.16452234819054934,3680
ls-7097,female,1,174.39451344876238,437.04724846813514,1790.6176150383008,2873.910768359344,4151.124719533818,4869.825490058618,14.928002253625563,0.9566358787948245,0.056283711969985134,0.1756668553710056,0.29151249040344157,0.1282105787364664,-0.06719302274223903,0.031481968423998224,-0.027729935709776794,-0.0940001170767773,-0.11402233815879617,-0.02639632295160588,-0.04184376358290584,755.1260796139836,-7.6762330045208245,0.0055547811963208415,1.4900231384708797,113732.37441595343,165.40781351524095,631.0891783400402,225843.69454409744,0.25908135008035427,16.437916235838387,198.82233408694717,0.09304519724415015,1313.2132388490497,4413.661841929461,891.3028203178194,0.44440707009889524,2.881294875823824,0.23532797624835372,3960
ls-7117,female,4,110.55484384961653,444.7167655349676,1538.761869785369,2639.6457440675854,3640.236085104437,4653.619407099101,16.77624372483885,0.8276271527999238,-0.08316853074088199,0.3132023143349084,-0.07516923661534797,0.053910624909201676,0.008158005614015286,0.08533940475994681,-0.04444603378850063,-0.014195046203797763,-0.10814617829493466,-0.12908676700109373,-0.04016754365832667,867.1506514322066,-7.100666152000377,0.006142436883754549,-2.7799329746997845,94135.0309764333,176.21397299152972,462.68883444266214,843014.1959587636,1.0807176092448882,13.179178021895286,138.33413928648162,0.0902215874851125,928.9967607063501,5126.271582201869,841.9040205783369,-0.33151320655152966,4.41137997775712,0.5431153942301592,4960
ls-712,male,4,159.40550941581995,524.6998363776113,1512.2868941954166,2541.6322626866404,3867.8145676353793,4776.710346774111,16.38708248592792,0.44230824640177896,0.1755259286901813,0.1380413555558064,-0.16323468711935762,0.14085676676117317,-0.10456878915053719,-0.042405592968453414,-0.051876912897005384,0.130867532887134,-0.14577204911782893,-0.08509206787835694,-0.03722444281326196,1055.9683570185157,-5.0502052017698045,0.010860531840618921,-0.05648075099260264,131130.58153454194,287.47728925643275,510.39451902980227,949739.6798145017,0.9687009698589856,22.113862071419113,246.06165681513582,0.07641287002349204,1305.4459939558044,4283.917940824855,745.4638431824219,0.5311263270121707,2.385639981772472,0.1679320946770006,4040
ls-7120,female,4,161.38560855905027,505.9783361421339,1763.5504316062236,2813.198330679765,4178.446762401785,4913.1039321199805,14.857107016361123,0.5341928674777358,0.3686664581219715,0.21443350332079741,-0.04632177563101071,0.2835069510995643,-0.04754940954349673,-0.07078401756123351,-0.06433942740106782,-0.10798804348191485,-0.08047933796014484,-0.07852922122880515,-0.030881648929564052,891.2083079039746,-5.3430435080215535,0.0060749534057287806,3.5355480338375465,124360.55074733948,211.73984633601185,558.1400430535349,1196946.2197728711,1.2548666626194027,16.990526878064436,198.38763223568338,0.08530997673091839,1312.0119852256248,5727.528183723085,859.9977704317955,0.11250187873364748,1.3136981726775843,0.7100200315228151,5190
ls-7121,male,4,148.25376400640198,485.92463152767994,1406.371157827663,2494.049533329987,3749.171868687804,4792.762491626163,16.89069883041954,0.6965951057625619,0.0761599830836388,0.15709771800082095,-0.12514167012591604,0.04253857180845452,0.03127626122628158,-0.08270977346677238,-0.058892118232864055,0.1896236045231726,-0.14911395607961755,-0.12849092310339844,-0.07222506084990403,1045.0714364658097,-5.485305027981701,0.012022536614557686,-5.260572533977653,102156.16197602538,152.94672034902666,409.1164562771397,871446.6850636913,1.022732242237145,14.706897677429335,154.74386867038032,0.08656661985821926,1077.9924631149333,4434.619742300683,560.956223034833,-0.4281688443230116,7.406885310873095,0.11735731024520576,4690
ls-7126,male,1,138.0583532312773,535.9401263632459,1569.4279550837243,2610.938274845135,3665.095161074172,4708.657050114245,16.721806351655164,0.9156829324779744,0.054730714474662726,0.15509899697512827,-0.034653352531334926,0.03390144403450453,0.011793186219990712,0.014415657259998434,-0.0397051390962181,0.02319416621681051,-0.043413009776687564,-0.058629396121394776,-0.01596736825918961,738.8383677820055,-7.751102359805082,0.0024441159248310513,1.2243401709248332,165674.56671944025,349.099673824607,686.6252497710254,941243.7534241737,0.8409127829069252,16.80152132978367,225.3611372076191,0.0946358686537142,1520.235819526234,5617.092688901863,976.069008726495,0.40969261111881417,0.7366205394843961,0.7366312904797221,5100
ls-7135,female,3,142.71999116152367,471.5050354707415,1839.4450132923548,2862.6093490286294,4076.6216432253723,4870.163136917444,15.200654613347776,0.9349660413916984,0.11626590170809006,0.29703933840987934,0.1923805286992904,0.06032509615192993,-0.15376678985374315,-0.022742227887106406,-0.013649731620567129,-0.10512408247489005,-0.10370051414393558,-0.061694838829040755,-0.06262892219637645,708.8691135010395,-7.85131265473019,0.001963955687975915,-1.5627114057216385,138770.1536796623,174.02407555005823,770.509436030696,1022921.9983089903,1.093225083201192,14.560729812909042,301.106974623256,0.09311882128654472,1546.7772035415464,3610.084868128637,935.3658245979382,1.3753486918313724,1.9892336442145813,0.09075319140004968,3020
ls-7140,female,4,174.89906401459072,457.11481450220504,1860.5653968490112,2639.2665540804082,3833.727629614443,4465.529220886918,15.932284073142126,1.0283713738589582,-0.20947211972561092,0.265203777167448,0.051361508081260554,0.2903046665603267,-0.019001022032655093,-0.07389014091312202,-0.06718077357519173,-0.13197209146760308,-0.03050387585014523,-0.07020760566548592,-0.06542302959987376,887.7777999697119,-7.652744226368819,0.009000600489121473,-0.3548481654686754,126413.49062512664,186.07664550096285,637.6455197639532,1233280.9988816269,1.3371484115801955,10.07439649143446,198.88747491576044,0.08835039859217958,1231.9785466365536,6910.753213895368,874.9153019691032,-1.661035735621859,9.179742132764805,0.9735683156053074,6660
ls-7143,female,4,149.28979967847403,484.52423140317313,1721.1613891341776,3164.5569093999034,4003.9784455222325,4962.752486646327,14.899094819347436,0.8566915110433657,0.008774968500094207,0.624787369813175,-0.006553842180058167,-0.041160306522640744,0.07166767711025221,-0.017936446205646352,-0.07385352528983093,-0.16572547949788974,-0.05716153738105054,-0.03406432585595334,-0.07235440315687239,747.8870635268706,-7.283025913720481,0.002939698961015167,1.488000321556242,118364.19182897054,239.4153758325482,686.4088280340711,1088638.0690514147,1.1895958508388544,17.072928931229846,179.98569643844587,0.09104767382316331,1419.2440186393483,5932.662093291648,959.6657177340182,-0.6052327744637924,3.1231347529126126,0.8518890656843789,6200
ls-7147,male,1,151.26580662684592,384.8306894013216,1567.9621543256876,2491.3276999349573,3550.809141153432,4781.301806853643,17.334488798576334,1.0814067155243179,-0.21619616808010766,0.2604802872665371,0.14960593290370125,0.09968554230320917,0.13759809349681731,0.007771651846061211,-0.060124637057978096,0.03348059287020705,-0.04266679867421843,-0.1336202012039166,-0.07802289576553893,709.6563340817121,-8.080244585392146,0.004662277184559499,1.4869773877065342,135426.43091008536,166.61053254202307,514.1556391384365,1137144.2759292892,1.4070941696087753,12.148428636595673,246.5886418390976,0.09921026351548307,1136.8799005242518,6408.497575529635,1370.9404595444405,-0.6977877600808892,-0.8202834259204748,0.732414111364278,7600
ls-7148,female,4,154.44634516958627,599.2906579664099,1849.2654530084546,2865.241020348257,3798.1858045374324,4781.816554482251,15.657409328708983,0.41971224123467704,-0.3174190463914156,0.256942720634817,0.07247238442621132,0.05080615512125359,0.03729156494449125,0.049414889391744724,-0.03806545654414511,-0.0009612816549631478,-0.07487743620840187,-0.051999755768004786,0.033783657688231654,1094.48398770088,-5.335433376524777,0.021762016089054856,1.86651360471796,235267.99934918946,685.1736987893632,907.7693657887824,1216874.1335048487,0.7584873598015942,19.407993757255788,221.5796842293575,0.08702895817378606,1612.8500133893372,5334.458911192647,1028.8524262634146,-0.3396816841250646,2.320489160251454,0.7101166569826272,5430
ls-7169,male,3,165.1615684723351,431.0943733634899,1594.8747976119619,2716.062078388956,3721.969770414404,4528.321999299969,16.343812722237857,0.5513992404695675,-0.2643197249951185,0.5070673698052792,-0.06582544525405566,0.15933317101367955,-0.07552015109770592,0.015071757796007949,0.01922273699106049,0.00817148802055564,-0.10722960267016257,-0.0943723565069741,0.03626099374126093,1178.9721863751954,-5.450525513322329,0.024250711841703267,0.5114410341554472,165395.64647505194,322.53284595966215,525.6386788046098,1405173.8721590017,1.465548193888998,16.23329223324487,243.9016214586675,0.09119376903436671,1384.0464247377527,4996.282473502237,1168.075173688215,0.3945278099486422,0.06492778302232516,0.4256496431928111,4480
ls-7170,male,4,158.49469576685078,435.36493175948954,1631.285647365516,2911.4702937597276,3485.9343642221866,4564.904182751707,16.558124276300525,0.6410213724880892,-0.6354375524106489,0.7272423528588713,0.21882600074143116,-0.16782023066218238,-0.05663062702764026,0.15248565623758698,-0.049978226179828056,-0.10923922699797428,-0.1103880250470946,-0.10930515071040939,-0.048774042916502724,1288.8050090309637,-6.274486159652373,0.05086779030691127,-6.494227646541772,100163.31041159634,161.67050745185173,622.6217457167097,1155134.5803920375,1.3282491015559237,21.54127452068991,153.60407744225327,0.08444303013236562,1391.8542045161896,3866.419651079835,974.5306959606562,1.3716577676455188,2.2878736763005207,0.1270341538027357,3500
ls-7177,female,4,180.53411042132677,600.3134558311525,1823.4774501113757,2967.248445439566,3920.2665196360385,4729.140106538253,15.208413138244765,-0.059414585523826516,-0.1063522638151722,0.3804760320162154,-0.04600650632074586,0.014689291244205939,-0.1851714287492668,-0.032042509107540536,-0.1353190237346839,-0.06201725209069651,-0.13338497080881961,-0.06392457891196288,-0.03224790534026467,1662.2922878802547,-3.2534252774786836,0.09914982889280388,-5.160860101406894,146988.040103763,217.43751392009955,944.8654688093604,1044812.4277835437,0.9141494749384755,22.161877023402443,123.609355028969,0.07612325274449112,1463.6614129837117,4232.540465022697,566.0178301212126,0.49986197768259755,1.134426814622108,0.11675300558361341,4160
ls-7188,male,4,166.90399131584846,396.5711957433539,1713.3379107914502,2700.9254210568697,3868.529916590409,4743.281625278318,15.943341609475308,0.8013893295938614,0.12424376692289249,0.5267880171286312,0.18025021467972202,0.19907852205884344,0.024920816126229914,-0.07232118690260397,-0.02832023734557327,0.008737200604497177,-0.07591779172894267,-0.09466771103950045,-0.052660772503422715,610.1745522320948,-6.333120494598599,0.0015951868077347395,4.119413303210797,172438.69327454187,169.801501966226,1000.4107242996798,1366752.0418127337,1.6973360433876772,14.37955425952882,291.90725986259895,0.0919695847100124,1545.576952558114,4674.659663979492,1066.876741499675,0.4943160356945007,2.2556629655695373,0.3357275858741048,4540
ls-7198,female,4,146.90283184349988,699.6492554818918,1839.4409168874192,3094.464189699401,3852.136073285351,4519.0782460193295,15.080490170359132,0.35900264022236744,-0.3871406136062984,0.2524585581079221,-0.21143946987828333,-0.018608392062843346,0.0023019391273450688,0.024499383354138187,-0.07082399981232526,-0.08020560268876581,-0.03503017849673451,-0.03564597368325473,-0.00753488019860283,1424.1142254451145,-4.278537468345595,0.035693653035645326,-1.4849245378019043,173023.58905515,465.6707378738472,687.5190422540394,1107976.5412699457,0.7229747794402862,22.352998974713017,275.9953292221546,0.08801472004013314,1308.1835223646003,5393.571633628418,790.3329089684942,0.3811243154378956,7.048562632829808,0.5402918680979005,5550
ls-7199,female,4,127.91186771706805,413.91489589743014,1760.264974228609,2800.72701313463,3691.138771181129,4864.169465743943,16.066832995662693,0.5769739405650693,-0.07683211155302672,0.2689587127608946,0.2322646082881366,0.025625298638267853,-0.028624926529855363,0.060346333858836046,-0.04564730234695696,-0.020868189701128075,-0.08098488311657615,-0.011362042727516192,-0.00016381065849447023,959.7156423833128,-5.814854391527052,0.01172272367870492,-5.246379019799585,176214.6194523591,307.56109135564975,746.3155425744864,1133965.4336310322,1.1903208483838505,15.577999708572625,212.43816762789066,0.08483068978001829,1397.6563491858162,5655.950355483097,1119.3785888360278,-0.46368387245699794,2.76842619817557,0.6558320701486454,5210
ls-720,male,1,159.8397151965209,384.6152340603692,1539.608578950588,2680.0028053570913,3366.052964021857,4890.269632915377,17.51425086810484,1.0636599368930149,-0.2913579763385051,0.3173255678247378,0.29421046592666744,-0.07484690156481304,0.08992910395812234,0.17684772325009718,-0.0734787194397605,-0.005253417037370709,0.036534262366216055,-0.08974935384509806,-0.10296413423764932,761.1041307886372,-7.611990814460508,0.00584274146643947,0.8039823952184622,158062.2569806351,180.27320185725728,640.0979483227395,922243.0183719033,1.0941285182256624,14.42176148925379,221.4713643558139,0.09211083241386037,1107.1501954307323,5059.547963103882,1319.1037664231594,0.24556808524661383,-0.3205065486791878,0.4338052973367513,4360
ls-7220,female,3,165.74144221476374,765.1876619030851,1789.3645365882135,2795.9117563764034,4163.65610540351,4665.8841361261275,14.93584838560499,0.8675925610929838,-0.12128511287713242,-0.07661506837584219,-0.20193947281629304,0.05322471302556699,-0.2508750158624491,-0.013435980829008808,-0.04516129406876728,-0.13586976387032088,0.0007692556664785917,-0.011972160897870916,0.044116444824188306,1114.3642121843432,-6.63463350711455,0.00967668200005787,-1.298864066413783,100139.4166564454,267.6901985148211,534.3815175972122,747582.8101247536,0.5203353010466097,23.127736816512893,151.93931608446098,0.08782432425175149,1115.1680509082325,4950.225569468682,1024.2464605705268,-0.1252675019973772,2.6966907518073224,0.454856326319069,4700
ls-7223,female,4,176.06649487471742,444.29763860530426,1955.9247681523518,3047.67875248999,4109.927588376925,5499.999999999999,14.611816200180876,0.6752423179730433,0.06667891663595638,0.3491908668031035,0.1673907671251499,0.1506778050178894,0.04837604111936242,-0.03878012917752106,-0.02352256304617041,-0.14482789453982461,-0.014148607958760873,-0.03021684427062634,-0.08356558241409795,808.3138647703406,-6.42575314446209,0.005398012257863334,1.279768920241255,127846.38108853756,227.40566210643473,612.067335664755,1298265.686413811,1.3222256105400874,11.77078281997324,171.45376358599194,0.08585712312074258,1214.0417108104934,4511.6877396828195,967.3197186432118,1.1869304233571867,1.1499257780679164,0.19292296828460806,4040
ls-7226,male,2,151.18128363035058,373.7086565982061,1558.9342886417976,2681.5953776945166,3700.8279917718137,4225.588048726225,16.567777118969623,1.0388360465566713,-0.26751057003028295,0.5820550953070502,-0.027084701885288137,0.08611848872052433,0.09433286874297866,-0.02955569458784423,0.06213349238278505,0.014623493632631528,-0.03676673156553334,-0.03081176623662445,-0.04766324855302618,761.0003946750178,-8.120828129594344,0.004657580536044695,1.5175122260967124,152289.85400615275,221.8449065780522,677.0029952512377,1216246.7131900284,1.5930595646618968,12.076830773174438,199.35804950898356,0.09400983553377909,1303.6200182325524,5627.256936308178,1238.6976630379093,-0.12811062009207452,-0.26695900294127584,0.6861055492071169,6020
ls-7228,male,1,157.88976363730546,383.45719860058506,1436.488611477138,2473.077836629344,3805.711374073549,4597.8497425604355,16.81987943099548,1.0797417403521916,0.047280946037773434,0.31369844930565244,-0.041838584863135755,0.2565386620042073,0.057302902439681946,-0.1088599766000389,0.013687706379471082,0.01913544975507023,-0.05119171744213249,-0.1068790541080799,-0.09599994428484258,593.6022520649174,-8.128179588587424,0.0016055047117819387,-1.874155248198401,149413.05060931094,191.66648446256443,718.5241635200637,1471735.6292327053,2.093688717286617,21.818417138218287,179.30648421803568,0.0926099402848723,1319.3077235309095,,,,,,
ls-7229,female,4,171.6272062745341,507.4463535869747,1613.5857993157215,2967.2875021951227,4051.8496665653024,4770.043627986197,15.194894845297556,0.17345016402931596,0.017621988196127793,0.403915333256681,-0.05085707303006108,-0.0002197718926839078,-0.18601898971242803,0.029880331709511123,-0.008419659179127799,-0.11732315316981212,-0.05893877628444423,-0.004371335564406509,-0.03626363622235185,1438.4802560674793,-3.908876373770877,0.04997162440547963,-3.445149652212759,155276.92998757027,303.82776357133804,805.4131016243655,1078901.6600787113,1.1415286457674259,15.538995679325971,150.1332764069074,0.08412296437108291,1487.1760377396183,3938.1822864591204,793.7974170616071,0.7964037521960102,1.2528413942016259,0.11686610646046441,3710
ls-7238,male,2,162.13864675585518,401.5731491420803,1759.2570094628047,2665.15571711121,3814.579152428295,4597.052680732695,16.088212741646963,0.631327218152415,-0.297052673251466,0.30571420885116407,0.07353278800827988,0.20248232762296237,-0.02746899874500023,-0.07574842736094166,0.014163009349134146,0.045473001832820124,-0.07303565271383414,-0.07393697803116728,-0.050315469481263905,1118.264030529636,-5.825606788748093,0.01633811217427712,-5.546346941278623,122551.33601548546,185.87113707051128,770.3296252114344,712476.0221865478,0.7933540350626274,17.82704801134966,167.32999520024276,0.08208905458414045,1213.1617631067734,,,,,,
ls-724,male,4,151.88964867928894,377.19840676818546,1533.1208074043116,2600.186327880525,3683.794478217722,4793.412821928941,16.80055150916116,0.9061262730478585,0.022537435787262475,0.22933591219060862,0.1433839270725536,0.10001799145742296,0.03578404231824144,0.04804644372851355,0.031831949862057236,0.0745765930547278,-0.041043475955951564,-0.08125158268449283,-0.03730169738773405,713.6026117686034,-7.135431358926775,0.002686671885830903,3.122586988674395,172652.02934827635,226.18294814737715,613.2336639592519,1057018.407781062,1.181936804282582,17.522902614449645,291.48711695229423,0.09611352925282668,1441.8153348214596,3828.886120950655,879.6844011297469,2.0677934120905843,5.624969359322445,0.08728204910093554,3380
ls-7240,female,4,176.7968865574183,485.3182037523707,1685.3153940173765,2966.83164922498,3964.1727968956393,4731.223152743107,15.260275945179032,1.0590836156254078,-0.13914179252156733,0.3883562509640578,-0.06194781674278527,0.07349323143410441,0.027017024141759154,0.03481090316785476,0.04914308140445922,-0.09751965037967217,-0.015923359851224252,0.0037543138673476863,-0.05338389695991416,809.6175709982203,-7.599618367774516,0.003925519452551556,7.488631669019288,150487.55588956157,345.21411845273235,655.546644902114,1154301.7306116824,1.1810014036813008,8.129511446552065,224.9476113132009,0.08913088193326532,1236.0213188096775,4339.0342462817325,819.8677995387635,2.2065852796072183,6.360731319364149,0.07759513969779937,4240
ls-7247,male,3,157.77860271967074,486.6591186303537,1574.5542337366112,2432.106879328623,3693.4672993540726,4837.0186188228,17.02949110120958,1.2252618758462794,-0.12146931439067972,-0.017476827917971692,-0.007444787599041799,0.141316405656378,0.001880341063966146,-0.14560859654094033,-0.055178030875705476,0.0314880019058428,-0.0746374896671423,-0.11891176031510683,-0.07273047052476775,920.6863489595061,-8.363321319933275,0.008795441320360548,-2.098767759161671,126376.61635948034,193.91490997435164,627.0993592894454,785794.6230527074,0.7652214844608917,17.964288215127755,180.36001474079728,0.08771514464882985,1219.6294672503195,5218.224789448859,1034.6706200230965,0.4606707354831183,-0.030412918813387257,0.5058060671092723,4440
ls-7250,female,3,170.30574598656673,447.3041721205399,1627.9013059974332,2955.2607372215425,4199.2486806204715,4667.385356142187,14.864404602526244,-0.004938321442355113,0.10421638117631207,0.45178389511896033,-0.008342821102441885,0.14160567628629991,-0.20815265719537115,0.06458174978306504,0.022971037371347792,-0.11371711376151171,-0.0735769857676978,-0.06062359540311456,-0.03474404661445295,1042.852857251045,-3.7936087537954823,0.012344174664865157,2.068674769087664,133592.79916974137,219.76436238817087,918.952370885386,863752.8702404231,0.9318758813048417,9.544620121404835,231.1710426951495,0.0849644124364755,1661.5185078421982,5929.320689514054,868.9614038488504,-0.07962467177979039,1.2469732946060117,0.9279267662558762,5940
ls-726,male,1,148.3236768641794,498.73268871841753,1553.666697973233,2517.340045237393,3764.4977024714517,4846.005398683241,16.66745395777547,0.6060176928776162,0.0325541067547277,0.047345654903253175,-0.022312153246516836,0.09912128484874283,0.0661803295748111,-0.02258619099538433,0.004475530751077884,0.04897493001762893,-0.08537119538847696,-0.10040580852173471,-0.042907416629714035,933.9690233414299,-5.869735039089017,0.008039478422395418,5.228695302616554,168014.22458130796,316.8579552470223,469.11692065315196,1060448.0265719043,1.0369414379615824,26.189613024121268,220.89285182411035,0.08342826210220981,1467.919041133509,3785.0236785713414,942.0381911761127,1.6600214322362778,2.9360463427218986,0.1366475514527736,3360
ls-7264,male,4,148.79153458103752,403.2496469530612,1575.4483537263204,2725.755039852669,3481.107922391977,4930.3539585044355,17.03386834967538,0.700917237946924,0.021623534651241397,0.2137663127723462,0.26231106876210697,-0.08384203340706417,0.02079382604803269,0.15392629973785138,-0.05508144219509099,-0.013265871847083985,-0.05610391080435913,-0.07346942228868383,-0.07784390449607298,869.5205930255318,-6.371348926606835,0.007508784987308866,1.104358779634385,149333.13764045475,220.47801388583582,527.0479978881439,1034707.4643433383,1.3041437190811078,9.429672925343706,245.15195314478328,0.09175807541185838,1288.0404391307902,4660.881645495847,1001.2493141770972,0.7397559037393449,1.0176257957733341,0.29240362044558244,3840
ls-7265,female,4,160.17465683788797,465.6782557685257,1681.9473862549523,2936.488961827573,4026.127280530697,4690.725758746199,15.219965061067319,0.633137211244496,0.1152814708577278,0.29632265745533076,0.010428407033644348,0.12846456726576383,-0.043975218714936544,0.16763662350516823,-0.0726073717630104,-0.16523068842119124,-0.09444588399841111,-0.09753407391821839,-0.05622733540935325,831.3000522819123,-6.299246032696729,0.0036849502757525226,1.156193405904426,109217.21165305357,159.74584860687594,383.54091555263267,1230871.02102025,1.3586537327218586,9.9084590614304,204.93916387246173,0.08859771088660967,1083.41195571856,5918.085980464338,865.4194751657611,-0.09328980553097839,1.0764283813668143,0.8817904712617304,5880
ls-727,male,1,154.49785190612556,444.943531395691,1667.4167590254804,2676.870226781235,3828.292743994368,4882.600238593994,16.107967070194537,0.6677483526649058,-0.033456708205041166,0.1258520306165875,0.1850753600031726,0.1510270974019313,-0.03608063204243012,-0.018172368453475127,0.01740431544051728,-0.014076383830884632,-0.1211591311266018,-0.07767629092778848,-0.041487015352833015,887.6581694541783,-6.40471762839009,0.008186841661069803,0.5265912561327507,147223.20100236373,264.35635037440926,516.3614478714642,1001162.8892285178,1.1099742136978688,11.79127654388929,226.60245590402914,0.09602407305038556,1141.935011226891,5450.082624534944,928.6420221250206,0.3532739859656256,0.497653671150577,0.7001817737808511,5080
ls-7277,female,1,177.12953802088975,416.0149943384873,1818.8572548689322,2810.260146646381,3827.1915682705603,4562.483282466746,15.733964234706347,0.6319694190078132,-0.27749046019367696,0.34698346657841606,0.12275424604871825,0.2668441542303436,-0.03626606914757469,0.054072455543099675,0.015585994972952093,-0.10418420640572834,-0.07971275518116502,-0.06064415916019444,-0.042208111094777054,934.9812902590339,-6.553804745744802,0.01208103756371387,2.3115844355044337,143916.7283357176,169.1947089657669,584.7978222824609,1113670.5673819096,1.1756156219435416,7.202460509746803,190.7494981532613,0.09198364012690519,1122.0521844109999,6598.030993763879,868.88939869522,-1.4822101532219465,4.552159844384221,0.9507412879222537,6680
ls-7286,female,2,179.42246871169039,497.4471430915339,1476.759480024804,2768.923486509022,3817.4270580119064,4809.854558226158,16.157415628779173,0.597751307895033,0.0730380203131691,0.3191032626341716,-0.04999993352774394,-0.031511075959474506,-0.056010252962463515,-0.05952455270273832,-0.03680245182737152,-0.021502851000585993,-0.16574405863927838,-0.08008056060533594,-0.05565823418668564,1027.1285201690507,-5.502257531458429,0.008839252309155499,-6.123709195113801,98718.14874511605,129.2556860352846,656.7180606645385,1119506.3639684597,1.3485402480026338,7.96449932610194,145.35197437706,0.08843337097046171,1229.8830183287569,5069.449976310752,821.5662266772936,0.8236677744590936,2.5957004655180116,0.4104111640348734,4770
ls-7299,female,1,172.69915849923433,456.3021382172869,1389.0546587899848,2724.040319998254,3717.5166641573364,4464.084737292646,16.60405906132618,1.3914344339588627,-0.0879284748995522,0.5059401336785623,-0.019492105007883183,-0.061885847714745576,-0.0330128375021339,-0.03254306396251281,0.005971878775063566,-0.03616208521232838,-0.042674418854282394,-0.043166453375504746,-0.07010965740538984,765.2707075877931,-9.486846399245707,0.002591010677861642,3.5565915936707935,115685.36727376089,153.8243373422647,707.70748909297,917770.8469244598,1.1633991139853421,9.686751093215157,209.00803525652293,0.1077350934815185,1282.0401687941805,5598.811411443858,1116.1685216519222,-0.19049117236637675,-0.6865911744285591,0.7115691603690415,6180
ls-730,female,4,165.37465934106194,365.3598602306117,1743.3746641210205,3013.2869236573147,4183.200116699754,4608.57131713047,14.725539586246533,0.5581257183771904,0.11733221612934382,0.46383547672706016,-0.006125573723708418,0.24925839407652506,-0.017336726618075903,0.17518543839353024,0.021017149636975346,-0.08873780482304192,0.032172611088207764,-0.05451854479618683,-0.004292621373285695,686.9429758192978,-6.037451283706362,0.002167376523372954,6.811685637816748,158966.82069039016,207.6849897388416,584.9092572554537,1210573.181726236,1.4842389862381775,21.053379290004493,246.89603581322064,0.09342786574878867,1315.4139131264233,4742.488218756163,827.9476996400105,0.855173948868226,4.152965538865096,0.25945398830893585,4650
ls-7302,female,1,174.08895855048104,655.6943087747527,1266.7813800911847,2980.9098235265747,3984.666602390074,5499.999999999999,15.554484424901604,1.3000842663535825,0.281168171348817,0.35169853441207377,0.002688285584038513,-0.2168915480455282,-0.07075676189692667,-0.08052926766555199,0.014299258386157976,-0.08658514318166088,0.022180137155877903,0.025563519607146812,-0.001296017756462891,726.7601575575773,-8.786303351894158,0.0010559799028761292,5.9972924463937645,148860.1510826641,421.8405017078484,702.2504199788182,1533769.3870366737,1.6746114844401943,7.305550108654489,215.3761997406656,0.09818971023687961,1165.2263866087073,,,,,,
ls-7307,male,4,161.96730462096832,448.62458108378803,1491.3850861062351,2643.0945033616317,3547.616479422508,4627.061267556514,17.212776358150663,1.1910837427948162,-0.3328991474218214,0.36189440717146604,0.044510710120997415,-0.051303831256318946,0.05755564375852858,0.036291459146811464,-0.06306336217308625,-0.0061940759080231726,-0.07738537037264454,-0.1160870290968278,-0.0580408685079312,930.9862422828477,-7.992311195624364,0.005899595193680999,-6.65141944413791,100415.19103525775,186.7534821128673,524.334503013933,882396.6516216069,1.1161154729458376,18.176137317147536,175.67248555496326,0.0901015630142861,946.2377232355645,3643.4009860154056,1304.5398461126601,1.5113759529336015,2.311266629180409,0.12691258599785327,3240
ls-731,female,4,164.27556639296859,393.2280011366804,1766.548676750719,2905.3899013148935,4074.582144985262,5106.715650096699,15.046645530883406,0.853034800232807,0.11883606315138773,0.3547279856889364,0.2262621546827194,0.15281795365281814,-0.0025386153248803753,0.052317145823520886,0.05906857852749108,-0.09551999710353956,-0.06341418372671721,-0.01908116678866322,-0.026994120193132947,574.7924418487689,-7.10984339658885,0.0011278598644933822,5.890651458843001,160552.37964758876,184.69458236535493,718.1444581724882,1085843.3040019195,1.3235999530851248,7.2244618205149,227.47481410471696,0.09203954131292831,1359.360244451408,5260.301541181858,660.9916209976213,0.9496975773049006,5.595184413478441,0.6429308548291728,5080
ls-7312,male,4,154.13501279433146,413.10102904674176,1609.5043581661325,2644.9857361785075,3755.46575721742,4536.988703497463,16.440783206974622,0.9827468600286384,-0.2345321440553872,0.43987259902125014,0.059864712438322636,0.1458318026596951,0.01954406281272735,-0.09907812734317673,0.06670619807575867,0.030825550230763245,-0.13255368153591068,-0.08174945244658646,-0.023383648819606855,852.9537872017675,-7.5669633194288926,0.0064426938620436944,1.883627658220521,132116.75972840306,221.64459758885585,627.2620935313467,986616.2810307919,1.2257960045966207,9.814930701568358,194.69820946612666,0.09395524843717096,1291.754569876754,6084.381706692649,968.3213807850871,-0.24124875988173644,0.5609063386992972,0.8691641912838203,6080
ls-7316,female,4,173.4814552905923,537.4333973996058,1809.6528058548638,2751.024159281743,3857.0271836605666,4594.743219897599,15.723164896792234,0.6001996895709589,-0.3217041252823543,0.22558139052634868,0.002215504858605783,0.18163097555358398,-0.21778409700590748,-0.07232790516524883,-0.01458783598263859,-0.10440769080733453,-0.12728690867339065,-0.07172490733786382,0.0032456472921103636,1251.826289217099,-5.819719617633064,0.03558953735252497,-8.253917536641808,111138.81798324375,262.5277795889457,612.1310371109522,777188.2760618902,0.7289366427613418,14.132019955191888,123.89674151636268,0.0875667128502677,1212.6792941642598,3534.56296723796,877.9055899649969,1.485105131411322,2.6564914273800846,0.08266389560709544,3040
ls-7318,female,4,168.9015805184381,490.93708923093743,1870.63096635716,2830.0491719413285,3907.5961992489083,4937.304599507839,15.49124885391086,0.8031994867507445,-0.15085706635038892,0.0625445248946023,0.1849946774724181,0.14011153482634298,0.04266462725298118,0.02705246661053809,-0.03982299366706406,-0.0948782933999987,-0.11244289567966262,-0.06125230486916691,-0.022259032129232824,1010.9713707914917,-6.573975452124638,0.011774931768080976,0.03654133838848794,188876.76725084992,339.01322326303864,622.3196466461575,1339021.0805334118,0.8948231516004762,15.097347641077405,226.3144541842027,0.0887376673999899,1314.1374629618037,3842.7556428320095,936.5567256437716,0.9289169305252021,0.9191033056843807,0.19701437367224042,3380
ls-7320,female,4,171.53212732267073,351.0540340889313,1823.995338043549,2826.0454891246272,4327.848393369275,4903.831741154886,14.664958259028756,0.03550039809042227,0.35024975411327164,0.1933818299813424,0.3098328679050045,0.27817661557503426,-0.15125761317725844,0.11597885316825837,0.014531606285148184,0.027857634125216114,-0.08562113747672526,-0.03663915664235615,-0.000796431796179322,916.3459079570724,-3.3171940310188415,0.0066045565263780776,6.264395328979674,234582.9227560049,161.75791157077975,951.1140208072572,1269400.9547967534,1.455346599588585,7.619785154449578,267.33760751092996,0.0970269814526364,1654.7813876807722,4708.216369046768,618.7031203884841,-0.7137644310406541,4.826331998616382,0.3186430525995975,4760
ls-7326,male,2,163.4102604235042,481.6547761938964,1734.4403134762815,2587.5652690787483,3708.9225525079128,4777.0406306546,16.49349590079927,0.895504392803632,-0.29796989487488224,0.014301712625829615,0.1347657398897176,0.1990630307582966,-0.024200133543126133,-0.05151235915104414,-0.06450389834562475,-0.01222822364647574,-0.1074286732819702,-0.092919716421717,-0.037542029218052726,1192.756562254519,-6.561020992399602,0.0283372938917548,-3.5681748908606155,167834.98832635506,222.8979116334942,616.6257147195684,1146444.9495302613,1.1054926722266494,27.828646393789544,188.55562031278484,0.09116089590947,1211.5812202758539,3338.328610291432,494.7839102277926,0.6945963471181777,4.969093985042155,0.013575600674149906,3360
ls-7327,male,4,173.23310506614663,450.9822610191701,1607.6437836913742,2456.2740622780902,3700.289500360651,4814.440967148203,16.90030274916174,1.2088593962058545,-0.08189102330670067,0.21569069857338585,0.02519310117927869,0.04378010161574479,0.19378500786005912,-0.08397927530951528,-0.08160491981914972,0.03867070494812514,-0.034318265918916444,-0.08388845691961157,-0.05702643557219494,749.7436547889305,-9.247389981871162,0.005144369018773933,7.00605832977759,182900.2149722618,310.8104380350217,785.2394844607587,1267080.7540990612,1.3176524268201295,18.260406778338883,261.36237017762164,0.10677826503613791,1509.878389842631,3502.9811998659748,1120.8100568902064,1.4306618920250334,2.1118099232506635,0.13446887814948819,2920
ls-7335,female,3,177.48998876173235,472.60833007999287,1743.6262097900112,3079.6226622558142,4078.276696278199,5114.719949282387,14.822902104216526,1.1575559466746024,0.013290968223966882,0.40474312215888064,-0.00549583377249931,0.1321673582600816,0.1124257030833056,0.07767356133657578,-0.057550520155115074,-0.19149482363836476,-0.050606791853640753,-0.02854617625926479,-0.0618578185060323,664.2910618223998,-8.427155038707287,0.00137838374113151,6.14353781226601,91406.67446860907,211.901371882033,379.85399602388634,1081463.205742697,1.2821923521192164,9.85206336236855,152.6797301103723,0.09591239065628474,1071.529523582146,4566.9526426759,780.9422485720368,1.2737105668217885,3.895962194330531,0.20116663530208792,4280
ls-7337,female,4,176.81321847047053,525.7715571362969,1818.3770066043783,2816.1591253483048,3796.0436406156286,4378.043197156454,15.691664420823814,0.9210465430612227,-0.40090298631180427,0.42991971894998887,-0.017165141335019677,0.05313047602214219,-0.04115373450995026,-0.09939756986010721,-0.061539503534552904,-0.1516006844506515,-0.06963198609991814,-0.04048346698351847,-0.068671713644019,1083.3704450700484,-7.1694041250617815,0.016583538311188854,-1.2155553436630198,101323.2692916188,234.5922170646585,659.9802176636019,979521.9718283045,0.9179999698601236,7.053663130285669,171.42508533373902,0.08563371174933702,1215.857621962763,3606.731870544252,874.9234721112209,1.7539760320446134,7.6405248317632,0.09372507757589599,3350
ls-7342,female,4,169.83432656683345,411.8944603084781,1607.9206921415098,2879.9910070705278,3870.387420470026,4806.684767865357,15.763390837591306,1.0707933752415564,-0.0844133526480375,0.3673714682782431,0.17781608357774467,0.03756533661277818,-0.035922326167939125,0.06325700290757896,0.0924887812611532,-0.05684783880033914,-0.0727317520989826,0.011910601037990446,-0.015014019480519912,630.5195429977225,-7.708418720609161,0.0017913267837943634,8.248521121392917,156136.93992123537,339.78854955604606,638.2388482741173,1116629.7643187335,1.295772119017522,17.511765412900065,227.13614251578912,0.09519692371811617,1283.3658044056183,5077.092670459213,641.3887288225195,-0.14190877878369468,9.55695310341643,0.5605384158614295,4960
ls-7346,male,3,147.86952140808935,430.5213408936281,1670.939474388969,2601.498415191816,3709.2929509461937,4544.6705141441935,16.512795687702486,0.7325949890145073,-0.23171849125715843,0.2554257554549431,0.07916102176236665,0.26737318714363045,-0.061400439937435755,0.022515383000888733,0.04337863836040041,0.009962418272774354,-0.0402140763588301,-0.09989686218373059,-0.020550373092968054,902.1589507913359,-6.624331718294296,0.011628285875454322,4.76434299530553,175314.4637733001,370.92614352244163,689.0547041908076,991021.8795917485,0.9620890107625983,14.14961458389934,299.4646014928994,0.09671234494887485,1360.3990347292251,5027.93158146579,916.3946887368888,0.13957230964137954,2.6403758270033935,0.5056979227484839,4900
ls-7348,female,4,169.11462224663669,448.5600495902541,1694.4426027158047,2654.540888688768,4032.4000535457853,4707.096995872752,15.58434115733434,1.0348681248578706,0.056482719517199895,0.3431549361963737,0.006681126043921475,0.2985091431439557,-0.05837423971876451,-0.14000197953012244,0.07291182570391068,-0.08976212387088509,-0.06776566218058637,-0.03231647987363348,-0.049019557970715874,651.164631136221,-7.864645008826335,0.0019009606096409008,5.447143884187529,165990.6353208206,305.6792694687673,765.9496700582849,1112827.8341219951,1.185602682759336,11.566947486919801,238.57305693702455,0.09365400660401343,1312.1021142478248,,,,,,
ls-7354,male,4,142.1548516998801,366.68903336417145,1614.3328454322723,2876.1969378565263,3776.137105654842,4634.488904343755,16.038002329583477,0.2984337249304068,-0.20358516059318837,0.6384846268532918,0.12153135485558152,0.0007132780750217912,-0.05965340939094125,0.04265928614211161,0.06440655798651469,0.052579192899140946,-0.10819134585475922,-0.0340331352052702,0.018887914248835222,1060.7356412368847,-5.286215725284205,0.02825652193782783,1.7180135662358873,198837.76099387548,255.49949864760424,1043.9546760898888,1437674.9610995138,1.6533077271939223,16.648732735854892,270.2330468555175,0.0884040756564546,1690.6401096079135,4572.09478597197,621.8645563824698,1.1382224206956741,4.726109394612561,0.19343054449877262,4470
ls-7360,female,4,172.20317687909625,497.9561350969917,1808.041874315792,2671.7537558295985,3843.800493419213,4371.259339868187,15.94018116480149,1.1248318835428646,-0.40346284392393367,0.24614113886438488,0.09971834948416328,0.25124924045432406,-0.11172613961589775,-0.13238914222307668,-0.02963933629053952,-0.18793898906132403,-0.1440279096910883,-0.07684319259255395,-0.07957916441315674,989.5886501154545,-8.437936612888876,0.017107990658428496,-4.912598771751508,71175.69670736007,141.04259112472008,539.4717072792729,882469.6384276645,0.9088429367779041,14.4423876839481,134.10294063574037,0.09517715769150129,1145.4574451098642,4861.7555747711995,1055.407101042696,0.42804177873684524,1.560372079848109,0.4366712983187194,4330
ls-737,male,3,146.93013744406574,498.66901992999294,1383.2014583314024,2493.2017039649636,3652.2151054225897,4673.810600558757,17.141360194985722,1.0619816703162583,0.13716944264515665,0.3416784783033784,-0.03520825565274821,0.05678177405349841,-0.10157391277332373,-0.10707850643853438,-0.12556142300340967,0.03908925066352956,-0.09568915550631538,-0.15578297412992767,-0.05530129026841316,735.452804291611,-7.389438288729609,0.0019597113912978876,-0.6431566591285215,73877.61368025313,196.75049572694843,607.814205872517,622809.4808096082,0.7249064464682886,19.207600582061616,149.49489380655857,0.07515803431768417,1362.0494484946053,,,,,,
ls-7384,female,4,178.57409465790596,433.28367071241166,1648.2701800223858,2863.68919431808,4042.0524425964168,4542.488765727506,15.337653479917844,0.6488869181057035,0.06986171421918813,0.40126783416360035,-0.08047214769643338,0.2076227485723497,-0.11305502874692042,0.04695789217328869,0.052183632892584736,-0.14158748225981038,-0.09061928964653547,-0.08116008260059879,-0.04871856888234592,979.7877186320419,-6.324341920200316,0.007656586322020579,-3.379628223110404,134655.41010532505,168.16114242754142,674.2071946077347,1130357.2317827193,1.295804345875698,13.7544177300252,165.2432321362533,0.09245730778027489,1320.2038811528405,5295.2835911738375,1110.2904782520627,0.3482768029757336,0.35150918646197793,0.48079802753332773,4800
ls-7391,male,4,149.9510214615313,467.3869342016758,1545.2297188897533,2610.356005697998,3566.7778984870156,4636.33576736125,17.047252424735024,1.0927573772962282,-0.19422295052836733,0.34048366972633204,0.08041954990686673,0.020939544326722584,0.03950218569071014,-0.0515019066870793,-0.07952367369293963,-0.006547881263039003,-0.05000515530678798,-0.10994528701270828,-0.050438461371939525,833.3754801973951,-8.010820967737025,0.00640665139261571,0.7684313165069101,152154.16441930315,200.01187641383834,751.6025988121834,899978.3144224838,1.0227763241900156,13.328817151272581,223.96000125311718,0.10130373398332118,1349.2279953932923,5775.716899555136,688.1362544745293,-1.4237608680912752,6.219608262872315,0.9338599022402814,5560
ls-7395,female,2,180.48913972371253,531.1186042897128,1648.6558120974246,2753.1500091195485,3958.9547119518134,5134.37348713065,15.654991513567554,1.1743897573777167,-0.06762110177771496,0.31549237266182384,0.08148377078169242,0.05808856243040887,-0.16140890015038148,-0.16385293841857096,0.009666448400797277,-0.12755596392186577,-0.1654909428676861,-0.05280914899225125,-0.016926521060903383,837.2015969313627,-8.316579984591064,0.004695687238702617,-4.820121041835076,71434.93940840644,167.23052687890973,725.5793818666599,336563.9798815402,0.37576252935654564,11.265849665118797,160.69727939580625,0.09029515798306015,1412.9465895183678,5467.553737040009,1037.6940487242098,0.6960748241364209,0.9351160178330842,0.5395740389434688,4840
ls-7398,female,4,179.54930995888122,475.49232065665603,1964.0702167681156,3003.3911426830346,4294.032905024107,4829.270087710261,14.32410121838457,0.6364682368205912,0.03370465290455437,0.1876371182054235,0.12112459502095768,0.24691404509500584,-0.06641297239635538,0.06718963815488727,-0.1004847848908268,-0.13458259042393983,-0.004060860452040321,-0.02354596995023729,-0.04609686932117076,935.8849146415437,-6.316895958062895,0.009617939146473922,2.6072931028891406,120677.05697373705,287.63059410426985,528.2646817934477,1071594.6734842795,1.056030040462062,17.229203723663325,180.99261702931284,0.08887381956552659,971.923567266236,4835.142293178284,1023.8913037535166,-0.3496786093520792,2.451830496385341,0.4056833638053945,4870
ls-7402,male,4,176.99815216953505,445.9282763570125,1553.7623271238149,2729.1670213905445,3692.463820723653,4426.535743149558,16.46277901028441,1.0223241914716075,-0.36973033274829065,0.5008936102029916,0.0764824963067419,0.07183895817334182,-0.08710534191673378,-0.11397795759539228,0.03303075256633342,-0.06651621914123057,-0.17970277118127498,-0.10082543041509695,-0.04547181046848119,965.4188314061478,-7.402751258017347,0.01104284816728728,-6.098303714416204,69791.47179589374,135.6917521693908,634.1942364225121,501289.593308612,0.6231410580367576,19.267982938838042,139.98422937630977,0.0912222624689616,1358.9069666128728,3734.19757249742,657.8018560230124,0.7773316792208117,7.879399951506349,0.02165721661887769,3920
ls-7416,female,4,168.99783354353974,457.2488159813387,1692.8979174441765,2790.225021780618,4148.908139013955,4939.573352993628,15.179673101085918,0.9110106740961847,0.1476267398137377,0.139906510128891,0.16722704968728866,0.1363116517965209,-0.061264506289326004,0.03710456498451524,0.05313322427539394,-0.05638993272779365,-0.048513808170198194,-0.022687392165137103,-0.00433892392240298,757.1437175048209,-7.159984775769586,0.0026809696377513995,4.838423551390208,138679.90599998852,363.37800812911536,657.8832898476172,1096412.4873930584,1.1792708619352785,21.773561654352903,207.66942787194606,0.09046170038392204,1290.014190362979,4984.01855899955,976.693952202351,0.2713944726863165,2.2885130470774557,0.537454604711278,4260
ls-7424,male,4,143.06933409941445,442.42109533188307,1530.3029718495031,2567.160074377763,3590.4483500630804,4416.5386491755835,17.05231432712553,1.077441606419518,-0.23483552728485618,0.348006488382828,-0.042676209142224995,0.16061541085208977,-0.04255892703791405,-0.04731565037297262,-0.005967830918394909,-0.052999761979616436,-0.07893004345817717,-0.14387139587431413,-0.10204589945232481,831.4647327073867,-8.104263943387693,0.00568346412397717,-0.05177922584931444,91976.16262663997,166.71719392299394,479.62664529618166,903674.2612056332,1.14759699865236,13.73722645377146,173.90060293668435,0.0952631188619292,1073.0996990022525,3884.9399385681636,786.7114164974391,1.0130329563559357,4.174296526051323,0.07492160695413184,3780
ls-7467,female,4,178.85858046144932,537.7224369124731,1879.8898446403382,2924.247824292191,3937.70657250174,4878.815536748552,15.245490387162196,0.47729721745614284,-0.16081746919171797,0.06990599490163588,0.1893401839002793,-0.020439539580452346,-0.10517297296187242,0.04568544210582533,-0.05121526054110112,-0.030605441388876567,-0.043250839281772174,-0.034205339708014974,-0.009827902351720208,1156.9080610297947,-5.16449070767084,0.021962918007363302,2.3041663444554636,153223.7053655273,405.75141882892547,758.4130924882735,1019025.2105539243,0.870512091533697,11.206720854678967,213.95724229638276,0.08674186849901946,1293.2304659053411,6112.246946842884,623.6304241790947,-0.8072097617957138,4.5351022452856,0.9896522705061616,6100
ls-7481,female,4,129.93410657345783,526.200311937906,1858.551479548822,2865.8206422924513,3729.291374133441,4445.763394528161,15.779450603983886,0.26936665638659996,-0.5868149111678125,0.49391987725600506,-0.04549394727262269,0.11988048544215635,-0.04619233689322831,-0.028507370948155916,-0.014015780287159618,-0.09912382282314468,-0.10302247334690559,-0.028829196560979976,0.039213403516324685,1460.6358277762502,-5.277363650409446,0.09618029998901503,1.1182265259111426,174399.54341905413,272.51344017501776,562.289623936005,1152246.0044997626,0.9813293352925425,8.441781495010268,230.9182127501218,0.08148346083676264,1357.588796210198,6099.910917035124,743.9255839607356,-0.38417699399241145,3.4713551623369785,0.9078373473791461,5890
ls-7484,male,4,134.83201447896914,411.51361406469005,1680.466204007897,2723.5445648305795,3947.9011986013775,4683.277528835064,15.697937924939566,0.8586497122842888,-0.128190411579937,0.2663057024309544,0.03914261060548232,0.19761469846509705,0.0740689727856483,0.012636952252846653,0.09003855540164385,-0.02851614770871204,-0.0977178532568545,-0.038355936014713994,-0.008247140719708768,789.1917565784114,-7.155327298336092,0.00422098227896018,0.7807150262294736,179602.5518710676,337.47019016780746,619.8443036254439,1047664.3126437173,0.9648287421310194,21.42055832097105,249.12324726876952,0.08928163088692417,1453.0057238319089,4054.1354065275987,962.8287960684695,0.7116294686706304,2.0488521540146856,0.22512279887044057,3820
ls-7495,female,1,179.88438572901552,514.7553724698142,1806.717854793606,2798.256059620018,4001.1904684922683,4885.780460995949,15.333416532505378,0.6308847082064714,-0.08891735114377446,0.13638628184377444,0.16459043901220066,0.09190051891463936,-0.12378664722653707,-0.024968858774806788,-0.007105447616277765,-0.08580646441612819,-0.09261535055413311,-0.04897913083122671,0.0032439152034716584,1078.998575188795,-6.185931764912739,0.02094002206951049,0.8334928856679871,142353.04568086838,228.4594992975662,624.3586782654015,940969.823552801,0.9283081906847005,19.703210934462426,166.0947304436773,0.09089820595961118,1485.5865204078113,6491.394150613222,1030.8066585860627,-1.1168635838030054,2.746654039533164,0.9053985840204348,6840
ls-7502,male,4,158.86147283260556,621.4154986528586,1721.8234764564409,2677.1908794205656,3832.3961683356492,4555.995394237036,15.983315074112754,0.43536968590610914,-0.4107191550187974,0.08852796513652866,-0.18114846202943025,0.08157491963869444,-0.15405272212924767,-0.05121830498243746,0.06352881487544804,0.023166128170862957,-0.029468698614550155,-0.12530202234500865,-0.05737753054681989,1528.5347928954166,-5.5682145809525885,0.10260966375710003,-3.897094950383889,176363.66653816483,885.9185017429602,970.0545286024438,1033918.9912046618,0.7459032946975706,24.78965053405748,208.5110756532423,0.08753286121688478,1439.097820289107,4389.227543483032,781.4133936838095,0.8349781597971555,3.630294993373846,0.17879326676087404,4110
ls-7505,male,4,144.99302192036242,392.37543706120806,1422.8761624480169,2666.011935956505,3650.327972864844,4624.105918074363,16.842400682999052,0.9381581978439726,0.09914450240808936,0.3897676826588573,0.06571777392972047,0.14945824139680317,-0.13437335799352534,0.05496768247931724,-0.010516154099875346,0.00000439365169277125,-0.06420013414709251,-0.10457527738176689,-0.019245097508931823,697.3886661012436,-7.273414909877875,0.0026719501655274747,1.152398000182649,144446.36051964783,203.16901229194832,732.6309667972805,1139275.501216533,1.7111143965320728,12.445040418606741,230.24137792064542,0.089314334224884,1396.231255487993,4968.027539245447,1140.4020048620127,0.8719221742067476,0.70667074755646,0.3443537941961202,4560
ls-7507,female,4,175.90875372968543,520.0833499024486,1649.803068836529,2918.01327150614,4191.84435208827,4828.261274649546,15.057752342571682,0.7633765030232559,0.3478964125850711,0.17942150377154348,-0.0036826009809392242,0.07611598257785006,-0.18163908179772148,0.05989835585043328,-0.12078943733751582,-0.05936333218503355,-0.08668718627083566,-0.056815671163500905,-0.054288897578941606,953.265459463969,-7.2158341100571235,0.011052939364051212,-2.9067426107596734,191038.01437642396,265.67252784067614,928.3594366410588,1271917.1258073002,1.2230993140073945,21.141160778757126,193.5451330905131,0.09780258824130666,1642.7628458692545,5126.80977841069,818.8436560882512,0.7691025045367911,1.7742787077774138,0.4785850517180863,4880
ls-7512,male,2,158.4931224187219,473.4270885790087,1548.9246594434344,2802.1159132730854,3478.167298666912,4225.298085496506,16.92110901154362,0.8598430532551772,-0.6177789462285448,0.6078666454266848,0.04571458590768142,-0.016736430325264527,-0.029271415945507834,0.04201138330887899,0.024920373120528166,-0.030183910545782285,-0.0440448214626534,-0.07335301688499626,-0.03645955901296394,1024.8144855272283,-7.576945735790021,0.029377457015131923,5.733497178540607,162064.11993657757,268.6035557025318,671.0643275471725,1038575.865590713,1.1891244484697392,11.134303226855632,259.079912540347,0.10546074412889418,1374.639168370673,5223.962246761508,822.5450807010415,0.33724108628877336,3.8206289679543612,0.46362210009524785,4900
ls-7514,female,4,153.87388585776858,470.52789513803475,1860.8101340855933,2919.8380756322213,4191.388176713228,4731.742984070949,14.66928592558634,0.8803644194003785,-0.10795448692111731,0.27735459606643237,0.11270643215500947,0.22778589963892948,-0.05895665322933022,0.027851002929614413,0.027971302765788825,-0.0939499184581227,-0.04269185104369038,-0.037449513162445366,-0.026389441258661807,788.3288692725035,-7.218690817709395,0.004407872033881116,4.193696184383231,179070.43185559107,369.6894308513222,712.0826166330617,1048856.7734217667,0.9049445034999637,25.22503610283313,276.2363487051489,0.08598604662901677,1266.6421703795518,,,,,,
ls-7517,female,4,152.9344949885983,484.47826150965403,1760.9701085664722,2891.4534640701822,4062.501834893371,5252.260402149759,15.142848828169598,0.8569865263932925,-0.015554242533379004,0.29659126295953075,0.06249560081965212,0.11967457949497892,-0.0011077884712401875,0.0015809331301914514,0.06492915381480283,-0.07738276256026458,-0.04679769937515728,-0.00665046876617167,-0.02215272147584347,758.0089975089735,-7.060432112606345,0.0032053810258379526,9.728927425868665,161176.65552905464,347.96264387916915,648.7086148657743,942479.2464129683,0.8573960396914182,15.519874103840568,234.76744682606662,0.09199824072549397,1274.364158211406,5012.71687842261,983.9228927801365,0.7156795671717102,1.6348545346781638,0.4344824632196661,4660
ls-7518,male,1,148.20998942381382,438.1385200460453,1571.1328289178184,2642.418860201134,3577.0790865594545,4599.261338014027,16.934241149838737,0.7777847440025203,-0.21600594136564216,0.33487591565823316,0.022148793838921918,0.11837008250921474,-0.04612678479974996,0.08290976682973555,-0.052739128473877586,0.03415551217919769,-0.03836092081289068,-0.12838451958333993,-0.021512435426920183,867.6175407884871,-6.434270672829562,0.008964324370510302,-0.5714735198603,163788.0775520232,320.11473101817444,597.721906176105,969313.7565650537,1.0615971245206424,12.384245163716972,235.90369509589033,0.09529862371735134,1259.889453217017,4477.033697719537,667.1203868514665,0.39577362500296165,4.805221809058822,0.21313490977446187,4280
ls-7552,female,4,171.72347534755963,485.10557324820263,1713.6234361257216,2873.3974069120577,4016.3843282754233,4673.004917893639,15.297858200032803,0.5310354987590782,0.1961330169628286,0.28250903919729026,-0.028855517991922798,0.14352206492903197,-0.15308434815336658,0.029729001706725086,-0.08997653372857745,-0.10356850377252222,-0.08615463924149033,-0.106167553211646,-0.04861959460814826,954.0799038001007,-5.9059356395868505,0.005917040416629197,-2.7852099652412523,101270.49054808168,156.5861668422591,707.7174779107374,1275140.8242347615,1.4128991381733313,10.522591051755757,149.09346758303525,0.08771687005795806,1310.107751897809,3328.671032155265,966.4044590882659,1.78507879762881,3.0151525875979672,0.08465582071397798,2860
ls-7553,male,4,145.3020954329888,443.5747292914902,1651.6928800849396,2589.6264009173387,3752.707079517583,4788.228489428424,16.443422473385326,0.8250325238768126,-0.03818968934950169,0.1441216677497391,0.2340753802456541,0.23695058688306614,-0.07254526501411895,-0.003328818541596732,-0.06628785087905685,-0.008745849148892294,-0.10487824669153292,-0.12916815670907575,-0.044131971042986426,813.6282442426216,-6.586735488997791,0.00604940134930599,0.581252730820663,137120.98867767886,181.69029349688552,626.6085449075485,1428600.951341481,1.7322478743583056,13.110986665112609,236.63042533913568,0.09463477023120646,1326.135766410822,5238.495325877129,1145.129096270839,0.7770503913453177,-0.1606763557176768,0.4128301229935319,4470
ls-7555,female,1,176.3030590588235,532.6459995488505,1746.6134231253768,2871.2415073233897,3784.8080107586943,4656.9470836128185,15.764971132479427,0.5712085983043373,-0.051118407382136646,0.247792262653968,-0.023927576252535776,0.0576620640672709,-0.10673879287705032,0.049615415842048996,-0.11772271843028621,-0.11580149736983639,-0.10366909191759242,-0.05055707695229412,0.014716812031361923,992.142297860364,-5.773662294228919,0.008178790359460768,-0.2593822685723909,120299.81642118398,198.3950040703545,557.0113656961223,973509.6759448594,0.9996949227216345,10.968826297714086,196.52805549650571,0.08745696683722007,1245.5918672527837,,,,,,
ls-7556,male,4,152.88994133119166,440.2764667303431,1676.5045566340646,2656.734594606828,3832.798791491734,4883.684751869907,16.129627176451013,0.6900182475336536,-0.06727259735152663,0.2122895838082282,0.12254922490919867,0.13103326467996423,-0.028472162917721974,-0.04609533310096295,-0.023031590151943452,-0.046555619426614715,-0.08581222788502754,-0.08904536904679376,-0.05305080972249953,884.2302794832608,-6.622199834376644,0.008267580562273268,2.7879126095466513,144716.0252348517,205.91012107823485,661.0900242345377,956510.3486998564,1.0406871189342515,16.023342458320837,202.379751302023,0.10399054573066882,1317.3736835220675,5621.768056228438,1157.615576338196,-0.12583219811110838,0.3425396302827386,0.6635149058660886,5150
ls-7558,male,1,150.840747417022,532.5145745358028,1489.7814203463997,2641.0110440920607,3567.0955485682694,4527.04801723618,17.023116483538764,1.1671432843059653,-0.22136164204201447,0.39370738320168686,-0.161755662504473,-0.14952377143185297,0.02403511178281966,0.007941929777956365,-0.10948183320670583,-0.06332359443707036,-0.15089534606880436,-0.21896349230749176,-0.08933195677371632,864.0111002192815,-8.440337441978892,0.00401873404067685,-6.992269034177086,65582.31259210044,95.85582294370414,279.43709279899485,1017086.6624613486,1.1701277521090445,26.979489195633754,130.16680837048833,0.08815194621384037,690.6605579032077,,,,,,
ls-7561,male,4,150.84944464355215,368.9792487464899,1699.3946141593435,2828.5817279943976,3757.084834757614,4525.414384351925,16.040033326983377,0.5867097283652374,-0.26282485681262424,0.5119595913338074,-0.0312121079438333,0.12935913819411005,0.08437080321112461,0.023523043397319116,0.04329530824365323,0.016326649259987593,-0.08891709647572414,-0.04878394983560967,0.0004905487285594101,1058.1788526245205,-5.773768657890824,0.015419963300778366,1.1843325718334656,160522.72164740477,265.83306920661187,610.9050164670529,1094204.2326307963,1.2504079404248114,17.684360325446786,239.6234651796957,0.09596890599426161,1253.8457967079394,5027.329337846051,1167.561080091376,0.2752886149297989,-0.4318050194459724,0.4747498336031532,4610
ls-7565,male,1,174.11573833787628,445.5297551598323,1499.009898768274,2436.9623533656763,3691.4818398861576,4579.663826548711,17.105854995138802,0.9733573077372478,-0.16175491055786106,0.3114799680735586,-0.10356064198862065,0.1643119393815879,0.08606183942412393,-0.09017738268041413,-0.04173284450926221,0.042544578344038984,0.00336978843121977,-0.08059119666513304,-0.09514962870877018,905.7713230869588,-7.196498447219863,0.007893857989216184,-2.5274197470464848,129575.65502658377,230.88587937199742,648.7886880213928,667792.5536920876,0.818381898317827,19.22112453734816,184.4842247196976,0.08363410443222512,1185.0074351265907,3801.4063380011667,1314.1321053088695,1.0653078332709895,0.5375998977940459,0.21483308768922724,3380
ls-7585,male,3,152.46430835979413,445.5777703824643,1633.1172323227822,2596.818442622714,3614.037902593655,4861.233069612488,16.922148588774224,0.6077123125963292,0.0024552869481104106,0.07838583094417499,0.2242179442452964,0.07875911270059886,-0.0719977728574551,0.03940727660684653,-0.09022828827762958,0.06977744339357878,-0.05416206912923415,-0.05776710109317294,-0.07058918929167744,1019.6635508544597,-5.597458258322012,0.014004755595162826,-4.769139021762811,139655.82961768046,266.031608617566,739.6292334734744,849362.9187167265,0.9867740569855281,18.743112065724105,236.02578092140655,0.08578218226628946,1220.5275840075456,6022.898531852164,1295.2084686906915,-0.4100867541316467,-0.05956180111689302,0.683453433727251,6640
ls-7597,female,4,160.23459559184462,488.2687024523084,1804.0277329309342,3084.789096560078,4125.805974679624,4864.106321009436,14.632559573760663,0.09843014888615342,0.004931819518490397,0.2538015321484249,0.04992945226697537,0.013208608817266656,-0.03798698350180043,0.10863885653981203,-0.05446692487940974,-0.08743230239357672,-0.029573173994908594,-0.016272142159447407,-0.01309045664581094,1326.973083482676,-3.835938084242811,0.03552185083713136,2.698926404593282,174963.7847773474,381.70302240077353,592.7793423479447,1190503.2164807918,1.1137289652031674,13.602001762443575,209.9845154145827,0.08281215880785056,1415.9813123049626,5080.43148630232,949.2538297858757,0.23442743176663738,0.7236694755773126,0.532160868063535,5330
ls-7603,male,4,192.03590299946978,447.8556552476243,1560.9728607065947,2606.111275518975,3863.725360717108,5009.699482781421,16.23191021504138,0.6990326307749465,0.22495424099058225,0.12367264495243896,0.2240551332510617,0.0464290540089,-0.0834882685189767,-0.03285161967047401,-0.02636679360145093,0.006461717905355838,-0.11122145585583496,-0.10454373584487749,-0.06843669252282972,841.5890482161283,-5.6345044195857215,0.004418456102379687,-0.7545723439778068,122939.87272059331,184.30962464923832,629.0336116525485,1098825.6997135133,1.3007889678401074,16.18921844533775,231.08205200142862,0.08384591792466395,1301.9325283925646,4735.701833823602,829.1922361732534,2.116989531533122,3.806979510207612,0.13307470378798147,4540
ls-7608,male,3,147.45711028358394,429.18630668891774,1577.383269544879,2490.816802365437,3404.7545164444527,4657.3806784114295,17.718303086417222,1.2638540737431299,-0.48141489623715006,0.2903436478819958,0.1707838563130976,-0.054888231227975905,0.02240476363665968,0.05776565701627054,-0.11215946585956448,-0.009683404269349627,-0.027300204828624837,-0.14288573500891977,-0.07136824322286986,851.1603590425907,-8.947581689276815,0.009070224514143379,0.17677277108886502,115937.74340065032,263.49505431415247,463.0083662276413,918214.9500929022,1.2250116474884545,14.14315937591718,185.9052476203885,0.08507861993276646,1017.7605103434523,4925.454284754402,781.3821200591414,0.2738325570625852,3.249693884269954,0.412774842633643,4840
ls-7609,female,4,166.60657884748963,496.4476638992478,2047.37825571241,3073.2544367916507,4074.3060222246218,4771.543819778975,14.642682388799756,0.34135800902093394,-0.08244336825462721,0.4393714198609532,0.12075528273244683,0.013861778999627539,-0.09003873098254439,0.03139988480060443,-0.00591759569789581,-0.07407005198872099,-0.044113247278023224,-0.039938847567491484,-0.057928378912871926,1000.6109078793907,-4.4749267170304385,0.011254532938316075,1.0707627590503548,185448.16870002175,363.6413490708286,1016.1461218189309,981781.887732455,0.7241874313919192,16.836488046375905,191.9883764913104,0.07719392833903796,1577.9841578824808,4889.71100538724,1025.8030070806074,1.0145122133432625,1.049608892432318,0.33601197206764927,4320
ls-7635,female,4,176.2621374230202,482.8515103268249,1807.595519915915,2838.581741144544,4363.059761024658,5036.347306571362,14.4937043181441,0.07434110238623164,0.34950071260580345,-0.10373437041314348,-0.005089708955669552,0.25503518574602635,-0.10030525480313351,0.05855591290421249,-0.06436710755640737,-0.12034523171964165,0.0066459513872243765,-0.026583509073343607,-0.01905494011158153,1348.1092890037266,-3.33134210797596,0.028948845316591115,3.444005221081233,131593.7641854472,310.77109135895023,557.7966120165917,1060771.0475949894,1.0253406291940013,12.404336557063464,165.05386843296637,0.08842539796706188,1103.3781628427432,5579.285018515775,968.4449604037814,0.21373138497144029,0.6099867883601833,0.7674946784176726,5360
ls-764,male,4,169.5972246940752,550.7581791188486,1714.638023095491,2708.3772000337426,3642.2019655575405,4267.257436678689,16.42988943142993,0.594013996815955,-0.6715324065423782,0.5623211405251969,-0.049398264436406644,0.002728094109799746,0.04091493460935616,-0.09852108782164101,-0.022789435646598077,0.06187723814260318,-0.12216831081774829,-0.1202499471206957,0.013114472600712206,1457.3303260628495,-5.493446264629575,0.08687619361385576,-2.2053452974675682,157464.9742063276,278.60327522006367,688.8673109962943,1179934.6229527283,0.9822457496504384,16.874471763795984,216.19885485664665,0.07929960877736375,1395.4625718535663,5508.311208929906,672.8855161226159,0.4758168751744176,5.584434098636804,0.86986371190122,5490
ls-7640,male,1,150.51918795638093,565.9717148066736,1650.1438008533685,2523.306642465092,3549.2224730969074,4714.597336412777,17.101974492353396,1.2493137524565932,-0.5045871991237111,0.18190359863041045,0.04409220864895384,-0.053698658143054405,0.05146878454781371,-0.13290112813286298,-0.18607155088058952,0.032335724221067084,-0.10756607003976057,-0.18519136973261968,-0.0032229022882943386,1105.8363563053451,-9.207182351425528,0.021107473376378555,-9.101979830676266,87197.57179090289,194.20947519608848,573.3689181375125,957875.3476884392,1.0112992684544002,17.45960866558237,142.44764490933807,0.09041596792570465,1050.270449786846,,,,,,
ls-7647,male,4,153.88250203966066,505.4852065990127,1710.1692839751768,2697.477075919297,3675.0448932021927,4725.145410565517,16.396396350631353,0.5764549574436114,-0.24531550361301863,0.2948563017640762,0.04395350074021483,0.041684610693997474,0.02819884398232398,-0.07623766536587653,-0.13535104433135875,-0.032570927562172114,-0.13997049145553297,-0.12922984281766434,-0.058011480853218764,1143.1807652588566,-5.785128713450254,0.017300686176670195,-6.910109117874876,105493.93027489517,148.21030876061516,634.6305147504722,1078142.0369862523,1.1268224608309019,19.745706851322083,157.22151788195862,0.08890229325196691,1194.8470750053643,,,,,,
ls-7649,female,2,178.887937656862,512.689112981025,1868.7515970196343,2657.9752100222177,3564.9764547820378,4504.052216883252,16.570846448647004,0.8409175596589618,-0.4582683895180026,0.28430974412068555,0.18340503951298676,0.18261987016921494,-0.19971729470393884,-0.05426801666658482,-0.09063812028894547,-0.15694597662698667,-0.10534382628418565,-0.13506605998208027,-0.05925496578314124,1145.0618566852027,-7.078914821085196,0.034565243073251276,-5.177207661255823,59146.77699387586,118.36385920338373,606.8042460469607,227819.43095213172,0.22936717066013693,18.533618151690032,129.95046726064564,0.08436326635498943,1312.004424323881,4181.6633509681415,985.8313934383006,1.5272333084569298,4.0900202298016595,0.17457614074901745,3780
ls-7654,male,4,156.79815083385836,360.1663952574452,1560.8464267615736,2730.166260774021,3824.524463597345,4535.218034273366,16.137408100937474,0.7216458961215728,0.026864293050930958,0.5528331973036209,0.06361084058417174,0.24444869907163183,0.03927403244466812,0.0009203637042594359,0.05423400182294544,-0.0006876053116009733,-0.046654512364979896,-0.06158344043919793,-0.03151285337000176,630.2972596865002,-6.347715653785196,0.002051860544102449,4.867686138458928,222230.59593871117,176.1743845571347,808.731596562836,1511403.155779731,1.803509955957249,14.468445258197397,286.5109551062094,0.10197973384465114,1669.7772982010326,4795.515425384505,1004.6016251295769,0.6978826722769674,1.4150434962089187,0.3232187071683518,4480
ls-7672,male,4,152.96344865554966,344.83182365003637,1576.5905764146628,2664.979231197908,3766.2337525140933,4619.260017453893,16.395474159687414,0.9319819441252335,-0.0678567917592642,0.4170329484471021,0.14583026476828592,0.18274613102467094,0.022524291711521358,0.0032637371508459304,0.06892692532339051,0.061245152941908895,-0.02386332009107177,-0.04599007569096323,-0.030470490206819387,650.2159923392908,-7.540488628898429,0.0021436395782416487,6.942380382923118,207100.7520387279,231.00723215143412,886.2144389039106,1319086.7046482156,1.6672230691380507,17.1204478314432,285.69301875084585,0.10503292974357553,1522.010364245757,5492.851734924012,1286.317179308191,-0.026937761097462185,0.4275085148808495,0.6255737908565635,4920
ls-7683,female,1,181.92028905140057,792.5663070095391,1789.887362161981,2711.3810315449236,3580.9176993989468,4428.829546879349,16.41154072648538,0.9359653444064868,-0.7807833400064274,-0.024345090280946568,-0.09841107451045872,-0.01458783444022809,-0.09637169325466337,-0.042075713606853374,-0.01441018560047261,-0.07922334351261548,-0.057484980298548746,0.013348615681448298,0.053616362284746935,1489.7426571044311,-7.316759054504454,0.06785414503337163,-0.8417405521145993,134638.18081632565,326.89184204839137,461.5159194121145,1101752.4554947782,0.7506941738532948,19.0088653286059,213.72929469763585,0.09272980697980501,1044.3604912870246,3232.223844973296,688.9932557379163,0.17253559750412656,-0.06123198288424625,0.004374403411811221,3200
ls-7699,female,4,167.8943604716772,513.338634596176,1963.1228909286297,3113.823870599106,4097.242865146431,4883.600043633192,14.52185001323273,0.7144350691695464,-0.14413916719898345,0.41861360881592236,0.0877528949643204,0.09724130895011374,0.014720163141874083,0.11258030709437342,-0.054487082363071856,-0.1362285579776694,0.05332300641929012,0.04177507923422655,-0.036208302657073616,892.0256825731349,-6.438654115753405,0.007273156460550512,16.603158344168808,196343.5904757989,445.2601982353062,522.273027843982,1680908.9316440956,1.5051332150280659,7.283480073866726,272.64215976273624,0.09706909933285765,1385.372289526419,4140.493850543116,989.1864947970289,1.4208995364577348,3.1840599933122844,0.1138993238962937,4050
ls-77,female,4,139.57491494882757,473.8505842315118,1591.5274050154921,2725.5353108006843,3990.586838600248,4911.753878625316,15.659312849249329,0.7271519618206232,0.2910923239002038,-0.020023419606880304,0.1396112043650448,0.10694640430388863,-0.10059474722199574,0.04725463154194087,-0.04891495938872166,-0.07109598428086293,-0.1805500801141216,-0.08358301951857615,-0.06787597727079164,804.5180562731796,-6.749549828843412,0.0028568005192543718,-7.461757567096351,64410.85575176966,159.73853026829644,488.72319710600584,773132.7573626763,0.9805393680833516,22.54916549747865,103.66384890949848,0.08636020596431143,909.5345823682728,,,,,,
ls-7702,female,2,175.42507706674758,423.01741816487527,1798.0165791118611,2831.058828254709,3924.8005603539573,4700.337527640282,15.494649240680083,0.5247228389698599,-0.12506746745344097,0.4012606007695403,0.050260273701878425,0.24278281351073921,-0.05203763990181757,-0.011510708366422446,0.04671558953591328,-0.09821977885922896,-0.10036903777530926,-0.03389322680232301,-0.0020666162505745267,954.2508231382192,-5.888588067096969,0.01272282006855385,3.1684467607324978,141577.33153426368,268.40393728230856,607.4453699326189,1336042.4313518768,1.4659515419516103,10.526469806938314,189.64864371225536,0.08409452850948071,1185.3368140751759,5410.848596108512,884.9376498334823,0.30461249985560535,2.0166816183207894,0.5857470942375272,5000
ls-7713,male,4,148.8874545698675,557.188244921304,1543.1975649981905,2555.9881647040274,3631.730692098651,4482.089101388496,16.934886555029344,1.1996139824996312,-0.2854148595370267,0.13177666793991538,-0.1401817739598128,-0.039588756524407534,-0.0709942958807672,-0.14105827476078736,-0.06233211537633862,-0.04268651802585429,-0.1133440050131207,-0.12100604321385097,-0.009644869026591483,1097.744929670846,-8.976612030182539,0.011168804641883016,-11.278933295303705,63806.047901994185,192.25514114767276,483.89119826417095,429361.90487267217,0.4619076403667802,17.17709531996756,102.77075434350135,0.08219133279804047,986.1341448721925,,,,,,
ls-7717,female,4,166.9376614974094,415.1129083298197,1646.8177600360418,2723.3986752615433,4002.9562748398657,4673.869807698005,15.596698810679893,0.8400053201566703,-0.005123528756129072,0.1938919848785552,0.052172982005324206,0.21648168095068984,-0.04506297496805216,0.0793674591330632,0.03062219742567257,-0.0820535290668456,-0.0741938423694316,-0.091429107568623,-0.026284881567409497,782.770585184328,-6.873186315451089,0.0033154785958274154,1.6623050633654128,152044.9568930315,238.17107646857212,480.82578447545893,959681.7209212345,1.0798357144337367,10.446154974396341,221.08066931967187,0.09606212427713604,1206.4168150032474,3904.6618970966165,832.2672711819996,1.389116476697799,4.284426675979996,0.1700184380193142,3300
ls-7720,male,1,164.41004039063637,453.53397409895473,1487.9865016204308,2515.664890207353,3503.343172453933,4835.547755292257,17.491995272652453,1.1413566530406034,0.01118320088488233,0.10619371577610102,0.14200337207194688,0.04691160165614887,-0.051746225345625195,0.027515852017721,-0.0578571988538448,0.0035497926116466925,-0.09250317868563905,-0.10474884191872448,-0.06159982865508851,737.3348824458868,-8.299537586454367,0.0027922896424011556,2.9333457800071203,124591.3801002203,212.31099494697878,507.3771634127779,874031.622437407,1.1112659377918481,10.92575382370462,188.07184568608915,0.09523819707556917,1120.2660704750183,5345.042074326862,1438.602317679915,0.40510214556581203,-0.8123296547081382,0.44550316456954575,4340
ls-7732,male,4,162.89366730944425,389.7847329768878,1498.504851596144,2699.6207938179514,3809.538167266831,4935.694391328307,16.32416168327728,0.557402954693642,0.3331569443927276,0.28339673215073524,0.1429282332494627,0.046343882950763415,0.016865550820576024,0.006630516326882047,-0.018984612850246614,0.06186047795705143,-0.16204200012224582,-0.08293087466842441,-0.05293838551614565,774.3043948705732,-5.58186500775205,0.002667329358153096,-3.6132928246285863,138828.6950711431,136.8605962937366,667.542868428942,1115300.9498143112,1.560873111473226,17.276351488973,218.947409201995,0.10344064215127202,1365.431075778859,5099.265212596231,1140.50243832167,0.32334960932743984,-0.031517164198971326,0.4781543145549244,4350
ls-7733,female,4,177.64883576265547,498.7746007872833,1780.0924767427662,3065.870119174554,4071.9230201403743,5060.729087202561,14.787179431221073,0.8742918535326275,0.04270612754307214,0.39739205989282556,-0.022440729790614705,0.10600112860596148,-0.0034608597431155822,0.03311186727017283,-0.03617404515638822,-0.07153627680989846,0.017884703929535305,-0.021349654276380806,-0.02748595208126304,753.4760886108579,-7.4465961435843315,0.0034278053041148157,5.24766994234283,180090.15151349534,413.7949073337063,781.6112843196297,1519027.6850870876,1.5088764250271312,9.065379415571886,242.07437134402963,0.09431592719870038,1434.6069232023806,5013.9336694842,1012.350586373593,0.6668236759332852,2.2067254281304605,0.3730040043465317,4300
ls-774,female,4,167.89063345212747,505.7494734275608,1679.7939220684439,2782.2645604144136,3828.6366445830126,4676.477259326522,15.921606414518815,0.5667006563064485,-0.1375092120842369,0.20273399642234413,0.040984239355669985,0.11765007095647212,-0.07117743097358697,0.03778885289856391,-0.0171706763166939,-0.06998001693452308,-0.1326042917626633,-0.06887188297959215,0.000051052310976538355,974.5849557882154,-6.11583746683613,0.012017454320984734,5.06492815401949,130544.76181335183,219.62578718641683,489.3873340441846,962297.4552467818,0.9567523376133458,5.251834688231863,260.72063453690413,0.0908791503122792,1146.598950476998,4581.420078549372,856.4744760536665,0.46452131825341897,3.4480283088207986,0.26232580749153533,4260
ls-7754,female,1,180.4174259856,398.54540507731963,1746.7482884332148,2917.3561319298637,3823.2767163893413,4767.712863849198,15.642122556098206,0.6603729414003707,-0.1039514385352699,0.34951097693369415,0.01783804968137238,0.09494824581444121,0.15841606149426532,0.08030073892723269,-0.06150001079243532,-0.04926056739966536,-0.110342340416616,-0.042133681729547665,-0.04689564794057056,951.1036895779255,-6.001852287856611,0.00849352151316593,1.0617147265837603,159092.97654545706,197.37476910319026,549.7507065519985,1615966.5999865858,1.7203816394441755,8.201319345373182,228.15917997726908,0.10115030058784992,1063.1534281862987,5830.5702598269745,1000.4083818349792,-0.42276611139211573,1.1195322414681295,0.7083798051276213,5720
ls-7762,female,3,171.76643605672604,508.63341665454647,1870.7137610326863,2969.648191799494,3715.6969243317317,4387.833845826121,15.664549105659624,0.5638542827155575,-0.38748360650923913,0.6943519320918989,-0.06906287872613733,0.020910318216061114,-0.09484917285772432,0.016579954635465997,0.026831938315499897,-0.15087855136539668,-0.038538820300258035,-0.06628656632338274,-0.0493177080805413,1158.8565565560068,-6.472318236527752,0.030761629496897824,1.4749023485952137,145955.6762873966,217.62295078331562,785.9994480796827,1105027.6649886617,1.1107511513580208,13.891319807606838,203.89971721990005,0.08911646974867235,1516.6724330529373,3560.0130275879433,827.8103989588077,-0.3214539709041101,-0.7271907795698045,0.002813707371549125,4240
ls-7769,male,2,146.97705343803625,473.6853455890197,1489.1846114471577,2314.062807311725,3637.4005216661362,4570.42440139797,17.515890317676636,1.1835454828750958,-0.23265146156542038,0.13668972042083738,-0.1496433272416014,0.16764220870933474,0.07449660928622637,-0.09244939188845523,-0.17063256115862885,0.0008106247261557183,-0.020472090081007376,-0.13311871152775506,-0.08441166683432688,839.4003474148084,-8.198779887809149,0.0076663845282178645,0.18818203060868965,64750.23941298346,215.35594149034824,514.9967887087347,950421.9033267505,1.208120036826016,13.838327178964132,73.37709694913953,0.06334470166044605,952.0663692238686,,,,,,
ls-778,male,4,157.75716182588747,429.6426141199944,1728.9064652144234,2728.797279091227,3771.786879182596,4681.693589524617,16.076230343293897,0.6307673394109656,-0.27884228886897827,0.17754826700428264,0.12848262315791079,0.15552647684224508,-0.01823267876499627,0.10507703284581152,0.019528628833987614,-0.014312731322276218,-0.0840028791591349,-0.056242645304125136,0.025433964438791895,969.5854159136395,-6.2035375845945,0.012334471340093727,5.544921886510689,176247.08448795183,459.2717995794794,492.240016449574,975767.0335255251,0.8556524157918466,7.572966585043385,331.1453468512343,0.08438077609749019,1405.839964803642,4718.155287171421,1071.1361997435265,0.521972033634628,1.8660598546105664,0.2995379905757921,4460
ls-7783,female,4,160.69676163143407,527.6356676067744,1695.2435420309307,2819.3793816897182,3787.7813169034775,4785.526608060696,15.871705844129893,0.7114887415288693,-0.1230468317068581,0.31837652087360013,0.06449399082289732,0.004747590841163195,-0.06888463642909588,-0.07182126171363334,-0.10204848993852789,-0.12032459708287936,-0.15977342196273397,-0.07557591816300988,-0.04629500645689216,974.7009477443482,-6.560885738004334,0.00908221756826165,-5.678037138358598,48138.982778748374,162.76617795013436,501.4811850173978,212863.23155501296,0.23186942704513172,12.248753329132285,134.925750891485,0.08811251561071415,1065.2784556933543,5016.730447528766,1356.748402853635,0.17735381983033766,-0.4111917679255699,0.460099303046578,3820
ls-779,male,1,142.3259079603641,412.4598875184132,1597.5624742052394,2396.5538724276566,3670.268243034496,4807.937700009672,17.140940406514563,1.4566985753911987,0.19370337034254737,-0.11318069284090804,0.12569187197109208,0.25679551028443875,0.02307204196250313,0.03944136790502856,-0.07879019504783942,-0.037683081877497575,-0.07354234325185882,-0.09990654185597603,-0.0739600676385446,597.8114429156092,-9.732871905888048,0.0014140467637066669,0.2540198879983139,80410.29655768492,180.20823926315882,481.55859927339225,753293.5468060568,1.0944710992869742,16.683144954276877,175.12126483823408,0.08734724405517813,1037.913279126799,,,,,,
ls-7795,male,4,148.1563253215847,474.6804983936438,1725.548090422422,2636.453802572337,3905.1417541982755,4450.643202399164,15.921148206086531,0.856909301081041,-0.06817955100043797,0.30220233611060177,-0.06755993414344638,0.3137885156437318,-0.07113053780227879,-0.06918569602386307,0.0039910191694241095,-0.12590645648631654,-0.08587414091453544,-0.09837397729350755,-0.05134060503737943,876.1503056397378,-7.198612810867412,0.007629648573832567,0.5094186758876412,100914.66019978852,193.19619072038253,596.5966909446782,918084.5485308373,1.0654165989417903,11.261998199954387,155.3380862578589,0.08958847347517931,1227.3533786491644,5804.8877903567845,1173.3713561327195,-0.0008493352260285306,-0.01094327754507729,0.6672626723180921,5080
ls-7796,male,4,168.3597938654714,353.34167174728645,1670.5185224583681,2452.5048856866806,3438.2120270076975,4679.925648846383,17.622139018530387,1.284083007388071,-0.3069825240591628,0.4030747435283283,0.20819842710066921,0.08920549355387747,0.24924138237312823,0.09263190190739204,-0.15458170877212118,-0.02631551543962727,0.015477712522898465,-0.11915767911799972,-0.106062558797307,626.0884091382007,-8.451005473223155,0.0023941313777058517,-3.999365709655657,150725.9482368497,85.22058425558336,583.9490031572566,2291035.329512021,3.068807906300652,21.392522659682918,190.4038621102719,0.08303537090104747,1239.0437777478664,3345.99836878834,159.319692116204,5.926224733285026,89.60169057645349,0.0012337490321919177,3320
ls-7800,female,1,178.95728754952853,457.6519801870029,1819.6579601410263,2768.0129911054664,4202.940482871836,4782.032667202061,14.945928012744407,0.8838872390863676,-0.007345334705495311,0.22241419796863776,0.1708576462828338,0.31621925272856055,-0.14160549448844492,-0.008667823296695482,0.02972871489204894,-0.1954802693234272,-0.10164471105584043,-0.0802035170574174,-0.04247693158325698,819.8262388224151,-6.68967840559993,0.006028672102973405,-2.2230049682180373,71779.62506074972,162.964526178291,480.7643236713225,584599.33758175,0.6699279108569245,12.97607110956948,126.76321696514663,0.08875021714141361,1209.1792189651076,6574.503628957265,787.7700615086053,-0.5191681655666599,2.05303667880154,0.9603939999704643,6000
ls-7809,male,2,139.58471654103712,423.56158811924445,1841.6890499292654,2731.8822311382837,3959.8676737828746,4930.602445179644,15.546207010052779,0.5046543061246177,-0.017616257485772308,0.19033555512836883,0.09118941585810776,0.19885800077598337,0.07840557642394591,-0.030233435370888004,0.03529997138568373,0.05521313770402329,-0.013599969842115197,-0.03307698970217897,-0.017025789598384036,813.1499954647495,-5.064201783483078,0.006117725922024515,5.19616252332611,154045.10731701372,645.9316629517368,748.4127068879412,980635.3242187457,0.8622039291104334,20.90081627612433,321.69066882638947,0.0901952223436582,1207.5295461211372,6123.867367039678,1286.219417876293,-0.7441401773932314,0.2908499897275024,0.7455172925231088,6730
ls-781,male,3,146.3711244834898,410.2671821325663,1624.1333608860587,2664.4460355333254,3892.472825085258,4792.218080741699,16.019537845098426,0.6168042208510152,0.11282724127073804,0.11997334587821132,0.10406452705874426,0.15808367615189056,-0.040503521391568376,0.08271769327171148,-0.013034273296626169,-0.013369011281903266,-0.09839132015957287,-0.07477714961977139,-0.04463990328085285,878.1912001065405,-6.045410796671534,0.00608203137271926,-1.4107403768974611,138880.00233765616,156.8200662888293,533.3010505910531,1069986.543700156,1.252826902621294,13.104848712249222,193.16967258011292,0.08657187847226369,1210.9353476605434,4412.218264457215,1262.979607810874,0.8200579532642487,1.3745300020470055,0.2722398437982021,4200
ls-783,female,4,162.27919755508566,444.05401209538866,1737.673761958631,2558.7107633805654,3802.227810113699,4637.666263420631,16.358198848872057,1.188222884896342,-0.24703488817941638,0.08039113414901708,0.09630236661368025,0.30200445712402546,0.10026135392306784,-0.024868411085849054,-0.007876385833886317,-0.1384580073242978,-0.12979567655707913,-0.12368442708475455,-0.0895714446859939,767.0581175241098,-8.38261879933234,0.006210054363566907,-0.7524430527368884,65329.61227640837,139.79667062788747,405.9871622231457,918171.2860944292,1.094954042777752,12.836744120154712,120.64291125585773,0.0904575875471674,793.5143715638087,,,,,,
ls-7835,male,1,119.15283266378428,665.0253490319338,2019.4890515880795,2940.6700146627254,3791.0121804817054,4646.757392624973,15.32401604898707,0.21911081733634918,-0.39847213030278883,0.19753664053449643,-0.02005989289646695,0.14016688096235,-0.0882413569019825,0.029265206760371188,-0.08060553522196626,0.013510519492400218,0.06099662384247105,-0.04434164161132523,-0.009102628966751378,1583.2696510399396,-3.3083997602412847,0.08029243443278093,1.6785365900828904,205584.38406609258,635.9849213604862,684.8145422259406,1226993.9695887154,0.8184007680493022,31.57196179997628,400.29702804029694,0.09544199244556661,1330.16677520869,4021.484250064464,832.9165082624604,1.7147616989621437,6.611241923753683,0.08282325709041469,3960
ls-7837,male,1,145.5360609079231,406.33698641390396,1580.962536925796,2577.560631840105,3493.778307593318,4569.00634064174,17.296772840249144,1.2326499576105083,-0.3151975536538507,0.43548812719454805,0.19952856728508128,0.12094470380491451,0.048814570418182254,0.035931543006944996,-0.06537708008480583,-0.031409466383924015,-0.09864391181932651,-0.15991851993364434,-0.08306896554558765,686.356354740053,-8.744183759389744,0.0026837025530552037,-1.9068973916589353,101463.40515672705,129.05397589720957,582.9175362481787,1192812.2704447946,1.6776438869237267,12.80009427762879,157.47748732317518,0.08828988364326644,1320.082815033286,5127.326661096913,1521.799385788463,0.4385607725049332,-1.0752815798963336,0.43872567288577496,3640
ls-7848,male,4,151.18577331369676,480.8822354796329,1632.5656794465872,2732.724552179157,3811.762323487363,4795.746711059067,16.131287201850263,0.7501738444691519,-0.046654607434339274,0.3449265980827988,-0.0319566958055937,0.0466681841166324,0.03990391458918066,-0.04655080243175433,0.0520513231248996,-0.02280736385970132,-0.1670977860001801,-0.09511040366356924,-0.027144302631166746,962.0432839363848,-6.622239055620552,0.008467083385752212,2.3349872425635314,77113.61848128837,229.01228871180064,419.1099382625076,847076.5270038417,1.0313060170891104,12.286786561795855,148.0275796742551,0.09024693192984355,1088.823266378662,5139.662564573655,696.705898778674,0.8075667117091969,3.7188177383682683,0.6072214728803985,4940
ls-7867,male,1,164.5878284038811,442.06575052417173,1539.236704537765,2606.398867905211,3711.1104114737564,4627.219914117528,16.678185171998926,0.8358611368072693,-0.08523141403381163,0.25943025462013647,-0.009883428603746594,0.15478784870815315,-0.005201558619994147,0.0035689777320745456,0.004627599755332046,0.07308066258861737,-0.013989151135537899,-0.07138360958948323,-0.028622483392085188,830.0423724026231,-6.623037590804307,0.0058013724319389386,7.180035251322032,183833.70987616916,335.4894416735224,797.6805172600223,1040453.2428523842,1.1136233615750417,22.451720405241705,318.7209405612919,0.10799710685179303,1393.0890063821455,5175.36761226859,1071.0921255223107,0.4040680685017735,0.35823104287874696,0.42607338266720207,4780
ls-7871,male,4,142.79994433004768,435.1268509808349,1603.7926057754898,2716.706212768603,3655.408436730533,4210.44340346245,16.54422751893235,1.1558573271929835,-0.33887130014776373,0.5724461354949717,-0.04626012010170794,0.09431900130889066,0.011490360622919332,-0.025637589110157653,0.05005298558402366,-0.05608636640677034,-0.08065489768603346,-0.029198785770729502,-0.03354380320130603,778.9585910673377,-9.353971070189207,0.00488580278372268,7.044416026719286,165999.73280751074,318.3622542636173,678.7251524302426,1112811.1598263977,1.2079419032717043,17.00297364694132,242.1143436549239,0.09346997145139493,1498.8502473562553,,,,,,
ls-7881,male,1,143.0965121977709,468.8918526486618,1840.634879601384,2937.715705726356,3933.9638800669595,4667.219158014178,15.243547660263234,0.5380258450355322,-0.16937181785452837,0.5026201948475286,0.0781713030492755,0.15316533982297975,-0.01467234806416835,0.0034983666451721867,0.03565732157030922,-0.09748123471310127,-0.08168832314226403,-0.018654565218116988,-0.03079481110200985,905.4660791648621,-6.016464259698157,0.007274982180063447,3.3120941874563776,151889.17919223773,341.64556235229577,663.3022527859189,1124211.1340820952,1.1519343958090333,15.36111627366476,245.82272571589127,0.10672317125634419,1302.9617337812451,4484.237811466219,818.203119117081,1.475914880971324,2.6818544715606754,0.17391546136527988,4000
ls-7883,female,4,167.60809498646574,398.6157220564956,1729.3441123804091,2626.8867952961136,4025.087633212494,4644.4901980242685,15.734433145510746,0.8563787610841533,-0.12376646751771836,0.08487860532219031,0.17262944740854547,0.39881810802967654,-0.10366583171835311,0.0019363189307523888,0.05843511035217537,-0.0440809210769343,-0.08700032570423524,-0.1512408514576527,-0.013178795714159698,870.2119931528816,-7.208106520624785,0.008896363547187772,0.8355598963513033,144704.83130110777,186.44856249064566,583.4246290670267,1043289.5189901161,1.2265247210215642,10.896910226226506,180.28177899285362,0.0905147616778108,1152.3433545393113,5430.828736754298,992.1534019305835,0.22382812281177644,2.3286528601837615,0.5733587165621433,5420
ls-789,female,4,170.9642447204448,492.35120633262005,1730.8363899442343,2731.5022460661166,4067.6895637989464,4832.326270902538,15.377691367397986,0.8358861396014257,0.12841658692773494,0.13467536057037893,0.16900683991915627,0.2030854077690387,-0.14424679645474997,-0.07178440914382599,-0.07010342132192725,-0.07974872078344244,-0.11885427634382219,-0.0928699639427273,-0.05014516718373428,810.0629952860153,-6.72878311133236,0.003709945995953548,-2.976267260360026,95678.24576541844,180.29291946063816,683.1552754016509,842608.3651036925,0.9264827400606028,19.262542099176528,188.36446270900478,0.089860544776982,1270.079077805909,,,,,,
ls-7898,female,2,177.20693358836732,450.3363496739553,1731.7864506272997,2738.498250525081,3906.677073724204,4976.556295877783,15.75698553547464,1.0255701304105753,0.05518456909110263,0.13221368434501976,0.13473737562864901,0.08331050104981387,0.05105770389543823,-0.003236452968820776,-0.06492829374086101,-0.019989490574634904,-0.06716455140631929,-0.016446619447907262,-0.010574201910959532,782.8454626850915,-7.4322968065127935,0.003317825379168593,7.897156068630033,142927.61036913187,317.9593764821799,677.5269924758867,1049155.503945536,1.1354212753780737,9.674810486164944,268.1195989368954,0.11889681941466305,1303.5041428345376,4070.6400735251273,1077.0121544129138,0.9414565235536378,1.0189289488335023,0.2385124945878706,3760
ls-792,female,4,173.21610364910248,435.13424620446676,1791.2568873354512,2922.6835362779,4011.624570453869,4766.137411659449,15.147847003685923,0.774944788152899,-0.267947337674281,0.34309519473278177,0.08333584538495477,0.16959390870592267,-0.05185832252597482,0.025098498781766832,0.04045080647787111,-0.1726453302602917,-0.10157310416318678,-0.026444724729427993,-0.05923567594946706,922.8153559017164,-6.449649912526205,0.008555898747070434,2.933979262018629,86242.4431884645,192.6771122457145,533.5165567348917,774815.5584902021,0.8043298005098836,11.805996802208451,155.04737365816402,0.08311577238609172,959.3515957641865,3656.074109560134,830.4852079614952,1.2759154191624114,3.6100160255605083,0.0719020506510121,3350
ls-7923,male,4,149.29491988625057,427.0409115214519,1550.2250062740695,2641.4372931086555,3372.282599427327,4324.093428370198,17.531656808648258,1.5180096844933115,-0.5660078364327815,0.42168426887767774,0.17173735688504843,-0.0019488197773223099,-0.03920579101261006,0.11658214659425217,0.04089941021884938,-0.06794770776622494,-0.12117183229525524,-0.1316563327797711,-0.03231942453985781,976.303184400181,-10.023372324878043,0.014984717756959465,-1.5010529705487037,165539.14733101416,171.18843238647986,570.4943635746847,1599846.7558392687,1.9285056584811677,20.971797136625717,201.66745865657592,0.1055329321536909,1318.5985128324241,,,,,,
ls-7925,female,2,179.78454728525287,553.8616521409037,1721.7713476881052,2944.210900849731,3759.2290752458975,4649.933878059293,15.807880081127756,0.9947297427898787,0.016956300473316574,0.20949762635412195,0.05460146211419741,0.06111989202344076,-0.17782874478932115,0.15115444777046838,-0.07097923710626196,-0.1776195631547125,-0.011684390703221682,-0.002107188608509815,0.03577406728128078,1015.2146032865567,-7.272437770289576,0.015025708993480259,4.235507284942107,219134.6014164663,362.59703460799216,822.733272267288,1468484.8651678169,1.4183127416126498,19.890762782583288,276.8517153045391,0.09883248841606751,1570.600914862931,5698.778995033765,558.5785109947476,-2.310935331781648,8.678472925504805,0.8820594901799654,5860
ls-7933,female,4,176.59157632480623,438.1307519402657,1604.0198889340663,2884.033180413333,3988.739439575623,4664.055363181493,15.391857510304629,0.7098784705792962,0.14128851791944713,0.4448833577320085,-0.003000085581085339,0.08332763085474434,-0.022590365437118197,0.022750976155974018,0.015464937805367986,-0.08923483024456949,-0.07017477006383016,-0.0539838211471248,-0.023329926713645772,779.7057858444437,-6.155944879748829,0.0030538729923123443,4.364565640626829,169581.61780486663,224.63867362900692,724.1395961632047,1226104.8484476032,1.431296766561678,12.246159840508167,264.09978728217766,0.10082433181500505,1543.1958243838726,,,,,,
ls-7942,male,4,153.16523860319955,344.88870862121064,1637.9626773282812,2802.6437811781516,3895.828442877285,4834.443808934169,15.82233332396283,0.5489252036138312,0.08175580251867501,0.3321612144006517,0.22136789746306557,0.22234930991907112,-0.019676433813677053,0.06579573361948343,0.034560362301571584,0.014865298013854616,-0.04906068480530203,-0.029901174670075116,-0.01845710345751763,712.4552606935281,-5.731514025097395,0.0031865481527845827,6.536500057035088,204917.89143506205,258.1150370486722,792.2977648927887,1262933.5396218863,1.5775493036042232,9.673061439779296,262.43423138027725,0.09818136394330351,1352.3055754457728,5429.716734689226,831.444526719575,0.45738843268529816,1.741857171651481,0.691151533128844,5220
ls-7945,female,4,177.28169076270524,448.6822421159628,1665.427616583508,2607.409613923675,3784.8756271391094,4826.52611232062,16.34973250861629,0.9315102623766096,-0.04123049925772114,0.11102011704555059,0.05112329390261333,0.14922925122178976,0.017914212549880133,-0.035477280961698124,-0.041157735342071025,-0.05353488348356812,-0.09355748723385005,-0.08820122100017573,-0.04883317055434569,887.1916839300942,-7.277768380592737,0.0065787924030013736,1.287900442171444,88542.78753845679,197.31425402226017,528.4239285123418,841543.0734640798,1.0198534848411116,15.28539180169161,153.03881181823158,0.0861650423456794,988.5114118367869,4053.997641376991,914.5737462563725,0.6238519455849172,0.6896732745645842,0.17148496896528614,3640
ls-7957,male,4,162.33489068516968,528.7609300872016,1760.846447184812,2440.769383085185,3573.7325116694155,4202.045332153462,17.05236656654158,1.1535510073802002,-0.6563481898432852,0.19120650926002258,-0.15339582424447282,0.25532025204742714,0.09981447480767255,-0.10905386052313804,-0.030275238954956894,-0.012118787956784432,-0.012346622170161508,-0.0521323187477826,-0.06385133509155971,1195.3603870388251,-8.322740153610003,0.04638177532290599,-3.7752063774255946,175180.17289427007,394.182887461925,674.9317819081864,869059.0227391571,0.7284455440657583,22.773718801629116,253.86415862340934,0.08721158811094715,1120.3712919607265,,,,,,
ls-7967,female,4,174.22596803699273,481.2452565810862,1704.2929436045783,2851.4567696206905,3976.0591550779677,5066.986979620818,15.415921894723308,1.229209586235946,-0.07139379852204444,0.17877784037858027,0.08276379547905012,0.0633711605882397,-0.010902850776165754,0.010524323526474238,-0.033963385267703296,-0.11719470985876315,-0.07881566450147254,-0.0559695631801108,-0.04214357672239216,786.4755164166293,-8.492793351324462,0.0029485119572802763,0.40328320012109176,100839.2305755195,299.6849122843919,548.8165322373349,648997.445859639,0.6816350872778855,16.035883042497698,160.47140062917376,0.09152840457210129,1148.0494159248879,5887.319123231166,1015.4017704628423,-1.5458409745982797,5.13011664183931,0.8980599992184478,6340
ls-7994,female,4,171.60053397875765,471.0742094003889,1646.110442891001,2822.361018914774,4075.6492872981357,4650.9493524393365,15.28085349662453,0.8955234447229062,0.12561208052040335,0.31014083222710886,0.037897920537703134,0.15351249413096082,-0.12754342775848365,0.054335446795956865,-0.014571300676821856,-0.15091688715980278,-0.08902565891901892,-0.1038804517857086,-0.0504852601555717,745.9736586235471,-7.3596044342989515,0.002419465609662816,1.736585835997265,100183.6084664096,168.1008513139716,565.3165670208493,1163545.653875535,1.3878929906976536,12.381253504212808,177.0474154209441,0.09504388927763437,1326.0191177737659,3747.8138430380154,785.6275447056788,1.3094347531036254,3.5594845778367885,0.08255681994405537,3460
ls-7997,male,4,144.3141514805319,487.9324307683987,1690.8227559712973,2646.2737559988764,4014.4291680252445,4999.485227841486,15.70599959770162,0.6904543850637691,0.2275355738644258,0.12783454092387153,0.08201258352277804,0.15358981378636466,0.05042256441214835,-0.04799818810942254,0.032716947794122514,0.006075360983919701,-0.09819434746212943,-0.07627734128108513,-0.020537870170560406,718.3403577356136,-5.481495402834871,0.001776928285132832,2.093321378277416,225805.30733181082,553.1101461069072,1095.5989041985392,1103537.6344393033,0.8331183811030117,11.751283423392618,276.2652653139316,0.09476338306714366,1782.873520127989,4201.989831409877,1004.3759993563924,0.7705239366469987,0.9625832510849064,0.20390110904672512,3800
ls-8023,male,4,199.868739767091,383.8761438386507,1806.285657788838,2748.4681613554694,3771.5212407660547,4569.476613076164,16.024198220991117,0.6751107778593066,-0.19075450341953754,0.49290074012293805,0.17192040352520957,0.23839410098676964,-0.032571310684331,-0.01694583177037251,0.0008458133898543332,-0.032020702561341235,-0.08126016117957613,-0.07206514627758448,-0.03516487910113297,834.2630982774144,-5.8156084149537435,0.0061165734937810474,5.89974680931178,180755.97160734294,225.5198949098895,698.4358225051889,1406577.3107271306,1.7498859899795989,23.86698955790563,272.52833556983546,0.09631803250139595,1459.9108763020777,5046.981365353638,713.4789367868702,0.820112385557119,4.42237127156457,0.3910718735751606,4880
ls-8040,female,4,162.65428098845382,439.05989013563385,1912.5787847281354,3072.275504656232,4087.429906331783,5499.999999999999,14.681680056931128,0.8130696328790221,0.057218428927498524,0.44244517403184874,0.1916762645228856,0.05779310156527458,0.09464623188996121,0.055309507253778686,-0.0019556396230691526,-0.15919589672966927,-0.03021661809000087,0.0004026254802432024,-0.09074836804169226,693.7274452763461,-6.949505485303288,0.0025700279118352647,4.754399414350056,135438.41294128133,193.39153795798825,614.3342315008198,1276182.8577527148,1.3092847519669188,11.475163634694994,210.2116015963641,0.10082742500528918,1173.6533786085383,3738.167244949419,964.4393054712043,1.610146526096035,4.173990414960747,0.10994381699404705,3420
ls-8042,male,4,143.18393607055503,440.73341305152775,1499.908217398992,2667.7368775682908,3564.8767944796705,5070.3575336905815,17.017065387339446,1.3259435534566832,-0.15462126187696038,0.20680636899739813,0.13490578126703254,-0.051205228342424976,-0.008192949322523,-0.005079422117662087,0.03196586816681352,-0.0038850696701720985,-0.10480747664437573,-0.13624122616347395,-0.042492263948967546,764.239789372026,-9.071375835293601,0.004290299438655137,-0.5316038979067359,86858.5390775165,226.59181290119673,485.17910955113234,977732.102127007,1.190992726313533,17.472595716814894,162.9491475131611,0.08938600022408202,955.674547879026,,,,,,
ls-8044,female,4,173.69742753883773,527.3168479360269,1599.5820831155315,2495.209240339652,3475.952159482449,4290.330112457474,17.284070513548546,1.3180022086666856,-0.44340193891007446,0.17892660523117562,-0.10760305189011675,0.09044825135597467,0.002407335681579504,-0.11888718936117912,-0.1274309434452733,-0.08821143736219955,-0.09297884955060035,-0.10344973156425896,-0.07023568526895288,1099.463511635341,-8.998242843422211,0.02119253568791742,-7.09593250726085,114141.53366999977,214.7707689998145,670.7366199274335,908475.2116600841,0.8687357868623329,17.29426413189445,128.1397112836906,0.09026411946151591,1201.0100574794776,5869.777076955617,996.3803972197409,0.33492172038068824,-0.2746540573777645,0.7758441732051686,5230
ls-8050,male,4,169.63477171378025,454.9886627849193,1586.7240491325429,2545.378923311506,3707.7457778350044,4755.250427222255,16.764422950885947,0.9120948187120861,-0.11498206031770153,0.04484295693510219,0.08375928317200326,0.15877761996477213,-0.03587532787080926,0.0030912442010891297,-0.011681680226708145,0.0011873335103050916,-0.045837942559245004,-0.07347124330109957,-0.05226562021238401,952.7888381627531,-6.789078505842989,0.009571423021239018,-0.9286534281131931,155559.50125635936,267.53208315020123,621.1798991713548,1044876.6261750774,1.131755350963279,22.709073589818843,272.5463913161866,0.09276882096903344,1322.156841082824,4064.525760766602,1122.4568958322266,0.9418872836754194,2.9641702566727144,0.1763781804267818,3860
ls-8057,female,2,175.66878390036695,544.8635544814139,1572.0537523350476,3020.237989474613,3919.8623780844937,4594.6238764662485,15.3923696594001,0.6654373435746319,-0.017905590830438904,0.39391825418802606,-0.1815909897025546,-0.07082500631885401,-0.07648675095797261,0.0748512956397747,-0.07855470916582512,-0.13591589300582047,-0.02977745480407892,-0.047404961737995036,-0.009999183303815936,1027.7564277126228,-6.127728282651404,0.010020783004034316,3.706482388400405,83402.81602089184,286.54391766650167,525.1901388082138,756740.3502134203,0.8377014766679574,14.478374269021339,117.08483555443182,0.07557971487276469,925.7341616957867,4490.560525100009,1031.1090512994563,0.8653258826364081,0.21137188137525942,0.28624582002041343,3720
ls-8066,male,1,164.9542532235987,403.67812951692866,1605.9826828857454,2593.6734388522295,3406.7672709877684,4794.626090206433,17.48444539221275,0.8998882983738108,-0.25238349161204493,0.18800794241667648,0.27228432857500345,0.06272075036282379,-0.014371451320893998,0.14439419959853114,-0.07152891643414763,0.04218063683045346,-0.03204721014701067,-0.08191614555697156,-0.05269511341704046,877.3472325079276,-7.266970354896079,0.008409460790244641,4.198856332985171,180246.773913264,297.52518406085835,577.5880748380205,1053269.1049888479,1.1305761301268142,16.705991837887627,269.5283532240392,0.09263506872176248,1365.49034833783,3589.938224281299,794.9880836633685,2.0547936030233056,5.666362018071628,0.05974908308904714,3380
ls-807,male,4,158.0425193044807,407.282432890166,1642.863147215031,2654.7220763066152,3687.573731390062,4701.713750862484,16.53186009534623,0.6439115832325638,-0.0720802391558443,0.33663740144581306,0.06537945765900949,0.21942202315432313,0.031442651744194874,0.030670384207533728,-0.08540174409473464,0.02343967111664621,-0.0875537721367089,-0.10707068505774314,-0.02725596168294956,843.5554612361543,-6.128917763434153,0.0065266347540248165,1.5675934529842546,140293.79867915227,217.63942028508626,485.4344168401798,1097901.280252824,1.2036440126769574,13.588119193854677,207.00947994418073,0.08844350215049307,1095.2263010425845,4578.149148287182,705.2255113887361,0.8618271219886307,6.336955138096005,0.09123017753077765,4560
ls-8071,female,1,175.0960582988241,545.6465847475778,1604.260367072065,2660.896464230609,3697.276546729178,4260.292869400987,16.50059590129355,1.075621703845702,-0.5658385512829665,0.4174074246414866,-0.15179760457681377,-0.14887460284360143,0.019771772420419036,-0.14004107009726718,-0.043023553117864946,0.03300910177189586,-0.09574395364490909,-0.06623932043759899,0.027553979943506456,1213.3377502700978,-7.641401193133235,0.02554725097359649,-0.11841714597781669,124137.17684189005,308.2912772055793,652.0169308376144,819375.0814884123,0.7369343943582333,12.618515056696097,148.6054792232305,0.07143069978873352,1486.3186044736767,4822.621120694392,1125.8410225891434,0.09422311881106074,1.0545646946844203,0.2632497497347627,4360
ls-8087,male,4,163.55030476049754,461.58518283547977,1674.7178533130984,2531.487890766505,3673.0295247391427,5188.372623041363,16.809188068424156,1.538298836493765,-0.1651239112803941,-0.014596053227674426,0.2534519530804407,0.12109754360885454,-0.024956816520810512,-0.1789793305337064,-0.0275773928163723,-0.03751705613258208,-0.08213121043009221,-0.11873754591766625,-0.017801511528397485,748.8457495297371,-9.853107580253626,0.0066719503370101,-1.784838527930729,110555.18221164664,267.4703922696157,658.5874976480933,834652.4890495918,0.9979943253076967,20.23817286732514,142.4682723091277,0.08579679608871743,1266.7008699243456,,,,,,
ls-8097,female,4,170.15727037389348,432.1880161275891,1535.2275771130853,2609.4945447519904,3873.6388373589734,4748.484825477013,16.22218622946609,0.9490658652886382,0.023352683222785095,0.32332315324152044,-0.08373364783756343,0.09189326931611895,0.037163995858692116,-0.03688415018618655,0.055729578615418954,0.06269566853780867,-0.0884847082280291,-0.06659663550126126,-0.01734660273018368,800.9117410070553,-7.403000786408316,0.004008054373667825,3.845006891398551,157552.73627934261,333.93686505930407,598.0082114566374,1016023.5672902911,1.0626703006021552,17.881881176989125,229.38480841997486,0.09025445244073824,1361.0914692883207,4894.886675544973,1116.8456430419915,0.9413384296898263,1.155003878879035,0.33166149262923444,4040
ls-8108,male,2,149.39475261627427,419.31918856108075,1619.3872918516468,2754.22812566271,3606.8382880279046,4441.742535423446,16.597484396791646,1.0195872062606963,-0.35433788256703674,0.48510008071625854,0.043026204536640314,0.02862094425748573,0.03154680443712787,0.019788546259234638,0.02489568764761248,-0.03962840718619286,-0.08445968402444676,-0.039963911467401504,-0.0041176344356235114,849.0244180894811,-8.010197104745759,0.00628940476604044,2.679214341816772,152670.984468428,273.24656377070596,622.9383199013414,1260849.4112451335,1.5201261948451685,14.511856283855138,235.2071612980032,0.09679145443804787,1246.781191341433,3208.3768390105038,991.5995964452603,1.5613502971197002,2.480242090777267,0.08975426918063206,2880
ls-811,female,2,179.2170934510551,544.4775714837392,1660.3878511180799,2427.9416006352994,3422.134079208908,4626.560505705354,17.669850017050678,1.4863269545305753,-0.2911102178277458,-0.03908511727477129,0.08004945738512134,0.07859560038276536,-0.11114102853202346,-0.048516080345406914,-0.0636466156160725,-0.08344710561069335,-0.0320958281975854,-0.03695992545004236,-0.02922179921642628,954.0383059589668,-9.494158823837807,0.011387184207668256,-3.087142781448873,128865.72853738723,307.97598124180996,664.6572573671913,998762.3293026923,0.9871454795093233,10.083572884240345,195.25891162870283,0.09028738673018565,1174.2719693651989,,,,,,
ls-8118,female,4,173.23446971064857,572.9506318562005,1899.5396088817672,2773.7462944251984,3819.157617089565,4692.2252059739785,15.672133686183756,0.221467089191572,-0.29311855334309794,0.09511478086134406,0.01165920602274786,0.20927717914899022,-0.08616209743672833,-0.000005818872932004775,-0.11567201423742499,-0.0073354890155029485,-0.08277079942396745,-0.03963676849650108,0.027478014280406412,1474.0543464127286,-4.159884889031799,0.06971596230103336,1.9821495827765376,181165.08787962934,318.93305484229563,606.258535357075,1143634.365831269,0.83511785230702,9.953841140886237,274.6829115373116,0.08916457642216452,1227.507305344936,4853.195608544426,966.55078844224,0.44197431213867056,1.3783567057740314,0.39799860348555693,4580
ls-8123,female,4,178.5594025930567,428.92341169520796,1653.4336159626496,2804.5782340599217,3816.2563067983933,4799.720683618938,15.925707260557548,0.9915943316058451,-0.03878560464570504,0.3478003496757014,0.10481731155999413,0.08254020470027952,0.03347483909179253,0.038317958363340524,-0.014822080290032257,-0.11537570668040058,-0.1269037205350003,-0.08010190658998981,-0.0571140660517777,748.9718758206277,-7.390720824480834,0.0032300008092673877,-0.8568236692116824,108607.54509771935,125.6378275822029,588.6398494421497,1045458.434781654,1.2901836768736499,14.818204818451704,151.20303882659368,0.08752959184370906,1132.4103035926137,3896.2364373805076,1155.9724502334989,1.3799491271156832,1.6485769696013701,0.17307837605548274,3480
ls-8142,male,1,157.04184883474844,380.95561073492394,1608.6943037969177,2597.610735527649,3669.827660859366,4803.792805582686,16.748744696811375,1.008476975980223,-0.10779995521974652,0.2159195227527603,0.08134686172699822,0.08103062496118064,0.15140415751342462,0.018000515534997763,-0.0027303602096204545,0.033448519273054304,-0.0870614165781692,-0.09612693558555496,-0.02872280029290128,784.2293853595335,-7.855820639089846,0.004590353774501449,-0.3976732506501299,117715.71712131331,164.81456256096357,545.6074864542422,925207.281312111,1.2114289241054703,22.056993058108556,168.9936517985303,0.09845800610778105,918.7003977885954,,,,,,
ls-8156,female,4,176.47896676344482,470.90527863716517,1782.0537733992614,2753.5421202822745,3890.5508241047314,4968.486117392254,15.799771408377975,0.5793670879860702,0.21409849124914918,0.1457160206162908,0.09976632362649013,0.07353165211556911,0.07791688643699973,-0.05040914781768126,-0.15104153875945497,-0.016702697555922217,-0.1233025264406727,-0.07657108800649035,-0.11398847868352807,923.7352035156982,-5.57422234399922,0.0063602900507153115,-2.4968248939726014,105388.45654064364,153.32446094780735,713.6662332740581,1050245.8534057606,1.2024227024821508,15.997678138367087,152.92051747787468,0.08908230694599543,1217.9760687520886,5137.158823505307,1093.7754082807153,0.940059151994012,0.14641956114463373,0.5254103156694553,4440
ls-8163,female,4,169.10089561931034,473.7381612417368,1848.9134689419627,2779.3688644820563,3686.7249062324713,4628.561639043752,16.15161030323158,1.2795164439680713,-0.37287500169283705,0.32318500882050516,0.25136653512533474,0.08066470443563059,-0.026739211814295054,-0.07069822762700537,-0.08274145545112946,-0.13003207748074536,-0.12099731374512603,-0.05345238242983144,-0.03077677346205419,786.7461032371052,-8.899198686741386,0.006767064811802919,4.247736026065747,72928.91509110921,190.1089960444616,587.0259162874826,1262936.736223596,1.4140077804066993,11.51181181737896,168.55219418631646,0.08698376014053552,1198.3465676889919,5912.811763202232,1278.504318723895,-0.4550372944618324,1.0609438111011473,0.7694821401744559,4970
ls-8164,male,1,141.10553219877414,418.21795675972106,1586.0635986522395,2718.995337377957,3708.6760163451736,4883.06232605514,16.43114701897019,0.998397784128058,-0.12592918237029774,0.363387880102851,0.22447076669449126,0.04052920493248233,-0.016125799654216098,-0.01277657716609287,0.011315663829319044,-0.017830403040865073,-0.11268279677104011,-0.10383094869289738,-0.04564773402929601,690.9093422007156,-7.910187710313146,0.0030263314905757876,3.9370072161886434,140847.1531165702,145.6589962165242,632.3267186509963,1005830.4855558749,1.241596792095387,9.12868076043788,234.68409376168105,0.10457944638410188,1435.2976454387617,5352.092623014669,1065.5869411812105,0.1812046646987495,1.262082445842049,0.5674990805433041,4160
ls-8169,male,4,150.01763900799028,370.030063577636,1536.9634830812543,2508.6608233342495,3851.0308727971296,4845.624216139955,16.474832448495885,1.1965443034003078,0.09977152486254982,0.24589164203926628,0.08023855555392062,0.24627363969991198,0.09594683257529149,-0.04478386008524406,0.06834368382288462,0.06897500574613209,-0.08072125526425325,-0.09066132256479341,-0.0642168210934241,539.7607011181576,-8.510099134380951,0.0008113022287932513,5.633349845126888,128725.50697081807,165.67523361336967,489.01157741598945,1108770.5686752175,1.7101771975453586,17.87166519028218,213.7140720944051,0.09210154673182286,1156.351469522784,4967.76783415886,764.4161208195752,0.76087948142308,5.4625670447905375,0.41784693843205845,4620
ls-8172,male,4,149.7035461911908,442.63853664439523,1625.0543551636233,2792.871052661939,3780.564110657616,4812.97606967596,16.082463380838213,1.0655279166371443,-0.1394091830144195,0.5665956935618175,0.1406146715053641,0.029190023384661527,0.030734552790522306,-0.16948668617721346,-0.03916206740321798,-0.03344647557357683,-0.17063392063142185,-0.09792218819165785,-0.06786839754914362,754.0634091867848,-8.041797643379379,0.003486584798819994,-6.929270060538159,76507.89046153068,164.44699532800593,804.1792620791647,678455.1669410542,0.8494492637720399,16.625959101076305,124.28886459959378,0.07902757429851193,1438.5335723467851,5770.082734999209,976.0043492306428,-0.12504570280870575,0.32823067599508726,0.7771241423845419,5870
ls-8176,male,1,146.08090283227637,478.64065139768877,1726.4136343729087,2652.216237302594,3576.3699137956464,4625.631165168985,16.72219796250014,0.9209297842900682,-0.4667801326833809,0.31092505861120245,0.1559974046829115,0.06872608736604591,-0.01693353309795117,-0.07375010030131839,-0.052966422235362395,-0.002017629232189492,-0.08132024204486628,-0.11628659096096709,-0.03307106171222937,1143.4506804361622,-6.707282397263038,0.027681294837893673,-5.782072898603584,98233.81115909232,206.52725546175287,741.9355465599183,798276.6523375399,0.8514798334592218,18.51910784477984,185.34310344255744,0.09648906746460785,1193.1858606234657,4677.7493888823365,950.1652767686681,0.6383541140757463,0.9732838229345204,0.2615852931626988,4280
ls-8183,female,4,172.30595079556082,473.56070328895737,1839.8491314426828,2671.480596754645,4038.0296260392893,4573.944648395338,15.443585789593648,0.3921138751662072,-0.0214580452897757,0.2074927836965521,-0.2030902599642876,0.42257612054863813,0.020436159716126133,-0.07213991064459695,-0.08020291594220424,-0.16802460477325246,-0.11209039498244935,-0.0781965466532066,-0.04124329716974362,1146.2174186747475,-5.09651825085711,0.01932234439324737,-4.226756802171867,93450.12774719262,190.0369820435149,422.0580536410487,1138760.0531050372,1.202173103225633,12.722201287585506,128.37725912217593,0.08127907511238794,811.2270325488726,4501.8256272709605,1163.7592366681351,1.0166704874121497,0.5393872014604191,0.2891303518299153,3790
ls-8190,female,4,169.86542755396357,431.921859133426,1645.4510021499668,2821.129124854502,3943.378676631941,4725.1003540934635,15.638594652951094,0.7340563436323966,0.07404843766977104,0.22751745358623543,0.0716246292144983,0.12862280650264526,-0.12598144664014743,0.16992948696548757,0.001478546339239978,-0.10390714464350215,-0.10725169515360677,-0.09700307977321719,-0.023700129040940147,862.0760306420739,-6.574714822141438,0.004823079853281004,-1.7619044023704982,104010.80654703357,114.70221527531186,562.3561649630834,1046710.1077125056,1.2455489504900372,17.08505259616826,170.87188181777776,0.09289461971365895,1269.8369897560165,5399.787146062915,992.2682647236281,-0.03474109114131818,2.493073282852661,0.6633107127052185,5080
ls-8193,female,2,180.0095514802003,490.5637926878719,1869.3189608822127,2802.8669884808023,3768.125255745142,4710.160073971434,15.813132995184443,0.7940535270834388,-0.147661520758715,0.1470949703288933,0.2203603252703731,0.20090455285292294,-0.1607580789115851,0.018682056650850702,-0.12476232261258738,-0.137194910712821,-0.10588047728080523,-0.051330092985177295,-0.01291639805902257,991.4273944259864,-6.499821167625758,0.017391576638699287,0.9792347220849871,82107.12972024342,170.4134105279255,538.8366992398988,927348.0145166202,0.9869144717797596,8.62431901103688,142.5598706697105,0.08077143017638505,1227.8092348671898,4013.5321669791756,1088.3338151625642,0.7315505149349251,0.8483422961829924,0.13311174131486198,3820
ls-8194,female,2,178.2891732184131,504.7076097886931,1738.2591362407354,2938.473761719073,3967.984745800184,5128.0982150425125,15.25284427547589,1.3086022196247833,-0.05837934234105705,0.36639700360937755,-0.05676393551509608,0.09965572035659453,0.11380487314703998,0.002325565412355912,0.023689187222781464,-0.11043923469497632,-0.060893151789703254,0.0434470360605086,-0.014639238552279964,715.3550230146975,-8.939335925799089,0.002780674135715211,7.748971132521696,151314.241223427,362.24315003556217,529.3454191860764,1212602.333199126,1.231762042317179,5.63838970670661,233.78606082379008,0.09597490999167278,1229.036368638932,4438.258198126161,808.0593738173218,0.7315088860507,3.5844590367288447,0.2524205619616541,4140
ls-8199,female,4,172.63529533281422,494.1725548252143,1836.3106780479357,2633.2037930043657,4042.658926389565,4360.17103863569,15.47746288679071,0.7208104242258868,-0.028703781395988046,0.3836996991266741,-0.23406488178881696,0.331207927782951,-0.006558481429710062,-0.17373905951575952,0.059679398097977565,-0.13825745507770218,-0.1190004884489401,-0.09721774636616784,-0.07503620005470359,1088.2742746456036,-6.783128380313055,0.020460806784662666,-2.6082106135328518,182443.7578594316,209.25626995598856,911.7233607924475,1412289.674530717,1.2620644325093326,27.32461932354305,171.06667172045985,0.09118061000368097,1600.9598895864697,4846.613936375895,773.6513383534316,-0.01671958935633311,-0.1025122554276019,0.49076842739029325,4340
ls-8200,male,2,165.38326377037058,495.5888822468496,1622.1956369926554,2681.3755772146164,3589.466773362373,4922.941504399061,16.7446989792069,0.9507656400245599,-0.08837371954968369,0.06946496157513621,0.1776055309041496,0.014322317318134794,-0.007583311451106417,0.018203669311113668,-0.03544210722254733,-0.04988127706173457,-0.09366386156445099,-0.06302668969262798,-0.016875510053416455,935.1911374836508,-7.280869145540333,0.007527196062817975,-0.1762852552346419,116337.29616426297,317.2692508043979,484.8192867072469,1072825.6782184853,1.2503841837269802,13.664139807063131,204.55865278514187,0.09034162223637932,1033.2112161305972,5439.965412122375,1108.1454853569735,0.11544614855322073,0.5869939096806687,0.6184325820880843,4800
ls-8215,male,1,184.25455152558305,494.8560391759227,1632.3875468187111,2781.8611848341275,3932.6926306084756,4736.157428304432,15.695009277811474,0.47904804555588415,-0.17686916829078864,0.19107680173958816,0.014789246863366296,-0.01945995207011168,-0.14254003235663726,0.017402288566129534,0.07836190444951692,0.033829557917142754,-0.03825517922738241,-0.08413953928490508,-0.045955666122638336,770.7235866678853,-6.386541220433583,0.006053620970428327,4.678536041703457,208002.31887883865,1000.9229378075173,1230.8190777891143,1240387.6205463845,0.9218767669602739,24.258738344391283,287.70509496791664,0.09078317771857608,1750.000239759193,,,,,,
ls-8226,male,4,197.52099324394987,415.10752181696,1607.1887597750351,2763.6430570606217,3667.619515348947,4542.041773830995,16.44781010406897,0.9801747337986477,-0.3324734926373134,0.4687663858141693,0.10973362722259485,0.027243817513077678,0.029721800070907474,0.0020940320793251003,0.07603667649862053,-0.039069552280681624,-0.11937888821648193,-0.05243087638099412,-0.019452621299393385,898.5176498312544,-7.19507890241893,0.007213482258464155,6.732311564775858,161244.7129748917,281.9561037105575,613.7612671006397,1143446.3450329038,1.3830307267367354,12.995769363988654,217.18124746582566,0.08900599837237416,1375.6300166267722,4437.056044976254,1198.549100877543,1.5311258593747379,1.4070697219787915,0.1883005148469407,3790
ls-8240,female,2,170.0009622144172,484.70988290116117,2162.0931149676667,3231.92324693918,4385.603991468615,4870.808274706829,13.654687995699419,0.45670878001812426,0.1853653264159456,0.43248202489589116,0.10488601682900803,0.24776660438372017,-0.01305669482165819,0.04823555459461112,-0.03401882919266422,-0.029374185616273384,0.017780457275754266,-0.037382621405021764,-0.014492070556265814,733.5024011057116,-4.824631685695225,0.003069631958267149,5.743117551774963,280890.9500767301,491.59012047238707,905.6299945425172,1579516.6067006642,1.1772155404277471,26.324097910452416,295.7151515113669,0.10417973455903319,1746.3356331433,4700.401393033968,769.0034996792397,-0.8353910079686291,4.5940426255592,0.33434852556926176,4740
ls-8242,female,4,174.6301376933774,395.247821033636,1798.8698641309948,2827.513720277125,3837.0011116295937,4646.358933893138,15.686897221817201,0.7571031337976055,-0.148777284570043,0.3375146094421875,0.0817361828969921,0.17110129387237438,-0.027896227790311947,0.05545447431568078,0.009279786983735504,-0.04515940158611002,-0.0045859988017322465,-0.04507452238056028,-0.04784119707133947,912.1071512513852,-6.717358021926645,0.008018645815591008,0.3283194037619782,134056.99189422658,272.30868324195905,673.2742952964874,1056329.8111508887,1.172188576870436,14.37595226198589,176.1279952277945,0.08724238366433346,1167.5496841325107,5508.782303296655,969.8708619452699,0.10693088410394315,0.8176802735476625,0.6826558593681148,5300
ls-8245,male,4,143.929143445779,451.2149863977975,1532.6925397301534,2576.118154503046,3547.186854908533,4460.114793211654,17.168188173614457,1.2874415769464407,-0.37179414934752064,0.4602945195232693,0.05783046643928057,0.01556878348210431,0.06600665894785149,-0.0606975174630226,-0.08687107931299289,0.015500491212373672,-0.12355433774982395,-0.15022150593712685,-0.04378708157490696,756.9908052003458,-9.449858243848745,0.004533173397066616,5.577296401474387,121653.87265258873,164.4234070705643,577.0416446252002,1133974.240329884,1.483084272775009,14.53051777656337,183.04165694462,0.09524408576148899,1132.6541926348482,4552.554401878116,1051.2532089515207,0.589323386085383,-0.3456154950561554,0.3064299307242374,3740
ls-8250,male,2,148.89445105660923,453.7846043545468,1781.9340610613508,2687.4536924750046,3639.9070623717325,4742.582451338181,16.43876802182593,0.7199737247389366,-0.38434144533133546,0.33671353145487143,0.17709636903278098,0.041130275490651416,0.004066559340853941,-0.07089388548939679,-0.06831156684188985,0.050864146512336825,-0.07306063956459875,-0.08777152286066683,-0.01799286641266266,1143.3175807286361,-6.387760325541267,0.029235736595444272,-4.570291574617142,163345.13712509378,254.84458116086108,827.1134108538606,1192014.1780491932,1.2005168946852331,10.672931550018829,266.55930116630145,0.08516543271681708,1466.3125689607568,5529.651939881172,1053.1072926748482,0.04792381315619337,0.8574897351735153,0.6895460435217499,5140
ls-8259,female,4,157.2341285530067,425.8237713129072,1814.6878215734737,2961.3351293227965,3844.1217826491365,4826.524242781841,15.42411138218878,0.5418928768847168,-0.21322252714674883,0.3488065517488127,0.1219035457322582,0.09309500346889699,0.0933246089955517,0.06036184627012424,-0.04819762210098685,-0.0870378794401259,-0.08153427858704376,-0.028018466041340315,-0.03718331622541257,1048.8118978288708,-5.786920532971621,0.016838806234342047,1.3492976131453251,157454.65568269626,250.95054756980193,559.5408334591549,1257812.03986623,1.2525710133828014,16.972367634595187,226.60912980898462,0.09916844940555514,1197.1222419864964,4531.978343194886,1109.1295969991515,0.6842430566862896,0.959199776916414,0.399078281560279,4260
ls-8262,male,4,151.07950928528533,497.08822336269355,1722.4211490455677,2624.7283808615894,3599.0172273054523,4914.433430764706,16.71679101391595,0.7362749627471519,-0.38226940452239344,0.15429192435538427,0.13240661418373284,0.00628411776551269,0.09404066608200456,-0.008816984307621917,-0.023142118285466647,0.08915390349762478,-0.040976099435172796,-0.1254465239090892,-0.011125180030053894,1103.3265652013233,-7.138495294506618,0.02483279122513473,-1.76454016143652,193183.20496026613,486.5372302265999,708.4170662372883,1128173.961130781,0.9259860775313934,24.332963893810962,280.9735346111614,0.09274545214732996,1403.8704442497803,3389.930537870888,947.0641086399198,2.036088088355143,6.5522776792942405,0.06510355284610093,3250
ls-8266,male,2,142.2490215686443,875.4617209158573,1983.6933063836952,2960.9382769451477,3631.4130540235647,5445.135243459958,15.624444855248715,0.8135956057525198,-0.5434185553792512,0.05142069897863534,0.15636503819337066,-0.11674641248671616,0.07963548417057051,-0.06736812231102696,-0.04829436193960517,0.055610825529427754,0.057645986850365094,-0.04839253358662629,-0.0027183323569912425,1294.7457891472604,-6.741610918531282,0.07229660478319111,0.08068323760444776,216849.31506387301,698.9060463841577,811.5869334907527,1117149.2813381613,0.5895571622147373,7.4362763026712235,326.3532830230654,0.09030782760035286,1358.7679751614985,5152.161231533578,1070.3594231988222,0.40129646648746187,0.34997422792747446,0.49640812190847816,4460
ls-8295,female,1,155.74639681640255,598.6056582226377,2190.67194692324,3341.0597819892046,3995.2749835521927,4562.032660291179,14.177462595554095,0.3951445908389915,-0.06326021907267912,0.6098055358027455,-0.1890112056655975,0.11476711256809814,0.07774567215463216,-0.10408174076851871,0.08710165024480103,0.02167146922802971,-0.10691941917347444,-0.010534339579871637,-0.01383095931589548,1155.2373586929416,-5.015553091061979,0.01975164317481676,3.691906896041395,289252.24624774314,867.9297959830452,954.9756448503492,1589759.8367469325,1.0222221536199518,33.854536002518834,471.9416070143042,0.08814548674143789,1636.2495536223082,3978.4421721575977,1003.4047730087665,0.6762840470887669,2.8198522618581956,0.10783294257886283,4080
ls-8300,female,4,174.0884905568654,435.709208122145,1661.5414987539323,2682.323527176364,3799.8564701147097,4895.582997183634,16.126646594011717,1.0211968038949089,0.16822359347687532,0.12136669429436384,0.12023564673851332,0.07843219736179417,0.07680736904452876,0.06938115193908553,-0.020353205095664077,-0.045343863301281054,-0.12316859223381268,-0.09168058666147744,-0.020178662698695414,694.4218915401016,-7.430639904594559,0.0015424174501400493,4.508530569592896,128448.30418616999,214.62239776693488,496.1127678233006,1188188.3915177616,1.3694586680236356,11.677705806240747,235.33387316073146,0.0969635674867704,1238.4779769840702,6256.620039182984,961.4262617523591,-0.9952201329722912,4.493074314854329,0.8780175309557755,6200
ls-8307,male,4,172.0958574927186,455.3190112268049,1584.328541665815,2511.155061559737,3506.9394930075696,5137.3530163165915,17.356437887308555,1.28385239182398,0.03997936949309474,0.0190621188309503,0.20000882299281694,0.009128197931394947,0.03137369766577032,-0.004738910118611511,-0.05448391750811179,-0.05646425410197578,-0.03546333496187419,-0.12355902884051134,-0.07934146314237955,625.5354931206002,-9.300567504538805,0.0010561823272437145,-2.4287859181359144,177086.27479832066,285.4825112408019,767.3167388609204,1104024.6701270752,1.184646544999629,31.427137696531105,190.68070933572886,0.0905784063067372,1633.5943350339503,3612.8811424907813,948.053538971438,1.0781933730606599,0.4493589015102315,0.1943455277558061,3240
ls-8316,male,4,144.5881213686986,473.77606988643726,1675.9987841390562,2602.3276003345127,4004.4456949841606,4673.938034653836,15.798864169490281,0.9293583421970946,0.1394145784188015,0.21184502598405258,-0.0775424856297824,0.2640918108865136,-0.029569567715418174,-0.05129892496318777,-0.030753964526207135,-0.1067184696881353,-0.10621705379976787,-0.10959912813869094,-0.03378822552062486,744.1917291371332,-7.346824489263033,0.0020364526115605897,-1.4937323376330975,73914.99471678984,256.92176969387816,393.7185115868957,783293.073114733,0.9621940145354639,14.89583878132597,151.93250929206405,0.08604335897213311,1068.1759651234106,4646.264788470658,446.94026437884463,1.3767245424079233,9.132085670723573,0.1723421523650976,4200
ls-8324,female,4,141.036902034835,438.65395042292823,1522.403088115141,2761.6866812188573,4167.869592739393,4854.2355738843,15.285325308489663,0.9549494142434778,0.21730102868059104,0.20688669484306788,0.14814592371798918,0.12306253550086355,-0.18853737547284516,0.042199491788438126,0.08426504904437657,-0.03821473882522804,-0.05524342720896541,-0.042326864189157584,0.006047545799603418,745.6868975126167,-7.857792779073428,0.002766916435962801,-3.91629361369601,187752.46321263065,305.500902101282,989.3761745451783,997979.2052141193,1.1324921965423984,21.095155017997005,185.80050843210165,0.09691683484895533,1599.3581686419964,5787.133993748647,929.1382658306991,0.37724981668014856,-0.19974806244652532,0.7858528660978734,5380
ls-8334,male,2,145.6680782600149,432.81946957506455,1705.634799545539,2597.8124188174734,4137.570787686169,4984.315860182254,15.477060231243993,0.6425644931754428,0.33258199463775207,-0.07061577147905522,0.0038729715589884764,0.25938532158929956,0.027556333676015052,-0.04987904855870756,0.006310593248055257,-0.06062795624753227,-0.07501830158574474,-0.07912109153155876,-0.061666719112311794,950.428606886592,-5.565320550435082,0.00932711002502093,2.5542743932258425,155562.7583311599,218.3732345819309,637.867735723287,1087520.157968685,1.176778382514279,18.142232909813618,171.01199518883266,0.09327572977089116,1103.7635615261852,5218.126042748212,991.5467236010247,-0.12316614771253365,0.45900966016651823,0.6074885940722755,4990
ls-8337,female,4,165.22232612920538,472.9740214951399,1776.1693208215006,2934.894890588428,3971.790911036684,4826.53127598721,15.20372217664627,1.0989558479949109,-0.06935703158593305,0.379853931893701,0.06246590931335671,0.10619856156255716,0.010286321132062381,0.01380146093063283,-0.001351246845183703,-0.1069112003409696,-0.057888677599972606,0.0021999223875355913,-0.030936947372371022,724.7765383398098,-8.407010496231393,0.002531638252236532,9.487174270379889,164542.70809268358,259.94221756312504,707.5019403126312,1216332.5296038785,1.273197132058896,9.198799474004854,232.25220417212591,0.09912300762885955,1409.189688076001,3992.53429103042,911.0191620529823,0.9354198029263896,0.9340885056972846,0.14531093655971444,3700
ls-8356,male,4,151.2369867166281,352.1703579672159,1673.390430924378,2821.510777482716,3856.9806724823175,4633.866715156386,15.82364827931691,0.8816087053113293,-0.20341623467434916,0.39176471574334215,0.12861451633798465,0.1443957315246418,-0.050381393667540034,0.10484997354682346,0.1728260175061285,-0.05576868971379261,-0.07757686825352278,-0.038701198885943686,-0.0017963368657686065,690.1956476164413,-7.215184432497793,0.003362974301038784,10.303748694864979,191018.72918882815,288.8093290384978,574.6909359066759,1191042.0556980814,1.3463656565245987,13.43066003918483,271.76439554715887,0.09978358467083297,1409.863351180889,5387.22947717816,1287.8660549091094,0.37661723000163205,-0.05990986774703755,0.4898287043541448,4320
ls-8388,female,4,158.3795963942569,442.0446435364953,1669.29138256759,2798.8165802643753,3742.2381129494047,4499.655688371595,16.12075830755102,0.8594427898391427,-0.2478129999585127,0.3664470126743755,-0.043787508663703734,0.13610354730291627,-0.016137119642640693,0.04966634675140266,0.018226086226824503,-0.09085955687809473,-0.10479056123673426,-0.07235975564584449,-0.01283533319371822,884.6687560998552,-7.5837899926959,0.008738583927388395,2.479631124551827,126261.68800892963,235.41411242449564,429.21746923686067,1013481.3889403327,1.1045863450608793,9.182672918643242,203.10547156141655,0.08493460135986944,1041.89969108581,3929.878746308028,535.7665115733292,0.20849070082118387,2.516468984036752,0.052290650083096385,3910
ls-8389,male,3,154.76855273624923,566.5761256671105,1456.7412235710551,2432.4704571627717,3488.7014223825067,4833.715110042636,17.548691259316822,1.1537433077944432,-0.3190861246769555,0.06326879122047055,0.035314510308425355,-0.06016714244107188,-0.018748613667475374,0.0010765958356160007,-0.1204001973395302,0.048832873604194915,-0.024226266692013835,-0.08304696551858218,-0.035468781054148434,1072.5191533262332,-7.89322561366189,0.01938210777806522,-2.6294818709076253,122546.30109541496,292.2839409652423,539.2645493102596,835548.6101718359,0.8779288528068772,9.150197595721428,222.16977718770494,0.07827075150165029,1096.4229788460304,6082.999024869947,1194.7192106579726,-0.4405797705909781,-0.3258496356438956,0.8144852023521489,6660
ls-839,male,4,167.1838880190624,573.4969700610927,1390.7687390678336,2667.466615062346,3584.2147259515637,4478.51839833823,17.058653605943146,1.007178799524345,-0.3041570791422793,0.33682447717095954,-0.28650375542964335,-0.07347735973499528,-0.14013447321056383,-0.05138051629167066,-0.07885020106043664,-0.061989209756118005,-0.07037973837324481,-0.12216973429696953,-0.02438299396444321,1017.4515500027865,-8.052224013574524,0.012002212582492731,-2.463963669746052,50289.21461307419,172.54310454014114,448.06192133643094,298543.3440027016,0.3442805849805026,14.68220443272826,60.73634457604928,0.07032473598252323,957.2003655877753,,,,,,
ls-8396,male,4,143.05399834460843,408.2962205409209,1586.1892989110252,2639.419862520567,3634.963722047367,4885.940651853639,16.804198572728534,1.0885861672387864,0.16148144801712572,0.21113199375471853,0.19017280367863526,0.036609109387711225,0.06803059700717784,0.07056210684207903,-0.09527241038378229,-0.03563541287867529,-0.05643605998242872,-0.08795262608239368,-0.07492261852614554,589.5720404732756,-8.285049915124542,0.0010830873357832466,2.4292623696569917,98596.08752921605,166.80008097894836,579.3819199703343,897778.0077180648,1.2858166793462433,7.947962271771611,188.83917868658682,0.10221191752124832,1113.5149540063953,4049.665416791958,937.6270559276838,0.8554660355326802,3.488143503433444,0.2023412051070147,3450
ls-8401,male,3,150.13586929779376,397.8495826936562,1559.0923946288958,2706.389853549342,3657.0427493408315,4618.065399416374,16.74184891452055,0.9545500413678265,-0.09448849213538027,0.33346693802940564,0.08604648910545235,0.06756005538386436,-0.04164064558186371,0.11685082815377898,0.04582899181911557,0.0187164708473804,-0.01687121350721915,-0.09520699955196296,-0.034500663530942936,769.4176052564344,-7.44547196647558,0.004955960978515864,0.51514560591467,165357.25116698866,279.1279380935872,605.1144633584945,1100499.9419756136,1.3127567393803328,18.601688412486464,290.7446552335214,0.09937709203091392,1362.6124023028844,5172.729402379477,808.1785297376366,0.7687156192357916,2.8985937693153767,0.5540517910619361,4920
ls-8404,female,4,167.72561067979905,637.5213347400623,1732.995435470379,2903.538870874731,3984.685092571655,4738.329316162074,15.378683536365127,0.4296301772889233,0.01005267668574707,0.06412144934976018,-0.23441807828333044,0.0272276127495963,-0.15086974899072597,-0.06169422210835779,-0.08883811656530191,-0.1350643091044781,-0.0848685627012106,-0.0189186798108995,0.009575534996182642,1353.4071034688693,-4.918114735866261,0.025155968036941572,-6.288226606349656,69917.1396273356,201.92229776504712,500.9189563682223,404429.69027650997,0.34803027780522516,17.724879271293574,142.20237523115304,0.08781960758160506,1005.6852209072711,5774.51735628466,952.5946309783974,-1.8556012127979087,5.097302548383734,0.8882403421003822,6000
ls-8410,female,4,176.06120705193308,555.9824155946217,1606.4595482016607,2396.4409478223088,2939.6965456411117,5269.289383601964,19.40151259284929,1.5292699452505443,-0.10091359609590912,-0.5364756862106537,0.4514325633721695,-0.01481794635514748,-0.08360285260589369,-0.10089469271986701,0.038973062377278794,-0.09184895743543403,-0.12244661290861966,-0.05089812329323523,-0.006414974232582654,980.766694876387,-9.659779343160736,0.017267887569252773,-1.9731671485873947,96221.28999317739,294.86324723954476,496.9429284531857,729111.8995969996,0.7008451515227687,18.564054542850535,196.77309257953704,0.09129182545846415,948.7394965006443,6145.45462598186,1103.2117518015898,-1.7762639908997802,9.48243651207281,0.9607991597635915,6080
ls-8413,male,1,129.44743596053326,429.0726940005804,1535.2109465632905,2590.1657434557337,3627.106860670646,4518.521050816213,16.945134681287893,1.164665180757822,-0.3006890972085645,0.3452072412678606,0.06311109820988985,0.0977621976593796,-0.022057877763232783,0.010393163048026935,0.02788540951755115,-0.020857893500862795,-0.1290052442396755,-0.19134806054958395,-0.12176744346661653,876.9067315821121,-9.182103653862015,0.006809998298419703,1.5556394422001252,124554.84831446061,122.32734215597378,577.9987407571161,1228161.4044053147,1.4407772332169255,28.375153716646896,151.10633277066637,0.0959000790713917,1244.0633530663679,,,,,,
ls-8415,female,4,173.7673915297048,423.79610644884684,1840.5001542214513,3154.4038233008696,4188.070797372866,4974.939678778077,14.388537643675864,0.5024988138970293,0.28360837073933853,0.3064811896242592,-0.003113299249032802,0.12763937551650695,0.06750204933349839,0.08851048218532975,-0.07266944388249794,-0.1009967881811516,0.01729609366379458,0.0010595399105749349,-0.0121987807223263,847.2409815270763,-5.010837557202722,0.004030794411440884,4.171712685752901,136909.04624389615,355.9901922474213,538.2704948608321,1219174.1181174796,1.345478951219575,7.169108194821144,225.5012035970176,0.09199285777093455,1191.0048815004652,5530.363496178661,840.8969506762085,0.07003848770998995,1.254338762625784,0.7599551769389759,5560
ls-8425,male,4,152.09159972671114,362.5506646411143,1560.499051027065,2547.0996744849676,3625.135510522695,4517.712072854154,17.012886978183786,0.9989885084539263,-0.1538544433205957,0.4012858165385863,-0.035965817964981994,0.1654992501080066,0.15596160120344138,0.057321002854889,-0.014776312222545636,0.025130286977146057,-0.052839759251515205,-0.1371188680238053,-0.04681650685318635,730.5995584518406,-7.700528384309692,0.0031752446351838467,0.9026931309920705,147307.45642790876,185.1148038812885,501.41843964020734,1084026.7564609866,1.440655736419072,10.852357420176698,200.19850013861878,0.09414981913312948,1051.6354524678504,4760.425893166447,1173.9707870704224,0.8823140980280824,0.20767066466968265,0.3271003028763716,4020
ls-8432,female,1,168.00377429778072,492.02304021360146,1592.7492786291753,2476.587120650999,3806.0354503947947,4754.442715176585,16.593124646857877,1.203997059405545,0.1912106647550997,0.18145604336933258,-0.16057586298233223,0.03726633958391839,0.02330461835344627,-0.05399348832453502,-0.10218766549601944,-0.05740909737426104,-0.03170452721664342,-0.09972527958890627,-0.03168137586580597,771.9349365339577,-8.134670631894007,0.003000405259494563,-3.667155500667464,93010.84916720648,247.45598582258947,540.9578746444113,471657.5186591254,0.5257470503057513,28.560855526652336,152.40910852882044,0.09302374458517682,1229.8716345772352,,,,,,
ls-8441,female,1,176.04516151207076,474.1436631915061,1624.492678884776,2940.8764839086557,3999.1508806407514,5499.999999999999,15.297820376058741,1.3663867899894173,0.16605086155665386,0.5287412344204445,0.06992534160226375,0.03822794529361633,-0.007431709356543008,-0.05748784543899677,0.037707969578641816,-0.12064244043650096,-0.10789311594984678,-0.01626298951628762,-0.0638758719936858,596.4934647652722,-8.787993219548014,0.0005820063933106108,2.945598651229618,92104.01268660142,222.86093216823338,782.4955228583069,645473.181820694,0.7883492841065756,18.065761312826403,182.22166820868037,0.08160363729566236,1395.052100836047,,,,,,
ls-8459,male,4,158.7717694261272,346.56585322981107,1752.0181235912937,2776.822068225645,3676.468271107282,4373.942021537984,16.269162590960534,0.6708816309780113,-0.3418987567316961,0.6341174544995279,0.05851809343254757,0.16813372071815919,0.158284107168606,-0.009242120270021387,-0.03130538287653607,0.0009490816617719429,-0.046124175922334226,-0.051365619103954166,0.0007750899730990619,962.0735706750002,-6.340073642247184,0.012969565311205723,1.2025587538434743,146104.7423368903,174.93266435509562,604.930775492745,1447677.1949463156,1.7623032251222508,16.731571839247255,223.59276983988838,0.09592343611414995,1235.2517675233164,4534.905939875089,1064.011601526714,0.831070940854618,0.66328629828224,0.30043857998884216,4050
ls-8464,male,1,191.72206844614294,481.48620036250645,1370.549595507682,2754.0743071175825,3822.4473373677624,4673.244509273862,16.289663321888806,0.8528600477261766,0.05777193197688303,0.38840748498858874,0.1368383078633037,0.09076178239442219,-0.2686276117187606,0.000054387271966515524,-0.031447965045649645,-0.04043700999216027,-0.07638213790130402,-0.022483883645750567,0.06695797574369985,915.249493121896,-6.484377744520877,0.006857436374889137,2.5013659656465848,144119.15962668162,285.2836729914161,958.972657142087,684330.4020314444,0.8643240620476916,18.689444740372927,250.71589790060366,0.08342914986707954,1404.285445998281,5357.546824281156,834.4819890295161,0.4673410986531893,2.587151612875634,0.7845387163153803,5160
ls-8465,female,2,179.9978380010384,429.2938311844027,1806.812066153067,2777.684920865297,4015.10994576551,4812.399463987069,15.363537460175085,0.8114244785786912,-0.001418191432603251,0.1573982898294912,0.11629184958714314,0.20470359400542043,-0.014855444004002764,0.02789071373977308,-0.03582928055283592,-0.07495727277566525,-0.056094206304216715,-0.06871019705499617,-0.05405993341509445,842.3564700982515,-6.829848774777231,0.004914798273814235,-0.28482524834968814,126084.97113486516,228.27608660532934,634.7266928885391,1002950.3478655217,1.077742742329209,13.234290231065758,168.9548771111806,0.08849494371558117,1271.6809932353617,5920.545324069957,999.4452844778201,0.14548976713996126,0.2856619626512755,0.8774418052555982,5490
ls-8466,male,3,145.89248006719777,425.43383378607075,1418.4367957643358,2501.281704683813,3634.41528525249,5006.096880680921,17.260135576816914,1.003697029665287,0.1656041249864116,0.17904335901972318,0.15230832071645395,0.00004936496915811808,0.1142951514559981,-0.04373308611720981,-0.07693203964115056,0.051711968558892436,-0.06808821047961357,-0.12650844145132725,-0.09312801502264638,691.0800000516804,-7.608122328833092,0.0025522077790706664,-2.098111618446601,96376.35900402066,168.63593357166314,489.6052565981379,630083.308726529,0.9089330338672805,15.849106074695818,165.56381950281857,0.09362152142607767,996.3545138623392,5113.595954704473,649.4119606794025,0.8965736349009785,3.258708310419916,0.5710981511911488,4900
ls-8468,female,2,176.79902742127044,456.5105458621701,1536.9553675291459,2856.4022628420303,4019.418869463381,4743.845299914124,15.479742950099206,1.0290283060452494,0.1275661306826605,0.3279358114059653,-0.15965843512166178,-0.001731237831199264,0.007327779247997793,0.01217488291672492,0.06749804345673338,0.0017398594236339307,-0.006805070435030372,-0.0001013567304106079,-0.032658634187721566,767.3418236560256,-8.08668496441016,0.001609525910949904,7.986664686074185,209277.98937462285,518.194372927796,779.0831651795944,1386485.9859187375,1.3395126127369745,17.96025783117038,268.25088932842124,0.09766672315177885,1595.5673812839782,4217.2079485283575,829.9321671087004,1.3770810562091493,3.1716574297231657,0.13736369663693931,3900
ls-8470,female,4,162.81145208420907,466.40345308768167,1485.9309865532282,3134.271920585013,4112.73288240329,4550.628424145998,14.890418992313766,1.0795370862585716,0.14483111173409505,0.5785014038521885,-0.11466640930921468,0.03383034831080592,-0.06362816817903619,0.03449635120561279,-0.048116027803368835,-0.06758327060837457,0.035992559008624116,-0.09126718498864703,-0.030017534089154148,685.4204772232297,-8.216062272530854,0.0011714419224744086,-1.0133916078698966,138095.0583043248,389.8219263120021,710.9825369030086,1102463.7230295518,1.2882446032167385,9.57821662087964,226.13213745288778,0.09114485809850797,1615.0408609201913,3761.7093329120007,693.9929995080379,2.5198416545391193,9.429293019522147,0.041988461562827234,3580
ls-8476,female,1,179.89266960720738,496.25891391485675,1863.3772734701408,2819.223705640312,3884.7909925293916,4577.859159625342,15.5141692647465,0.9449789604522385,-0.3660771753924705,0.26954628379667867,0.10840496985767738,0.12300092192663512,-0.0010032917301785581,-0.0534681412850895,-0.005876023337207214,-0.15745510164765647,-0.1096818587293587,-0.02944855963046633,-0.02548206783707767,1027.7232865877195,-7.280136774795335,0.015881467557255582,-0.12410038487744343,134913.36268621992,277.25705940205484,505.32669152941503,1490168.4375862163,1.4455225053057827,14.54522898324186,148.502654782897,0.08887163398476326,1164.1887696757403,,,,,,
ls-8490,male,2,172.95180490203776,459.849922602359,1778.6589453524828,2729.88575878625,3586.9609187349593,4345.968508189075,16.501997077016906,0.8559950798185552,-0.4972649642620133,0.4210508364894692,0.10391055625351936,0.10802637696809794,-0.011723882509282229,-0.018268496222638722,-0.001996236628111655,-0.02010063803718996,-0.09273784958381248,-0.11698273267823667,-0.03307387978563203,982.58067234997,-6.956721793369589,0.014600933229086673,-0.9097631282819255,171739.39234623977,249.55311260679593,737.9917118877624,1106486.2994119518,1.079642687608557,12.854757290516384,208.80909163986053,0.08424389110638135,1252.8758358576836,5244.036762718004,1331.6776232174661,0.1303239476293124,-0.5269074301032393,0.5391801917431954,4760
ls-8500,male,4,148.0033755790891,371.0695758163689,1433.1885559253615,2818.444107407003,3930.729407928202,4826.755753922859,15.877008540998247,0.6044597183534272,0.39300187485076254,0.3672581003936218,-0.04280683265380492,0.10014593127491031,0.029915822442842216,0.05492208831003846,0.023583203168519303,0.08627113892604057,-0.05218548578861287,-0.05739025166707179,-0.028532361548044453,729.3635780312738,-5.3515193386256685,0.003019520718871887,8.774625113622568,175127.2724085839,280.24149358456305,518.226110146242,1430244.2797306753,1.994720217806002,15.535321877514399,264.3896219337264,0.09775591354038123,1377.2277632689743,4913.683301182868,650.5439507831279,1.4490750870420945,4.293722131492903,0.3191150780662756,4770
ls-8506,female,4,167.95640155480578,554.6987223222443,1768.7199064169702,2911.7400099543556,3818.9863686046892,4834.864229335202,15.605459735375213,0.23787131610743278,-0.1925444647537452,0.19306091902980468,-0.02686647862242792,-0.003610467131566179,0.0523219013703686,-0.018828375049440738,-0.1118634802354962,-0.1765024705722768,-0.15899569563983865,-0.05244265059080383,-0.028599644907881965,1572.1374375611163,-4.298302229337404,0.06674365537302818,-9.175874910619438,90011.23409039031,155.88401125478072,436.19140603139635,861782.1367927925,0.8009104657938986,19.691242694001623,120.91790293071064,0.09770412699131012,881.8088990548737,5386.784962937281,967.9554705451135,-0.13040452118316395,0.588900672317926,0.6922474198677302,5460
ls-8531,male,1,142.35962976936716,491.6871562802555,1456.7917370477721,2641.118626352341,3762.4944815484505,4741.144367402021,16.55214650490336,0.8661257659318422,0.2509510740554308,0.15557769629679594,-0.019898546884016387,0.06793714923701771,-0.11226029959979766,0.029664656991255256,-0.10027032032262334,0.04187033082768896,-0.06574668977209784,-0.08394700712104496,-0.020432160158767084,800.1541915197811,-6.640216278247113,0.003628387635162473,-0.9129266051878876,118024.16230958191,285.1973286316819,653.2932862731534,716473.5489421962,0.8410096191665738,11.670928274990917,229.8849419643233,0.09869471307559573,1193.4177284219954,,,,,,
ls-8534,male,4,142.80378777487923,404.46305768406944,1609.0304666097195,2459.9498760291644,3661.6172660512384,4672.295992587519,16.998583321874083,1.22992439266654,-0.13753286404200715,0.14555353917258174,0.10907117401366297,0.2323655609936804,0.06445341728199094,-0.03172034867038567,-0.04971241000643764,-0.0018515936832106438,-0.01764830301475606,-0.0854592058311003,-0.05583571117346513,685.0119018214007,-8.700060871035838,0.0034636304357344235,2.5894265473657896,133258.9851812711,219.12351210146238,620.321636074772,1068896.242370871,1.3437578451811736,8.705906335044755,232.93028949140628,0.10451270254244985,1026.4888244655338,4067.466840441657,708.7593741631351,1.5745431614803995,5.879764577021287,0.07575101875642361,3880
ls-8545,female,4,157.93731328306905,536.3222251634465,1787.2883993549121,2940.2589686816536,4111.597689970911,5036.108460097815,14.824587390253313,0.11205642634477528,0.1829294181123483,0.10951495939107983,0.03044434538973228,0.07374656936427017,0.02530452255335513,0.01423359141446554,0.011578830274340146,-0.0731652891010402,-0.08604212253936364,0.027399015356572333,-0.014445190856898127,1097.6075138957317,-3.842310916881459,0.014585316731432676,1.1477260500393858,263036.8156791453,626.431785672194,798.2157650439754,1381482.6019163372,0.9246360403590073,23.763416811873828,225.9226003728069,0.08722012314810562,1844.488348169867,5507.053481134061,828.0450677567223,-0.012812007793340796,2.0442290250244577,0.7790748468310307,5360
ls-8591,female,3,178.0630789622379,469.51924019176136,1733.501774830615,2911.0921133194115,4077.849417936081,4623.086156501641,14.98572156565253,0.728277723642245,0.12310835459908968,0.40087483074186425,-0.015839573137887836,0.206079433885951,-0.11803854859219214,-0.013470057960734898,-0.06803205988792158,-0.15665947639803868,-0.08293112660533031,-0.0855375941562959,-0.06278789720997119,822.1280534130399,-6.35538096118038,0.0043496793783417975,-2.941150371663279,83228.8822626603,151.743603536382,714.4692770111228,912121.5292851536,1.2311741120796837,11.824002013794106,173.74826410852435,0.0875233432389716,1320.3955589794036,4837.550148544881,1051.0342713049026,0.2932654561317243,0.8967620318754581,0.4558350157935155,4340
ls-8605,female,4,178.0315689667662,419.70988213707665,1727.9873066406712,2872.820114751723,3814.074847306554,4684.942661174875,15.767816429633896,0.896221574499423,-0.18761931400909715,0.38187305555445894,0.005925350973844606,0.1359232603161747,0.11149417281086677,0.0826535403290779,-0.03051010282163212,-0.07429858042418869,-0.058560889181570305,-0.0795884872502221,-0.050482849548281125,812.5817655500916,-7.260689956941716,0.004969380030026539,4.971704228988252,148995.93489994173,204.03905004729438,559.8495975241732,1108383.0397259383,1.2369235951067776,8.624031434419834,221.8658184526209,0.09772818830177916,1255.594199021452,4949.982774660592,1230.6135191702983,0.585774289462669,0.7350018797374778,0.37782700348390635,4270
ls-8609,male,1,84.19470205388245,1071.798130184223,1817.3331825548785,2713.4675458433335,3686.579136999726,4426.010982240316,16.01405249759061,0.08890259354000832,-0.8827089441652464,-0.07050693551254243,-0.2722766503396034,0.08362793003355568,0.06761226346402889,0.05620045193980246,-0.056831954775916516,0.030217466190005222,-0.019538392139207997,-0.06222186253603753,0.06291599864264345,1978.3142122784027,-3.071334113395041,0.20248440115915767,5.24549669122254,133534.02420440846,677.3632740058465,582.0977563811978,884565.3399566128,0.38607290159023844,18.72469548093024,462.5522026756858,0.07638187339633105,1043.8483023882677,,,,,,
ls-8625,female,4,157.33402455959634,455.8061715315176,1677.9260572390112,2869.7781137842308,3994.275768015399,4912.805307804458,15.407739845486798,1.0159755759958657,0.08391440166139111,0.3014575712451362,0.042338510978443,0.09931396294093796,0.002508905743691024,0.006844681635859405,0.03602107479618834,-0.11083162060536464,-0.08468330636353788,-0.04174445458090621,-0.03605243782548986,776.8799050991178,-7.911558554164678,0.0032361711511629393,-1.370582457166246,120458.41851460189,264.6371307226166,660.902347226453,950194.6962963555,1.1031072822692183,19.060120640961905,162.8000138253085,0.09654138040779127,1222.7534165777588,,,,,,
ls-8629,male,4,158.02251536584401,455.3885279074019,1704.8261593224988,2625.4182158675903,3693.2970435407524,4511.392123300582,16.565365429612196,0.8764244264905445,-0.3068817847856041,0.3810880715158641,-0.009107983782126844,0.10892989305399661,0.06044050185869214,-0.07696516242407091,-0.03880084036346617,0.014912292390498027,-0.07324338455345737,-0.07830184449159114,-0.003429874139024034,889.0114466852303,-7.2472872911566775,0.008203184666631674,0.1597972818421159,159917.75492018595,358.2344850578131,711.5831949047965,1001575.8109532477,0.9960725027694008,10.374973259073691,243.94443294570704,0.09419856106800575,1301.1348831277664,4844.796925819648,877.5528368703051,0.5011796530330589,1.4703764725232682,0.37526500859935485,4510
ls-8630,male,4,134.78523442204414,589.9590491907601,1602.2457306097826,2667.2247591961946,3347.09111265507,4887.408021552654,17.47028554140934,1.3756534886760698,-0.26412863616317805,0.10114143020011025,0.1521620743241614,-0.11419891364039078,-0.0568931681691424,0.08797809951011809,0.006238178694741433,-0.04210519159231345,-0.014776846799278206,-0.041445779691328635,-0.0330582866160294,754.4491787603283,-9.743313935242533,0.003348215382787573,7.679826174249625,166405.9331422643,499.1369398875396,697.5303910728535,844283.1250398868,0.677645604478257,9.080740136163945,208.20756012979746,0.08954868098238114,1650.715538710701,6227.878358179308,1088.6852682497251,-0.27419726283604473,-0.2227314510170868,0.8186937692809153,5940
ls-8632,male,1,144.35126961159716,377.6992497243545,1692.5754471504883,2687.0209842899303,3849.1705772493638,4547.185793461431,16.03587688509285,0.5816903810028808,0.03280162537667555,0.2887685254645527,0.03152956064032002,0.25642100118661143,-0.049877818751557904,0.06627063077237644,0.01668931836332625,-0.040371957655374234,0.002412279593649586,-0.12221576063541689,-0.04970158034078089,817.4263415466255,-6.288516088862616,0.00559069007747316,-1.3755940519053746,138798.24482454988,130.55457754441153,733.3126873129379,993893.2712912236,1.2261393151544537,15.060147637566232,194.34641903767792,0.09384156085407314,1198.893626862021,,,,,,
ls-8635,male,4,142.75550820074162,416.09819233678843,1640.858012848954,2778.698362413238,3744.9515435023623,4353.76565038316,16.165208666144967,0.5721085516679182,-0.22396676683979866,0.6340768125420116,-0.053416239610063615,0.160360986501473,0.02024257425784254,-0.04480444130666757,0.05771728164958049,0.0017076979839231775,-0.06608366503489013,-0.0635354394161445,-0.005224767225456487,941.2198950397849,-6.503861100881823,0.011646593181818111,3.9483659636916597,238411.04155252472,258.9846630113392,882.4150718659911,1391785.9917765243,1.4745857299352414,12.988517201660418,301.16519495709946,0.09620829340823836,1623.5685047965492,4060.6650030275914,1286.108758027859,0.6805975902440451,-0.5922203867097728,0.2714670588917518,3800
ls-8643,male,4,146.26435523121933,403.8837609970718,1768.6677023656189,2508.499074840751,3806.1667704464044,5107.892289738616,16.356162479626086,0.5563105330288007,0.2710011736752842,-0.06924644978333394,0.16088749129160068,0.12578911603027096,0.17477213452021795,-0.1594838162754818,-0.11233215146512232,0.03188059747411666,-0.07032176301964609,-0.019956665768142763,-0.03340424511880697,920.8666688295514,-5.387318448147206,0.011321706449937793,-4.231315046088762,114437.48866653314,252.9532262143926,692.1036005174393,966108.4865295108,1.2225225346920556,13.487257032305832,206.89041848668876,0.09281156618439101,1141.6246757865656,5322.407743018513,1131.5388970922,-0.31079780845021576,-0.5154688446916391,0.6047128142875932,5560
ls-8644,female,4,155.68923072021093,412.85024472837415,1830.3754080458089,2745.401438345604,4016.879673671013,4710.4077308621745,15.342971360405492,0.3021117869303686,0.09487724276723104,0.24269211946029107,-0.07381759435114314,0.31491374012058504,-0.008993708301078958,-0.00950594818019693,-0.014169853139549327,-0.06927198991216996,-0.08883604859734154,-0.01877696944693992,-0.019166407688754602,1047.9770199957084,-5.006938732045111,0.012464229594708349,-2.5799306454149598,133674.72630063398,229.95166963498215,640.3523032250502,1297207.391769761,1.381466311401589,24.531723196870868,200.4750618734355,0.09941285886377524,1329.0970414907142,5708.215084453877,711.2897598722197,-0.5820069141673143,3.2817738090135116,0.8748840908802318,5540
ls-8664,female,4,164.71601747092512,494.0471927759152,1723.0882636182332,2716.9838308703665,3939.7790403894596,4841.842253133596,15.732289699859763,0.3715797115396092,-0.014921649991121975,0.05231735397692398,-0.02951401752377463,0.18530746381425572,-0.07485338602780398,0.02206155584791824,-0.012123969179804968,-0.0050524979241437845,-0.10272445795129921,-0.05872793765507572,-0.01303181301329482,1404.1615494073287,-4.5985700316732725,0.05206956133057184,-2.9469108347151227,175006.51829033543,366.14499342158035,600.9769277077485,1228968.272455096,1.139049189358727,26.620290928969162,172.94451828115916,0.0835496818789378,1342.1413877539017,5878.2379110041775,931.775382525108,0.11488492599809184,0.4869947043582066,0.8487217596037041,5680
ls-8671,male,3,195.09875886653307,404.4129060250673,1980.8883201550057,2967.1986737279276,3928.9470515968637,4668.9560117152105,15.099519671212468,0.005234034062448322,-0.19942093101785788,0.4426547356333934,0.1186581795791106,0.2325035972043228,-0.02468475723767408,0.09696501515114078,-0.03758357024844796,-0.04023485158591463,-0.038046731312222935,-0.044758544595730296,-0.023007207058241715,1377.595375489924,-3.0510908303071878,0.040604212732176306,3.00270438135822,189283.0932863276,228.22888797322543,697.7535224012418,1351144.9939736107,1.3299778296341378,18.66120726139186,301.76924237753457,0.09386232566872804,1341.9339796083468,4380.7304940084505,898.1249560914636,0.15149333717738386,0.757566267794386,0.26926345699773396,4440
ls-8678,female,4,176.12277884367836,516.7537179559155,1577.8607187253506,2722.5847255054523,3807.9406605979834,4828.907582169127,16.156344718586062,0.9275203729423076,-0.04935138235200534,0.22458921669076717,0.030625687228286583,-0.023116224520639418,-0.0669512076927736,-0.024040204462889868,-0.02042629284118213,-0.06787842648266458,-0.09847964197713208,-0.06751198503247766,-0.019844168030464474,924.8033498661182,-7.151246441102268,0.00585295607373347,-1.2803635189777873,119179.19882476622,271.1992446992306,528.6360459405844,887270.0676600783,0.9787247432522725,24.250308549998504,211.31204905422973,0.10283255554368731,1300.5687477428871,4997.100932913852,1213.9289004708285,-0.1826122793105166,1.6045597518125423,0.476863559500068,4980
ls-8687,male,4,159.92667685016886,425.6766424282969,1664.223924975803,2612.84650487825,3756.3519331269204,4327.746294855538,16.418144923060318,0.7524900322223911,-0.3035853048145374,0.49118258232110057,-0.1977610498943329,0.20541364746261992,0.18399738164029988,-0.07798421421943572,0.003744560650886936,-0.0016902151708425997,-0.080314548170929,-0.06518132123921185,-0.024239116043452844,1042.646681215204,-6.393030287994958,0.013301214035543692,-1.7153357439147587,171531.53011643823,241.95977824293325,566.4046628154376,1221138.519864969,1.3091139170051138,23.785098471398697,251.09511235331604,0.09286695998486541,1259.3570486131862,4602.257030104227,986.4513729774508,1.005696529951658,1.7706580903052647,0.25220748616307437,4220
ls-8699,female,4,167.5289565978153,480.2558702626218,1821.0082878344706,2901.9319516223677,3931.811029465989,4532.558987961891,15.297633570666616,0.3145397162046857,-0.21905198980796425,0.39874622254657616,-0.026423259686584297,0.21364207794312864,-0.12530896833333735,0.012192197068330815,-0.00005023642418484019,-0.12127215386811219,-0.07644184159565026,-0.025023147512449623,-0.018676712044451475,1279.8534286490367,-4.555223345905243,0.03514311527921277,0.2045799451394551,168456.03802187782,247.79685595117036,730.0558608233509,1200653.807733376,1.1907110267824716,6.452886715950967,177.273318370696,0.0866856363176795,1358.5429707852345,5177.624413454404,1003.7019649368034,-0.2614598393662445,1.8718751099875308,0.6066750076834495,5000
ls-8722,female,4,154.43662962308656,391.78221406015973,1648.449717199785,2854.229102824694,3960.8804052723954,4494.1936644140405,15.556998016962185,0.718112576752074,-0.046745449071662185,0.4269030077189169,-0.04729598213864798,0.22068676352974226,-0.027881924880612065,0.029889628169026176,0.081602124055286,-0.018556215735156874,-0.0033066005638555753,-0.014676949152678417,-0.028480131366601793,758.2689842344923,-6.804180209500115,0.004259267533366887,6.296757485899796,188085.09075026872,370.6111387950925,745.5855304005362,1112162.7083155117,1.1398561922046326,11.747136091109244,300.0055138311875,0.09956925551809165,1310.4809704183203,5969.340001230506,959.3991337411774,-0.31488531090427907,2.067762980150924,0.7964436378936448,5890
ls-8753,male,4,200.86680111577084,393.5042821673012,1476.1875017375655,2581.4486334957783,3912.0907331986646,4966.938813653416,16.390565281159883,0.8953027023173663,0.1586250987690893,0.15957996256784152,0.11234436696699865,0.14890329396992902,0.02261685034217175,-0.05170309652072501,0.04420292005241894,0.021484853562557017,-0.04503031319947384,-0.0483558193445193,-0.07774555032332231,722.2713730572068,-7.077638477850242,0.002428526788089215,6.341370115032165,144602.3965148952,154.45806764530656,601.1282776635911,993656.1287007967,1.390718648809128,27.25762527824335,216.18136919001293,0.09110156037142553,1239.11387922427,,,,,,
ls-8770,male,4,142.72946340228697,402.6021094711981,1517.7959929036188,2562.2896751871704,3711.0251950815673,4803.897174126733,16.81217953701465,0.9320879324836836,-0.025516397073757698,0.1931303339477854,-0.024219744337048238,0.02619422492116306,0.11577855943073878,-0.01796050664277348,0.031242614125934917,0.09853685622901703,-0.05752812924831339,-0.11279524838383614,-0.03259022938212455,848.5670726879026,-7.1543427646029265,0.005630531504449265,0.18175561463214163,139622.91574543348,193.92047186359636,486.8094717058366,1058856.8932130807,1.2791771086411754,12.973090404188152,217.72571007335443,0.08969016820774357,1196.6826270948054,4036.9655341454863,1095.1978773446672,0.9167875012779741,1.0533586046662138,0.3126249119409251,3330
ls-8778,female,4,126.8913706022523,410.10262282449673,1796.1955111519462,2920.3597348488793,4047.219883144772,5032.390704541336,15.064572719052634,0.8719672308721224,0.22129144741151247,0.4757406140359187,0.2702716337528806,0.11570259164280114,0.034523365024788505,0.026026521095678545,-0.006312894242095996,-0.1450521179663543,-0.09799433576104453,-0.04527782599658576,-0.05891897677968924,588.2054704009945,-7.486254280803772,0.0011860982180093979,-4.189366966927711,125596.87351335617,144.096936291103,761.2025252798356,1482850.0135605417,1.9541199393892628,8.864612219912704,235.28352424132618,0.09132130877247252,1525.2504775658103,3419.876603562547,732.3321345346642,1.833964645984289,4.627938057017252,0.05080235179588927,3120
ls-8786,male,4,146.01272442720395,471.82378804030526,1343.1981708786302,2452.1157404271125,3673.5330724338733,4458.5202466379005,17.292651444296727,1.111804219047849,-0.06880630013272282,0.47604341952482543,-0.18165202191508756,0.04244142006683621,0.06341125471567208,-0.11558678084507024,-0.080984986281885,0.08359336546287915,-0.04215455656687935,-0.10185330692999955,-0.030456171893265528,783.904785712223,-8.233195867260743,0.0035592889637483024,2.0154832741543487,149774.66638150223,238.29448533372516,601.9956056084302,895643.3244783436,1.143262359319296,15.912249199536909,236.1110086828018,0.10187561622840176,1285.1130052638168,4510.726592868131,1066.1302409091702,1.5714022761694724,1.9859947266482374,0.20359286738256765,3840
ls-8791,male,1,179.3928548301338,449.31348136311107,1720.6133094765094,2914.607108855361,3723.403329311927,4743.714995227711,15.892574925810935,0.7711900476817818,-0.16025910576545294,0.3763500325690282,0.05616335806988281,0.0043030277110058125,0.08503998886028678,0.03012097760105716,-0.07841802113477694,-0.07969330638209922,-0.06788531878493152,-0.05345631133276297,-0.049508392224657284,971.5621718964848,-5.903050150781677,0.008572244286221695,2.6455081296039653,119376.56687965138,223.70445434212377,611.0911354909686,1048964.1208387043,1.1858579439530517,26.100812308358655,177.97852557211587,0.09405638687973057,1120.7698216198578,4617.793763577798,954.5107322884282,0.4891810967417226,0.5874526367345205,0.2802353906252947,4400
ls-8799,male,1,159.53702942682872,399.62354042461436,1630.0591091545657,2691.643508997301,3792.3597466197357,4829.266233414121,16.227122618662275,0.7627059535650216,-0.023991029591846284,0.39184530471370577,0.14899471633630987,0.12678331199793244,0.021663988626443174,-0.07348892079407215,0.014919615470485037,0.017362728526979454,-0.09054548058253972,-0.05524415975248538,-0.003065154070854125,743.7161608448325,-6.638236695540719,0.0030477217557017032,3.8048128578978186,167550.83707038595,200.60602849493364,813.4885741159105,1269653.5996543388,1.6378590920145404,11.817643468362066,242.4725354907998,0.09194035102002256,1385.1649485639518,5168.853794738674,1042.1705572964675,0.4290316422620301,1.0752208436194017,0.5630322351754725,4880
ls-8824,male,2,143.53874251882058,441.1406296629163,1636.1366674726314,2681.5624197124434,3825.1301767735295,4854.576293609651,16.14561281491182,0.7341142408238108,0.23650423986637298,0.06477466897098601,0.21055133584354263,0.14661387607643855,-0.09075727470097752,0.10498216991971983,-0.0918029538666641,-0.001974192481204487,-0.10128564411779416,-0.08604830582763466,-0.0762619459089505,702.1504840396076,-7.028131585649678,0.0023827301462691444,2.6435494931224226,171287.7995159349,197.5913588423345,680.8253692146338,1348050.6314522177,1.5324383437229394,15.937636349245317,257.11718818261926,0.10474009331508191,1412.4144429911423,4781.689806868472,819.634026559665,1.6656907632759177,4.938648379794143,0.22245394129387897,4560
ls-8838,male,4,169.29311680964088,434.6685339052646,1466.2751078616357,2629.818674786504,3496.3963828164324,4660.48734774438,17.24614373811002,1.3982738798092829,-0.06782695238574783,0.21679529171002138,0.0022555998764500467,-0.05156687748092979,-0.03621539718388658,0.11572361411024669,0.057361756201934976,-0.03959694026830492,-0.09502288125924935,-0.11768061198578106,-0.08186411624675786,749.9844827355912,-9.509206527147644,0.0014512559381875674,-5.710358345426737,87180.2091440674,164.82309402830214,357.97839334281207,824292.899621044,1.0550793190059962,24.43115370902259,161.3186533167259,0.09624429983054074,743.1406225884887,,,,,,
ls-884,male,3,151.28325615048072,427.62267330169243,1780.5613888147773,2549.8504531468,3655.518214069845,4726.79747878162,16.75238405835437,1.1093096381920668,-0.24818794842414163,0.17511316305717708,0.21755957198537784,0.12075546402308313,0.07188498054016798,-0.046256336276204436,-0.09222062335461377,-0.039354762780474874,-0.051149420987486316,-0.07343384296717598,-0.061932279979960335,763.258094752521,-9.304719626425207,0.007300127255984416,0.09386852827619746,135426.02378369155,199.77622804279372,613.9946188118668,901034.0187914965,0.9850563813256152,20.824098081131453,159.23781759268263,0.09099785941417322,1265.297359717357,3155.821812361802,706.9888183000227,1.9471463167960106,5.469968729707109,0.04333822686621995,3080
ls-8846,female,2,169.8549014066245,463.044833089305,1804.9480038753832,2928.9637151148354,3986.6874615482175,5095.689955281376,15.184629914647392,0.2791203490331693,-0.09347255230885243,0.2708368103904155,0.13345054567544934,-0.022401080781613528,0.005357784851475746,0.032775581659280656,0.14638039553179588,-0.1024601222471759,-0.10999671496921173,0.0304828830470747,-0.007683889591441175,1449.4501835253704,-4.2582678066237,0.06173046828152616,1.864344871290716,218517.93771943738,324.3877059620123,775.537714302318,1504908.0432605562,1.329334208769295,16.36734123203579,199.4897122207625,0.09297403686605762,1589.7068663413222,4244.076361920165,697.125573983724,0.09033061083060744,2.3581036868651584,0.26741845541600706,4310
ls-8848,male,1,147.1005600154358,447.22177280483805,1455.7516638319369,2734.1103833615643,3672.4245084034033,4499.009228002444,16.63196949695541,0.9237167164223145,-0.07964244185316141,0.4009984116682353,-0.06752030038849502,0.07101378367231367,-0.06981457262514468,0.0881037690008711,0.004619859707429819,-0.00883365362822501,-0.013438104630268033,-0.07472742167950981,-0.025638648487647315,886.5908776985345,-7.015910269150541,0.007009094041700016,-5.770159563007089,158092.7707773033,332.31584859506415,753.2023351549065,1106718.527696014,1.2686780009279401,22.664700793214237,244.27740070636005,0.09237500030175783,1324.5437488622185,4595.61809218825,919.9253962805365,0.7776520850574514,0.9855199454374608,0.2826430894050195,4400
ls-8855,male,2,166.1249507560825,735.7510105162471,2108.7816754958085,3089.015890891465,4239.092898798925,5124.364316315863,14.085633741091268,0.311087162938092,-0.2984282595412565,0.17604706935319064,0.190794345080268,0.1014114117131396,0.023971535479566694,0.10286070268812005,0.004056163563297993,-0.07377995533383039,0.0538312682660696,0.00999439625707706,-0.010278539390397856,1237.6421205095508,-4.473828603761958,0.033823251655093325,2.7083887747618016,234019.19270463375,1005.7840183368247,646.2984017197361,1190104.2564126384,0.6104582181457117,20.380802590859126,431.1057950444108,0.10051272399853212,1277.0725640983244,4290.361033004,946.4251397710559,0.4861168435778366,0.21824587362319348,0.22878930070253792,4020
ls-8897,female,3,182.81286218093788,714.5609252801332,2039.4406601103651,3060.1496386904714,3935.7194278777274,4660.462419502563,14.712333773713437,0.4587697270581243,-0.3271984339709385,0.28310417247877145,0.0028243224144416045,-0.05605780834356128,-0.04540532619486266,-0.042066316112707385,-0.1475457937025882,-0.07958609847291717,-0.02439059906333675,-0.05195201240466898,-0.053112810615874036,1320.6831865042311,-5.289717146835337,0.044726708282827154,-4.194068036233395,95752.03364171337,273.4817725384601,553.9791624126383,1260174.6741971863,0.9174473418260745,17.155237788787364,126.83100173053997,0.06921068965212586,1109.5662290385912,4155.756327077692,697.9336318128912,1.1066683464638285,5.246772231056715,0.07893350008852965,4360
ls-89,female,4,173.39214256621696,446.2072891937928,1774.3873219583375,2803.259000065232,3836.348854224272,4751.508157388789,15.765238798440771,0.933217712944135,-0.2505703121341701,0.3325841120171279,0.11491107056346997,0.12400181201196117,-0.006590813136261606,-0.06614406192623071,0.003385171279887326,-0.09073687568269596,-0.11230926516363737,-0.047898548685640835,-0.057057765485436035,859.6779972306042,-7.771404614092251,0.006802806942367597,-1.2125696613251296,116214.23249768224,180.31416153510608,595.5164010699998,807321.6687936381,0.816593539081816,21.060939085708974,212.18166072031028,0.09007876722860353,1140.5673400764279,5427.159557732244,901.8366934183116,0.33728167647932306,3.576691727391652,0.8333288692480196,5200
ls-895,male,1,150.70566522682125,418.99795898383854,1698.3075874259903,2367.440099028604,3577.05512981138,4811.603760306512,17.338787616557326,1.3088008166439717,-0.06360899199348713,-0.3306155336722681,0.0036068528252816926,0.23406325318467786,0.23043624550988537,0.19832948275715923,-0.057504755790701516,-0.12115728118189073,-0.18168239227965233,-0.1026730951003963,-0.0037053907926645315,889.3302447691115,-9.056347940682752,0.004994486531569497,7.170633870647714,69822.11793496663,228.3068331096684,153.73397213515477,487160.11341412074,0.5511958446469911,21.587357319420633,187.2643244908408,0.0944136579895651,374.88657603800016,,,,,,
ls-899,male,1,141.59278689169508,551.4756977617355,1628.6135089581512,2808.551796050554,3780.0834493369653,4760.574933268556,15.998899676132682,0.8274037176476521,-0.24354832973821924,0.3384365715056972,-0.1827613119798146,-0.030443500762328504,0.18813100520061127,-0.057229433637855494,0.0009091409875962545,0.033224103291716774,-0.11987132157748964,-0.04795506699445385,0.015054038853639378,1098.364953441889,-6.908350342650746,0.01987462817966745,0.7805866727210472,167765.04205249468,382.48748916784683,465.4257103748537,1209161.7035588906,1.0600195708407418,9.939330264908582,343.6321323910576,0.08672004967579233,1178.2264164884664,5131.171340587126,1456.0629473182364,0.37205496392221393,-0.8747971823481877,0.4533920921123571,4160
ls-90,male,4,150.95763337436068,419.852295878576,1791.7334615205486,2876.333851335381,3576.553770712542,4626.493334031482,16.250591620527537,0.6218684720199716,-0.32454743849822154,0.5693895611446653,0.16885919096136598,-0.019541908003762057,0.06271225193511915,0.09700424822481861,-0.12315496409309186,-0.06744851366248446,-0.06341828295106129,-0.09933895338298765,-0.03459152881935239,927.9357607825142,-6.08094623712606,0.012965248013824536,0.6567643606334038,132605.02153818012,257.74802237675135,548.8565834815605,1270806.4297198516,1.3897314020009475,17.43081670056592,230.25837352271526,0.08966020051836601,1210.3407720127761,5423.740478309646,1010.3480621743065,0.5350257813994967,0.30344522642895033,0.6267058128068224,4960
ls-9022,female,4,164.9879185832993,490.8499105843931,1757.7239168291185,2787.781326295304,3943.7930332829437,4821.84961880031,15.55034735963267,0.663976811151376,-0.14970100844723772,0.17391265760325458,-0.023834161330792025,0.131290617128524,0.052457965670102406,-0.07840364541496117,-0.057380402032136436,-0.12035640450168994,-0.13295505218631784,-0.0501929989668947,-0.05033619228726961,1062.0936588347531,-6.178991262221161,0.01591490781725111,-2.811037484865598,106348.78308728841,169.03695129323967,460.6755885884812,1065135.713221506,1.0829859692385275,9.845913153146995,144.2246393352122,0.09061977971049415,1202.4941032073716,4523.027685105203,656.3748056129812,-0.030033042466019885,2.362134997045845,0.3051719462289848,4340
ls-915,male,4,169.57446526508815,485.7993653201287,1575.854921325483,2533.71729263213,3743.4142928232327,4399.229070356738,16.73382878427318,1.0422994431668196,-0.18884959258142867,0.265107163615359,-0.24800372492568618,0.3603845126143473,-0.08194140315425275,-0.09805386794680906,-0.026275758004732263,-0.18507987935122372,-0.10348805626432181,-0.16733625080042358,-0.06006920127744454,1007.1191977484102,-7.851801006474366,0.014727491260183325,-8.868997200563413,67719.19352199975,148.3492206344273,539.8148489168225,841360.314892242,1.0638544449452123,17.248160573950123,104.61388107375402,0.0763849949916342,1044.2156079518854,5410.083787087349,1017.3994749726204,0.5706799835700631,0.47107103072277445,0.650411747563432,4880
ls-921,male,4,156.88902989527838,453.84933353129577,1741.6651931105062,2835.856960537618,3836.0357609172265,4586.058772570797,15.719557302027583,0.4018249814219095,-0.07809642035230233,0.44766623674954614,0.004816154697271443,0.23940483824867634,-0.02488123549340478,0.02633133650507984,-0.008666798874537732,0.023119392440315037,-0.03559679885715924,-0.06860488856645933,0.0282898267410243,978.6920109119636,-4.968996876543502,0.011805909167525799,12.125811423886395,250688.95301810495,399.025751537769,959.357098559896,1469652.3608329184,1.4431611893222593,13.925460129477933,316.4009660751358,0.09738619205201099,1605.769559357339,5928.311107325095,1071.759273333159,-0.006373497684314767,-0.04952276996907545,0.7153102944070957,5640
ls-925,female,4,174.08611685087993,365.327946692654,2009.8161921643764,3192.3793414435036,4139.907103540047,4831.341023366946,14.31436918069576,-0.45642621090700086,0.10262243168642252,0.42340782586652553,0.02144828706746847,0.25703427343932284,0.023350499988354177,0.10597961683097351,0.00032628545020081147,-0.022283506910823654,-0.018186131790240305,0.03806294672238104,-0.046611517760355825,1780.2085710410947,-1.2947626265510148,0.09087042090090502,10.885268053333233,262156.33493595547,402.5936716239115,779.6130670100289,1706518.359790797,1.4414793601890885,10.225904320460167,333.61798670873645,0.09219935404378536,1496.255801323574,5272.711163428806,773.4654538093325,0.18696090292110668,1.6167537479866112,0.6750390960241743,5070
ls-927,male,4,143.60004826387762,426.2081752334266,1477.3640721059191,2909.8945010449597,3828.312312999233,4677.898135263607,15.85847201527189,0.7013022365133126,-0.06207513869797454,0.5923702007030216,-0.019633000717622598,-0.06816853628489794,-0.04492365424676458,0.008631533207627084,0.046088179803489344,-0.04823900649852334,-0.10841296880142284,-0.019933941586270335,-0.014863708676148687,842.2333095161657,-6.593205269558899,0.005093688039951654,0.18486823093474394,161232.33475874274,258.4056193566578,696.4221847528505,1326528.9633842465,1.6134170922512445,7.994109056731821,211.17758438395657,0.08254380957470393,1477.8925512319586,4564.903592987595,970.4634666538492,1.1133275048399935,1.790231691604243,0.2520141523943172,4040
ls-948,female,4,150.5521514742972,450.5889381913763,1754.14337779783,2871.8447838496168,4250.780399029991,5099.648802237848,14.76352005251977,0.9849725132813059,0.25537590743025096,0.2205780737727651,0.10910749325954221,0.14375209969730224,-0.061750471545094776,0.05074216034911936,0.018374938608085124,-0.06528945066859851,-0.02316799252415698,-0.010685965819399717,0.010161512406413985,628.1009923953254,-7.427070703025331,0.0012129169028592807,1.108924510921145,145788.05575698888,448.7223502906211,666.3998913451131,1013900.8935192206,1.127049654711192,8.625292405179154,205.8997941916541,0.08824810896267082,1357.9515106744204,,,,,,
ls-953,male,4,148.0264845061751,446.92560643928573,1570.3214675139577,2489.5396230685283,3796.9095926722093,4959.8759998289415,16.72869719628448,1.0264309868067678,0.21091771682988042,0.08306314822948897,0.03690564673327498,0.13950205065974125,0.13699357250862515,-0.05679110922564985,-0.10252348936513425,-0.05680563347901682,-0.1105448977570217,-0.12165205883140365,-0.09362405447560404,739.0742538472277,-7.270115290240731,0.002307827731570869,-3.6859860749515025,94798.82941440826,156.8144209806243,573.1513942163117,935074.1999934717,1.2042462271495435,16.985164219793372,161.17368423912933,0.09298449700866042,1166.053702155641,4997.782712693261,946.8020900955144,0.2623065081184236,1.2345181371026512,0.44017724021497284,4640
ls-954,male,4,143.75994968098252,471.4797429710473,1703.9005779382442,2754.7241209521385,3873.6301422717693,4571.128142090988,15.777880843965441,0.5527067589406706,-0.08638545417246371,0.3811310553209283,-0.02298508671523696,0.16999421331041564,-0.09766261095401191,-0.029224454322336366,-0.009233019260383774,-0.09371873658338245,-0.14181399694860164,-0.07967987217044586,-0.03216291385725223,988.092072622497,-5.655170191923355,0.010959840104691117,-3.146082843529304,82548.68149822795,164.8679435185407,560.8915469160958,757282.0453744504,0.8732492976800137,20.353896570720977,176.47722299018082,0.08921920196949,1121.6774776335833,,,,,,
ls-964,male,1,150.09462899654943,534.4351760705107,1484.4799880887736,2548.241341915851,3934.303827980194,4843.924831043267,16.236201647597355,0.7438004558279628,0.25833273386025046,-0.0955364249507343,-0.14460400210175645,0.06321522301205278,-0.005580864773788131,0.01856989083165361,-0.061498497885529003,-0.02462433146857394,-0.05052725742812639,-0.08486164613396997,-0.08460720902486771,803.7195654305099,-6.019823173218027,0.004711840364751981,4.036897262146973,89026.48862684239,188.83173494030007,384.4221684119318,627993.2048303031,0.6482823571004855,23.092192789338686,231.75756913854406,0.10706571590680974,718.2050515748467,4975.684658444209,468.29956141613883,0.4335873149609266,5.731930385276966,0.40875862376056377,4960
ls-976,female,4,175.04905839029175,375.6409395085992,1773.061642910753,2961.0552285419576,3974.004436406871,4570.561065261438,15.227315293017213,0.18763556970633216,-0.05599776104521464,0.4559678675378783,0.03340639714571329,0.22734907355273154,-0.06192437685075909,0.15137733853578456,0.06144908312248351,-0.06272884461802866,-0.025234964196043323,-0.025345814626596852,0.00648447103240969,1048.821568606311,-4.5431042665995545,0.014062930207732947,9.428583213115537,189566.32519948788,327.49063689227114,687.8520065253616,1184363.8668951495,1.2506539053046164,8.346953844068931,268.07892786905035,0.08834180509625317,1385.768068374237,6141.064166953702,1469.4530791812824,-1.3026205136627271,1.7809039390199852,0.8231331323141311,7000
ls-978,male,4,152.29767038103114,751.8743535320432,1887.540924112492,2834.950627417968,3584.344557083368,4943.932613449588,16.010715967105497,0.3455269151023588,-0.5343902753797829,0.14112215765585678,0.20486359548731675,-0.1111017380094533,-0.014846424044328222,0.08807658102995086,-0.07490964124630127,0.06292148823790379,-0.038280923083698085,-0.06102927886901476,0.023588504137508265,1547.0013811344372,-4.780832363759055,0.12239521211497056,-2.5702473706164843,241403.69469545624,866.3735987400441,900.6342641646567,1424925.232859375,0.7702123714881828,11.802775232550973,347.4037144118669,0.08710622738993458,1450.7700966635373,5134.8729411726545,647.0688201043545,0.6461684540092587,5.099833775904146,0.5849959756413943,5000
ls-979,female,1,180.18544772422177,470.83108100448675,1699.9984146233646,2867.5286495869077,3895.2296426131834,4472.338434102805,15.580260714618898,0.5842872372070467,-0.15619885881291984,0.3611977014656025,-0.08127835316318209,0.1937468354131105,-0.0873460131758326,-0.005764299198331278,0.05474758619725267,-0.17132642893496194,-0.07944477830425409,-0.0512322856353488,-0.06048140160314995,1099.5519317612886,-6.3246996134213695,0.015183708895850858,-0.2096078791474748,105116.85366618738,225.26486158181717,604.2416712835852,812376.8724732393,0.8724049399609688,15.449703024426258,128.47706615991456,0.07777849461292395,1259.2183160738766,6211.456797276184,841.4752250561393,-0.14291818041536677,4.423699612127886,0.9611628496396252,5680
ls-98,female,1,159.91054851920387,445.78935955880473,1792.7697272881758,2633.9899479133082,3738.6092953619113,4795.6195532071115,16.273910649945318,1.2938000196925266,-0.3274461617718148,0.15033622852538397,0.14171828607079265,0.1943395327294459,0.05971419868193846,-0.09370362385683714,-0.03565858576803628,-0.04600380601497004,-0.12540884507670738,-0.08202954046810212,-0.023814510664669164,820.2178506723264,-8.858080497769329,0.008452587580916004,-0.7434455578572745,76916.16054865826,188.19892091071745,479.0677162086481,633440.2367965748,0.7031533343187328,8.583488190328028,148.26487355609277,0.08862550389986064,1026.4952989833791,,,,,,
ls-982,male,4,173.33117708545893,502.89725155385196,1915.5487508552583,3058.0508017331076,3937.005674444444,4635.9842476300255,15.054337820381116,0.194054920356528,-0.14145863654152546,0.5940674515858092,0.06313375191432988,0.10803490628542432,-0.07080037514594899,0.0455467695841998,-0.08848383541187725,-0.09327756561329786,-0.002099272882663681,-0.0962107044439231,-0.057331747001544586,1277.7974413838629,-3.9162210048644956,0.040154266392255056,0.6459457147305936,197067.4704738855,289.78233176363193,811.279312648082,1516990.1240412614,1.4569054299528477,15.43924499155559,282.75469571456875,0.08726987339029527,1388.231991297084,4337.463320272308,891.1425798245922,1.3044621064036213,2.078433066748453,0.1660580288681288,4080
ls-985,male,4,146.68221710179984,384.06613006347436,1573.9292702918503,2443.472830085492,3310.363102073515,4911.579346370545,18.161357863461788,1.0555789799192121,-0.11392436771935391,-0.05748686681114162,0.36744274619362105,0.09052121160747814,0.000033767379194137546,0.16341229521157521,-0.10229089130718796,0.051196519006858496,-0.03563982813457375,-0.03255817787037679,-0.1044260427845197,816.8925196342773,-7.908744016209178,0.007198103795452396,5.184088120663649,160905.756714475,212.240116377107,628.8925565088553,1152195.4844236388,1.3797359180059423,10.954659193834107,265.3707413760135,0.09316084533068758,1277.2470689856,3602.2863374951503,897.224490305633,0.5836371686642395,0.39431576258460876,0.09330730212190579,3460
