speaker,gender,n_clips,f0,f1,f2,f3,f4
ls-101,male,4,158.96075651817074,558.5375259587493,1907.5116192447313,2675.454641366006,3784.753271235997
ls-1018,male,4,141.91008302258183,572.5837668278449,1906.2911453784777,2859.3197718016936,4000.5524936363354
ls-102,female,4,85.25085797277157,774.934861005698,2055.1643283934036,3268.436415558123,4429.300754963014
ls-1028,male,1,152.83691218288703,420.8677414457493,1506.894262211343,2549.3072855972614,4008.6380784450885
ls-1040,male,3,149.75019510453134,485.097529878272,1586.1613654326334,2584.7510163229676,3709.3856338806318
ls-1050,female,1,177.5021111005143,559.4154686609581,1896.9126780895676,2903.6207691283144,3983.387091577955
ls-1051,female,4,176.48372042670323,558.0974356765312,1772.3176966974024,2568.445042113457,3629.0419596480556
ls-1066,female,4,175.721120763969,436.6459732133292,1720.8036632475923,2700.9060359565915,4121.158926588586
ls-1069,female,1,174.96139550098914,477.2376643712779,1705.0830420934649,3181.31387032822,4353.174684531354
ls-107,male,2,151.4876869851459,362.95616446739336,1617.79713572828,2628.319759163857,4056.3284509659106
ls-1079,female,4,170.87412553760686,544.3195720082549,1649.2147666592218,2821.31074682862,3874.9580876060163
ls-1084,female,4,163.88091867218088,475.0646020367636,1703.1358391184958,2915.5595276446593,4069.7776696469396
ls-1085,male,1,162.85128178286377,702.0764157474041,1819.817250315712,2708.446141556915,3754.543010399526
ls-1093,female,1,179.31048947273158,332.3015593336467,2090.5070612724885,3088.8549551309593,4250.700149150411
ls-1094,male,3,142.5459839579069,380.7169208596003,1502.9342495976744,2590.859289259929,3472.7566413588447
ls-1097,male,4,145.02731571870618,293.24473085152897,1525.8150664018228,2753.3927799674757,3997.614609687105
ls-1098,female,3,168.79398272447062,448.72860592241994,1832.8187958599187,2968.554455533681,4206.8071303719025
ls-110,female,4,172.67195214233112,383.91941515043357,1777.2126194383104,2941.5775456152805,4159.702474055146
ls-1107,male,1,143.2170581955156,454.05795945238464,1667.103442201898,2601.5435477669125,3829.8054580599587
ls-1116,female,2,163.66650851476965,824.5194493283146,2206.762491657917,3045.980755510096,3888.0481237731337
ls-1121,male,4,180.39390601576775,480.96898838794505,1618.6575089028072,2511.1483601811883,3903.6984824030033
ls-1124,female,3,161.0347822584754,665.5272178244393,1900.1832913622184,2825.040489366225,4055.0328889986563
ls-1152,female,4,142.5261000262912,401.4370580137513,1814.3191927886692,2940.0250952934457,4425.761012454613
ls-1154,female,4,170.44238672719106,485.9993802343507,1657.2675016509647,2684.2055896948823,3827.6881625826572
ls-1165,male,4,149.34006038910337,440.6656907866021,1643.3650813568015,2791.0503988929613,3829.552849515428
ls-1166,female,4,171.96486437398227,492.0688073706975,1776.5901103385495,2825.0515619780276,3705.9749803649015
ls-1168,female,3,165.7564752835978,402.9027682281671,1943.7810300792257,2956.7471657026663,4173.816772705049
ls-118,male,4,143.02240341235336,465.2609297078899,1529.2308945668747,2667.9023432678887,3918.0416693683173
ls-1182,male,2,141.12626718587003,560.4004122178677,1670.9912371046084,2783.3705448278033,3651.513442212037
ls-1183,female,1,179.64645523079304,484.6368929292886,2087.46923481778,2994.6049292759953,4111.53906538644
ls-1187,male,1,144.2532128081418,418.9265003883312,1598.811844640683,2537.5808882303263,3800.9453246381836
ls-1212,female,2,178.54876801361968,456.47643845208785,1561.1789234169466,2945.2148790898964,4160.260825235567
ls-123,female,4,166.5278091346304,400.10883166646886,1756.7520150789542,2742.7514450144,3873.707360153894
ls-1235,male,1,160.62845421321137,514.7446393649614,1684.2737007786043,2687.502858155025,3775.9538085572617
ls-1241,female,2,178.35192439105515,510.517316270015,1811.2223326243925,2711.4128429665193,3678.944336098811
ls-125,female,1,172.9723145712741,557.9560773681111,2022.369782414806,3007.2787029497663,4132.702557229346
ls-1250,female,4,198.91910564156672,563.0257279234613,1664.701642739811,2558.889975864275,3663.69704199255
ls-1259,female,4,166.4868237721733,581.1708754799047,1884.1953120550547,3000.2874396143743,4108.668843294843
ls-126,female,4,176.53290753490518,472.6719874427297,1711.1178863152586,2816.28436899232,4122.834563114021
ls-1263,female,4,153.17716503020006,447.26617229826775,1912.2553389304744,2901.0906661082463,3966.31605346976
ls-127,male,3,151.48081237249022,356.8467561662793,1679.6874542784071,2667.8185846278184,3720.5529194869223
ls-1271,male,2,145.71143354004607,713.1660050190051,1949.6155014670921,2880.8080539972907,3706.832232207198
ls-1274,male,3,136.96008417565957,584.1145940347876,1696.853439508599,2733.1718272625853,3715.75536263238
ls-128,male,1,146.2644872742529,421.0377461842948,1647.1851047286686,2502.924013600277,3706.6159525315006
ls-1280,male,3,151.8736723525865,396.3861316042663,1878.6425771280392,2772.2685437111104,3990.1780350890076
ls-1283,male,2,162.2897690235771,500.7235846341125,1657.1345792375198,2660.1293868704443,3603.1953819202377
ls-1289,female,4,143.44917471259004,432.1522243142807,1678.2196830143284,2908.4341106472416,4052.0768456540004
ls-1290,female,4,146.23675126701724,582.2047028363054,1469.4186116861556,2691.1701225481884,3751.3744255972297
ls-1291,female,2,181.52809842233216,496.7485585826108,1767.7061795416266,2789.9049473189953,3966.4195651836176
ls-1296,female,1,167.36640072578632,414.7762339839452,1870.5728197906933,2935.4373642951655,4300.617482799627
ls-1313,male,2,203.17006425459397,510.26365344413966,1617.299778219817,2709.964921995266,3715.6983683944422
ls-1323,male,4,148.8973044914552,547.069812654804,1812.7597728962987,2682.3265803788818,3492.5166395080814
ls-1331,male,2,159.41185694000401,429.8060567532607,1864.7207886287092,2683.2388468242398,3875.293417906969
ls-1334,male,1,144.1629326505929,452.15740029813753,1834.654037892269,2785.8578687628105,3588.5144784931217
ls-1337,male,4,142.07951469772019,480.33926584872034,1602.6956106145296,2482.0987661825975,3910.05183482921
ls-1342,female,3,183.26806360569043,612.7339170653061,1674.071378805496,2633.8101003396987,4088.172739117902
ls-1343,female,4,169.49622674251538,619.3933089744817,1916.7180233513807,2949.649790687904,3974.0671709931717
ls-1347,male,3,141.9329660408079,327.8400615979639,1994.3768055701687,2809.4704191417704,3757.530186747271
ls-1353,male,1,147.13180813063255,653.8402791833162,1823.5000034126751,2749.295460195146,3694.138768010956
ls-1355,male,4,164.32452178832196,397.28890620002437,1661.310602846779,2577.569062893772,3523.8915057314907
ls-1363,female,4,157.95706393236185,539.5211407434135,1761.5973352465307,2717.6243065700683,4050.45040776281
ls-1367,male,4,134.04506307375573,610.106872294429,1993.84103308353,2963.957909445604,3901.9587371610705
ls-1370,female,2,174.01396428560264,562.4864734337392,1618.7220627523586,3067.9709684622453,3860.9767128280146
ls-1379,male,4,174.62446396072642,502.6717679672555,1642.209805788709,2488.3661106270865,3668.249628620969
ls-1387,male,4,152.23949880543898,461.24154252578893,1693.241938342085,2665.5832445983297,3760.6206193026132
ls-1390,female,4,166.34886970955293,447.5419934821978,1834.5578473739056,2929.7594421892645,4062.8787614700946
ls-1401,female,3,179.1870877060146,543.1507369538361,1863.4548700828873,2882.376991542539,4005.053112669337
ls-1403,male,4,144.03862325247593,698.7810108094599,1789.7888868852674,2699.0010679479483,3647.342926682738
ls-1417,female,4,162.48043579582364,523.3857481574596,1752.4719365230185,2850.1206815902524,3709.9850530891426
ls-1446,male,1,153.87857322249948,323.14791053327485,1900.8077213966048,2919.863772774089,3896.785574052528
ls-1447,female,4,164.9568299800119,473.3765411435603,1615.174075230948,2835.0380110010365,3770.7349252192616
ls-1460,female,3,174.06710193636886,507.5781806970873,1804.6089667178605,2857.8024248031993,3935.671830826404
ls-1469,male,1,140.70508008679195,665.392510968802,1933.4036896070081,2838.2483612132846,3866.51753329217
ls-147,male,4,153.78152320890322,515.0949032801973,1648.001325606544,2840.204490438598,3814.5624338205057
ls-1472,female,4,167.87669310403612,556.3755708101481,1777.0313916100565,2724.43702402889,3719.6297831246775
ls-1473,male,1,146.12546129479313,596.0676681609576,1707.0040624133958,2680.0276722782273,3454.1028374273296
ls-149,male,4,154.72331218659934,741.8033237288975,1900.38411448619,2877.687264987998,3914.909271745091
ls-1492,male,4,194.9584910072246,446.11588388833155,1643.2386420664302,2634.01238196742,3726.0375459705406
ls-1495,male,4,171.813513184695,464.4412876671541,1482.9836757047917,2795.2291964469277,3617.6645668852343
ls-150,female,1,224.68126301125926,613.9516770039155,1837.5949352883226,3031.067240256956,3754.9468123052256
ls-1502,female,4,177.03051988292708,389.0938210244167,1646.1137139031166,2840.3366034452947,3964.7494090605987
ls-1513,male,4,176.02385731032496,436.16688053922724,1691.6683584290677,2549.326508664542,3625.240401453527
ls-152,male,4,154.74697603844945,483.1813495792827,1484.6740722137015,2583.544400290206,3823.440676181848
ls-1547,female,3,174.7030232453052,431.60756756985086,1746.3539213161635,2841.4772273743,3756.514320673
ls-1552,male,2,141.35623431890514,424.47065907728063,1652.0932355669152,2783.042813297151,4111.965907430793
ls-1553,female,3,165.1359061962729,516.3183872626607,1735.6838807843853,2736.9872400509976,3819.407050257303
ls-1556,male,4,144.63405602211486,497.80310538081636,1680.5665997908814,2689.4542046948477,3745.7208333872977
ls-1563,female,4,67.07068124773417,664.7395572540177,1846.868371920609,2896.825514912212,4159.353241218174
ls-1564,female,3,176.79134282935863,447.1964066163449,1702.1770643497084,2732.110219782217,4011.3353299422056
ls-1572,male,4,127.20345020844337,486.6581781914308,1744.7162251809077,2665.600260452639,3814.467543568066
ls-1578,female,3,174.448865239869,465.0846486123414,1766.0564587005701,3025.564349301134,4055.088092521659
ls-1579,female,4,171.27828056970696,643.9778817621851,1606.5787880806188,2667.2512015309358,3567.7076472689996
ls-159,male,4,121.1171676630117,938.6581287725165,2232.8554628642387,3308.4993503930564,4303.514133691432
ls-1594,male,1,130.3722024861058,700.1245647228316,1813.4901358265074,2823.4543218145964,3781.562487419239
ls-1595,male,4,171.16863412156957,383.8199912832225,1652.44387644088,2618.938519716686,3747.7894852483105
ls-161,male,4,146.8540310434501,466.5338750895221,1525.3958365229346,2690.8800015556117,3761.2315746774907
ls-1614,male,4,154.40199438331126,487.5922384946882,1723.5296744003529,2636.9928929241196,3737.8077302481734
ls-1621,male,1,144.09506197302127,359.2754033649317,1601.1604548798196,2673.807121324179,3859.901362533442
ls-1624,male,3,147.40162798681354,431.5117015779605,1887.396958154883,2748.8787478734102,3900.024539956563
ls-1629,female,4,172.20328467210106,484.1518002676541,1717.6536160137275,2927.2433142919326,3992.395565602117
ls-1653,female,4,170.96997786581338,341.8623789646044,2059.5169442725464,3217.295243381798,4016.580222422086
ls-1664,female,3,170.98836363332714,526.9509674391123,1747.3474187424158,2723.7794804500572,3812.3245191323526
ls-1674,female,2,173.95167320079094,401.6026007516956,1681.4777858319658,2809.770282735689,4205.609776722372
ls-1679,female,4,200.6773339742753,570.5765712184714,1785.095160976776,2672.4316251300943,3785.3473614653262
ls-168,male,4,217.89556865699308,468.1802178090013,1717.5378523433737,2940.4696127015604,4196.888889668439
ls-1693,female,4,170.4772433007446,549.5710586927396,1619.6723486739902,2674.1953795962318,3795.337821432954
ls-1695,female,4,169.30281826445582,450.1769163418151,1724.0601227557029,2943.5071475912628,3932.349342513661
ls-1704,female,4,178.59569921545932,487.340031363624,1704.9937157457389,2968.654606263627,3979.774803033256
ls-1705,female,4,173.19284774853412,439.9283971605836,1841.7675710302879,2739.395336233342,4111.282532612881
ls-1708,male,4,158.2159687192467,419.2512983892901,1619.9854082591069,2985.456367880839,3846.204041995242
ls-1714,female,4,163.08121348710665,555.7963654514051,1732.9295176804576,2814.136860744356,3700.856251052047
ls-1721,female,4,176.24750532883195,413.4091083280143,1828.3672164571358,3137.1904899383962,4214.135094336523
ls-1724,female,4,177.63913291297195,416.44088475788226,1702.9373366392856,2857.077617383048,4134.189386559139
ls-1734,female,4,157.43829340981617,395.1424054801814,1664.857496952013,2935.2745651074765,4022.3493726582838
ls-1736,female,4,161.98775568487105,489.4942387539696,1783.7089831182107,2891.7710736168856,4052.052343973696
ls-1737,female,1,61.063093092644024,1465.2641001276597,2511.242540448367,3341.614419474482,4605.96772782255
ls-1743,male,4,169.06098387676474,434.01782220047363,1554.9011071123778,2554.568900784158,3644.7017432047023
ls-1746,male,3,150.61233110548613,506.6236931587746,1567.2461964331276,2702.4604535214166,3702.7891978492153
ls-1757,female,4,180.6502952536942,477.75020867779017,1611.1307908210626,2606.317655879965,3940.450970292227
ls-176,male,4,155.41909570684356,427.60929559126777,1582.0966863578278,2569.6682306379503,3800.911031596972
ls-1765,female,4,171.42005924542826,572.4166972235912,1727.56153232209,2878.2548936839644,3973.282602180525
ls-177,female,2,164.7268281345243,520.7516273046224,1622.7462019377767,2619.9070547541055,3798.1995839761566
ls-1772,male,1,257.0350176345874,667.7553236299472,1178.2027913049474,2508.2327885179616,3634.385922472564
ls-1780,male,4,232.9012663868487,407.68183880600554,1855.8793709451566,2891.661724204635,4023.4550250136726
ls-1784,female,1,177.33142184046915,414.4139832360017,1640.0921397221932,2780.6755839770326,4101.8928677770255
ls-1789,male,1,145.98491288954605,367.3807629953169,1514.0485940424865,2520.2806296434946,3465.783887496526
ls-1800,female,4,61.70255695681655,897.8559374560068,2137.168998102095,3023.3279731502907,4258.211125960556
ls-1806,male,4,160.1100410730661,475.1596133635594,1635.4324249941026,2663.2525402614265,3879.5235068240795
ls-1809,female,4,176.12861631616266,435.80212605085,1533.5308057223533,2739.0307437973797,3862.9166224439073
ls-1815,male,1,148.82154268361782,655.7539352206772,1849.7050848293773,2830.0510040148974,3816.7285577820894
ls-1826,male,4,129.9677101712827,583.4136302207811,1831.024917804375,2804.095505016734,3843.700006228829
ls-1841,female,1,175.19085111252747,534.3255844741788,1793.4658352616907,2935.53987210367,3717.3781944796747
ls-1844,male,4,145.14913429564058,433.3648964934032,1767.3295610606651,2695.421478281609,3699.7166100597096
ls-1845,female,4,156.9593498152338,454.9068672881017,1780.618944198981,2799.348500245528,4082.1226566938444
ls-1867,male,4,158.5054429641309,576.207473967389,1771.8545856249993,2858.7544829389367,3757.233929885686
ls-1868,male,1,141.62460366698016,427.8822204062019,1962.3577351648805,2762.0077115064764,3531.905489155244
ls-1870,male,1,155.7795516828552,452.2687525065262,1739.7596981314568,2712.9629165893466,3971.5451962923867
ls-1878,male,3,134.58252705102754,580.0029712521053,1825.5349948134785,2659.279002760211,3950.1248028010323
ls-188,female,1,180.36075663070656,500.33946732303787,1767.9817392667346,2951.666860643104,4174.178308476337
ls-1898,female,1,168.93367046402895,804.7940448361792,1750.7788506401228,2690.559607953004,3693.7756784165863
ls-19,female,2,180.05927849806267,535.872925835822,1711.4044937282852,2664.5044628051655,3840.62721758313
ls-1903,male,2,148.99128553278854,444.76237399655247,1609.8839904578938,2657.5871497737076,3570.464618846764
ls-192,female,4,164.42403362372733,427.2396362532778,1686.9331257045865,2779.01529424635,3940.6152371767266
ls-1920,female,2,179.08612064644447,457.4628297480817,1635.2778082532336,2895.1260336595333,3891.8871183217952
ls-1923,female,4,163.42194382854927,809.302615838033,1863.4409778156555,2714.04107234829,3800.7219237878485
ls-1933,female,4,139.9911475277247,442.7050669868172,1516.6043912043613,2875.950643849045,3976.639268071661
ls-1938,male,4,149.75680254901152,364.6791244935025,1713.6128482261042,2601.806860706858,3883.9881562188575
ls-1943,male,4,159.75479442583372,554.5173109929937,1621.2607766484996,2539.511254035804,3306.5354925154597
ls-1958,male,4,154.52660154414383,428.729571847013,1718.7597302506733,2744.2190089629457,3799.0911588822796
ls-1961,female,4,173.2403888104662,469.79264640716167,1738.0427107311948,2743.863751613281,4187.837831488738
ls-1963,female,4,168.18772930590933,536.6204539503707,1808.195644018291,2721.822700054013,3802.458641879266
ls-1974,female,4,164.6322548759153,549.8899285947434,1717.88287762085,2796.4736747958423,3712.179061271171
ls-1989,male,4,160.39654535306778,431.96658170983994,1683.7767301023825,2715.7410802960703,3714.64344625344
ls-199,female,3,183.73223842452958,500.93007084824444,1915.9611181553719,2846.9741119421524,4055.142721855129
ls-1992,female,1,180.1567244984754,384.5264027320357,1703.6397871617621,2854.801877463072,4151.897345031656
ls-20,female,1,177.07387308950496,381.0043716515803,1876.696413797711,2838.5079325850706,4014.7192835728197
ls-2002,male,1,138.53957642621816,436.3407099316192,1509.1469258776642,2470.0711981361433,3609.046391406926
ls-2010,female,4,157.92708890099857,449.7896779275922,1682.2941911615528,2747.5318715179437,4019.5119144135433
ls-202,female,1,175.08744732843905,456.34726570168084,1598.2159679432632,2860.287090174314,3829.2962747827137
ls-2026,female,1,183.56731901009766,487.0045924396073,1658.313963503495,3058.6259555342313,3922.607195799274
ls-2045,male,3,144.26899063695058,391.8525282391601,1662.3157016824462,2728.460077807281,3715.878900027643
ls-205,female,4,153.3787039709021,657.9507256832767,1838.15404236859,2698.1356287924377,3785.7659342378147
ls-2050,female,4,155.60649941119948,407.8931451316822,1700.4569226687145,2928.453609803429,3981.462159098569
ls-2051,male,4,144.20917140265647,418.9156513134218,1669.9677635952344,2542.0434329264094,3630.778438489904
ls-2053,female,4,103.80745226323398,395.3344832726665,1661.5087107379045,2844.5355929227458,3635.0504406219643
ls-2056,female,4,164.2151178267681,453.1126943759306,1779.439893855027,2843.2355488837065,3941.6182493067954
ls-2060,female,4,158.7221785395181,482.20370234985035,1722.9918588070418,2711.2799182399285,3691.36095255314
ls-2061,female,4,173.6335659010316,380.4776700136871,1730.5233784395218,2883.3778889136147,4053.72122107216
ls-2062,female,4,174.89618691608774,421.37566860856964,1903.844504186732,3032.1366950689576,4056.2981067255605
ls-2074,male,4,143.50061499462134,376.156030478821,1603.9736320095683,2577.7988862466646,4193.7905412674145
ls-2085,female,4,181.06122624859978,550.4924681041102,1577.6186026655698,2794.807738398943,3780.5699941629045
ls-209,female,4,170.87036355103294,500.6449064929078,1837.2878431466459,2832.827123160352,3807.3559831148814
ls-2090,female,1,185.99696361940994,485.7099934350662,1627.8947880050791,2767.278135374438,3898.779407560146
ls-2092,female,4,176.9428959969842,475.09086942664396,1731.7818011164127,2872.5624504449434,3871.0030975004265
ls-2093,male,1,150.51223315395592,542.4866543546151,1602.0975860370545,2606.4807256105714,3623.273308771801
ls-2096,male,4,173.37541673827695,457.41260412141185,1663.3964756439568,2752.965183810358,3751.072747625275
ls-2104,male,2,148.63687777973206,407.82157937517854,1665.0688055491253,2502.5922058126603,3682.7383535605277
ls-2110,male,4,151.00663211178204,481.3868953196067,1704.2188026737367,2700.8846997271685,3573.669224210077
ls-2136,male,1,149.3033513070106,408.6642332386541,1667.9840047403527,2598.554734594154,3671.696964290024
ls-2140,male,3,159.11942845848822,383.5128977476131,1281.5680841896678,2687.501275364193,3598.340404107478
ls-2149,male,4,149.75619994195551,497.88081217015133,1699.6464256845413,2438.4173318836934,3746.328168498898
ls-2167,male,2,137.22584525857366,438.11435822805356,1597.03575298668,2862.6400221662043,3980.393485245644
ls-218,male,4,156.29177069214825,425.2304397277274,1679.6529397662293,2683.5609733216925,3976.6753854787503
ls-2182,female,4,171.0244412314289,455.62711987049113,1718.598837574401,2835.83175968849,3945.500973154273
ls-2195,male,1,160.75665631777537,505.5287920724749,1557.9067235519603,2662.935584703858,3664.6251928543
ls-22,female,4,164.0359836132536,549.3162122494912,1805.9204069962343,2814.9720149432314,3828.8407643042
ls-2204,female,4,157.30074409676075,463.2311655385762,1756.1699309929515,2990.7213238695094,4032.2031204455016
ls-2230,female,3,162.14185709578095,712.9169870558361,1797.2100623861568,2689.7141776766257,4006.257846750205
ls-2234,male,2,145.14441004952124,433.6433995952003,1530.8200839946178,2574.112999394778,3638.1864785066928
ls-2238,male,4,144.86759797846653,409.163156674477,1686.5479093753386,2713.014014240315,3543.3895133892365
ls-2240,male,4,161.7089901321154,476.4486576699387,1770.2677278085712,2386.1213483749834,3404.8473948239716
ls-2246,male,2,142.81484375341594,431.3494797335384,1769.6350642407851,2655.1444987221576,3642.5841523540967
ls-225,female,4,146.42110329870357,536.3799630515489,1832.9049047378771,3022.6356734498395,3984.5101736500123
ls-2256,female,4,147.29761016414992,302.1194545184609,1785.120234139284,2892.5185666029993,3793.7410369406516
ls-2262,male,4,173.987041834352,448.45518855697117,1628.014359173923,2718.1867971092697,3789.8088097879695
ls-2269,female,2,159.01220943767305,585.146991871993,1797.4270267689917,2935.8398586989942,3971.5653891914853
ls-2276,female,4,170.083493423388,423.2956417902976,1924.375679103638,2959.896369146301,3915.654533363012
ls-2284,male,1,151.52264068816268,427.44938180168765,1653.779071689159,2588.645852813491,3755.059137277032
ls-2288,female,4,142.57606537493456,308.13727591310027,1598.5235507840794,2753.140700026186,4304.988681605678
ls-229,male,4,146.58432099071229,455.146729834765,1460.160572348031,2443.349009940897,3716.286504828526
ls-2292,male,4,144.65510637253198,482.94821396248403,1681.3616849947407,2232.289810385457,3714.9196839138335
ls-2299,male,1,146.2540995422983,429.93015339943963,1714.5869136248325,2488.237626779546,3773.385663844241
ls-23,female,1,172.4797419449219,584.8951685849922,1909.61684349169,2946.947905266261,4113.587623496584
ls-2301,female,4,162.08724986103942,460.22129871960595,1845.9828124875273,3182.1589834217866,4230.140189603289
ls-231,male,4,190.0753577791466,406.7226995528146,1585.9366285994904,2540.701001209054,3571.188899298526
ls-2319,male,1,162.54965188165573,334.7389508430751,1407.019140037735,2406.27894934797,3653.7264178364053
ls-233,male,4,152.48095260357306,510.4377537779302,1618.6907488136817,2651.61880967624,3552.7079850645387
ls-2356,male,2,140.94926984252297,455.03704927387383,1614.8700367567994,2756.122661244137,3724.730919171829
ls-2364,female,4,170.33375167826836,477.47079327761156,1832.4190772952288,3010.1445400996345,4042.4797778176035
ls-2374,female,4,158.29102623836303,460.17580723951073,1808.702578278123,2814.243801134615,4135.8510254941175
ls-2380,male,4,169.1346581484268,481.72827659668565,1481.284188909786,2379.373641702732,3110.7490348109723
ls-2391,female,1,174.36220364979448,451.58177307835854,1756.4476465618654,2809.771016399995,3821.692432621115
ls-2393,male,4,153.55011304318705,541.9661387267835,1602.4653971728358,2774.099961259699,3609.87229930008
ls-240,male,4,138.9016919745635,445.0883520001946,1600.2384764905155,2616.219851945215,3672.032578945038
ls-2401,female,4,179.02566624655162,517.498686562688,1768.2943864626268,2862.447325092009,3781.2001398191132
ls-2405,male,1,142.85550493333272,369.43790376509213,1356.5193664327417,2603.0379733993054,3683.2072333531546
ls-2407,male,3,176.10614983295721,496.9892334686735,1474.062249070405,2582.1301463741493,3669.013565331254
ls-2416,female,4,171.62529107899957,536.805034289431,1661.099716649888,2795.20615207285,3771.883131775465
ls-243,female,2,166.24634759419718,502.93947662703386,1711.7371840325145,2818.352190478784,4120.67258135714
ls-2445,female,2,171.84499514611946,452.56481601841887,1756.6762451419818,2778.3058780376177,4045.2627825817854
ls-2448,male,2,150.70750475623655,412.7334373970652,1717.549906584286,2863.5256663298387,3649.7071772924987
ls-246,female,1,178.4708600287599,506.4257013204198,1835.1844894931423,2855.209251304796,3921.5938450560343
ls-2481,female,4,175.18825675828685,661.1825320455068,1717.6021069318226,2771.5921456951064,4045.767016603857
ls-2488,female,4,146.01028764694766,399.10974381072776,1675.0671947434441,2791.0525025281536,3927.241953991743
ls-2491,male,1,182.0131654491709,488.1755159036598,1604.0675980461756,2756.9253476433223,4079.0478339524966
ls-2498,female,4,177.1382142304604,558.3428356657413,1787.4914313234412,3044.2640147178918,3874.8557708784447
ls-2499,male,4,171.77873297199633,445.82939889099714,1604.357482660337,2401.4309844226536,3709.5842678162467
ls-25,male,4,159.73382740082178,521.536255353694,1605.6445929444385,2643.7999160303284,3485.227126224084
ls-250,female,4,162.14763983514106,513.8341327368752,1680.2112414999146,2816.819889033076,3944.7380737096437
ls-2517,male,4,149.02162640871035,464.2044309100761,1526.8372166922536,2634.007991962839,3494.354916725354
ls-2526,male,1,148.92226328510853,377.67049571115245,1635.555369983603,2566.192592496332,3761.856348535358
ls-2533,male,4,154.61516864200055,846.8179686362881,1838.3918784177022,2924.107560038025,3882.4659584655583
ls-2552,male,4,154.9403786825614,445.3913144984784,1659.6632586312505,2558.2242031364913,3505.631457437459
ls-2553,female,4,148.31181875862333,664.2870924454882,1927.0625645357707,2795.9719282319443,3896.487806494447
ls-2570,female,2,173.0026555053937,577.5448064524369,1579.5611323602534,2786.0825112623666,3963.8544554620703
ls-2573,female,4,176.4403564453472,581.7419192593875,1800.6560916654898,2851.9165471538436,3732.631068827519
ls-2574,male,1,165.292356041927,805.3650588454207,1583.7064909247208,2585.038860078615,3482.524678740071
ls-2581,female,4,151.26743542820608,597.2756814938655,1668.3405967243393,2720.3928147898605,3692.9659111285046
ls-2588,male,4,145.83413504933105,453.0101666245031,1676.234094063686,2705.1250826540363,3794.2396676345084
ls-2598,female,3,173.89647303909442,457.7258307464151,1579.9309219129245,2796.907862200893,3924.1900325684396
ls-2606,male,1,152.718580850247,569.2253779888092,1801.5249248319278,2696.358431158079,3890.540319552407
ls-2607,female,4,180.67554766464434,414.4842663686021,1822.3063118695127,2971.474419910124,4288.045175002808
ls-2618,male,4,162.0206370914687,426.2066126163353,1594.374935222536,2638.9762737553147,3792.2411279540065
ls-2624,male,3,156.43329721219393,376.7440289497757,1707.0754601438832,2749.1655028485184,3886.368362674038
ls-263,male,1,143.30369302458948,709.8172162646198,1774.6523391354933,2616.1570509525914,3681.412967767434
ls-2638,female,4,160.82235808125083,499.3349375563063,1629.0110481823097,2609.714099709029,4002.56894228676
ls-264,male,1,173.99265434833205,458.31539710235666,1861.413936943944,2856.4530739093625,3860.045466669467
ls-265,male,4,173.3691262673175,514.3429689061772,1754.175250998117,2934.296681912542,4033.1564744618954
ls-2652,female,3,178.8587560289124,492.35929016124686,1640.3926087795023,2712.5637721475364,3719.421805902604
ls-2676,female,1,113.0408005939295,638.8138005127228,1857.6740340446197,3011.982101948306,3978.8722521805967
ls-2691,female,4,152.3113574694175,450.50662898582027,1701.8006160457994,2673.903605654528,4054.1678841488665
ls-2694,female,4,173.157894661112,499.7195958085841,1677.8743652149399,2638.898071903238,3870.035167193596
ls-2696,male,4,143.14461350629182,504.7483971483493,1757.2534737063231,2593.46255555683,3758.3606786651444
ls-2709,female,2,180.68090940828966,522.8374814935521,1784.570817961947,2713.9101312697853,3769.5783467369993
ls-274,female,4,169.34629416515332,439.3498526218792,1694.674418604824,3050.880738534931,3975.0752524776026
ls-2748,female,4,146.15691329102282,406.0862237670665,1645.1403379874414,2764.2778836458046,3870.16014970741
ls-2751,female,4,171.6068545507247,647.3522947494458,1916.946075738701,2883.41277870938,3897.581215990099
ls-2762,female,4,192.7066983997872,535.4567535428585,1791.1400074938106,3024.577649986009,4053.312100471523
ls-2769,male,1,143.7900461702491,442.90834298386176,1562.927611277432,2589.4020193796596,3550.4508565203973
ls-2785,female,4,172.646298040555,568.9081654919548,1865.1486214554502,3105.6882935414005,4141.658823413682
ls-2787,male,1,138.80945692435688,418.8950378836731,1839.1209647683486,2728.417395734605,3655.8766476389583
ls-2790,female,1,209.77340647763077,566.7711585993723,1594.4306600324753,2526.4877237604887,3582.4098180438923
ls-2792,female,4,164.36726862567343,420.27650847773083,1759.7064463796378,2829.421707627059,3966.5597764487966
ls-28,female,4,157.62348147785917,469.0511694574491,1868.0260078362444,3033.877429813753,4121.38522181106
ls-2812,male,1,139.72678254739714,493.20720917223423,1572.9708070381778,2583.886370020766,3683.9366949399437
ls-2823,male,1,156.94757841052902,475.90135802925215,1510.585976559099,2392.8168851253645,3738.1858730087233
ls-2834,female,2,173.87452723921862,499.4534131724415,1787.7848276488305,2826.8075173892576,3908.243499035449
ls-2853,female,2,166.070637893364,509.5628650580205,1709.6308709801774,2789.6212030382903,3822.044838844793
ls-2854,male,4,151.27802783618785,439.780742649143,1613.5937316929226,2675.06609044962,3672.771724737362
ls-288,female,4,172.2463678251928,575.1039910445561,1698.8484505497718,2675.5236396559676,3508.517143756091
ls-2882,female,4,162.56386020367404,598.4985035793293,1947.653527172215,3000.789281671348,3997.513297827195
ls-289,female,4,166.86174288323775,540.1325631790759,1884.9562030221311,2991.478803067803,3869.598007323424
ls-2893,male,1,147.71224463043635,435.2887635191227,1780.4249410738564,2817.634019823135,3653.478915151691
ls-29,male,4,161.2073752112094,372.83548603812284,1742.7504148698742,2774.7996594253327,4004.2611453983322
ls-2920,female,4,140.32866494427583,535.3819264439634,1786.3358179716242,2909.3393533868084,3808.7153925300872
ls-2925,female,3,179.39944129663957,596.8809880897458,1588.4770717848319,2779.780463648007,3660.7174591949897
ls-2946,male,4,152.04096362968352,464.58666157235507,1469.8954533513236,2574.683443548674,3773.4313365175944
ls-298,female,3,176.08167740109943,511.8124651729089,1772.313382818667,2780.4552341772524,3921.435052545734
ls-2997,female,4,172.82704301139682,590.4887228067007,1816.2399755721067,2812.593933103385,4165.976994916712
ls-2998,male,4,152.06409690028664,369.49117873394067,1533.6858004978485,2881.6107322402695,3947.0997659319974
ls-3001,female,4,183.01504383078677,450.73824141171747,1673.6510611795554,2650.4484752791204,3810.12276956071
ls-3003,female,4,167.86007806477392,496.37093438916327,1950.9235689303036,2978.7897412349525,4166.028781539321
ls-3008,female,4,142.12904779428152,458.11982963984025,1788.2932637783083,3038.562860965606,3975.0783321456483
ls-3009,male,2,147.94613785691402,392.3352203436056,1534.6544658063021,2465.0770568908847,3517.7617132594023
ls-302,female,4,173.03117087415436,482.31181614895866,1586.934170664606,2718.0873489852474,3995.8703743523483
ls-3021,male,4,151.19824393295835,484.980240277135,1625.8072316345797,2667.166777845525,3467.2620020203303
ls-3032,male,4,150.9196854797006,543.0546808561764,1587.7745811952434,2774.732007755615,3551.549491036787
ls-3045,male,4,143.90804035077585,447.74414425755157,1733.6361296883929,2643.429955847603,3648.855130104036
ls-3046,female,2,169.43502406625637,461.6754194684051,1731.4100695312104,3072.3281431503774,3807.0306334649376
ls-3053,female,4,186.4044027080063,435.5766350450541,1853.6063983086524,2784.247069545303,3990.5851673029288
ls-3054,male,1,124.27690983731432,508.53970321223073,1586.8893723240135,2569.401664792077,3711.319522562364
ls-3060,male,4,169.55349070098652,368.84746610019033,1750.3095316792128,2674.5813980101743,3675.1557363380525
ls-307,male,3,169.08656986998506,488.70500062925026,1664.9080457333323,2827.7084987379176,3670.7531733730316
ls-3070,male,1,83.43922040994133,422.50465228702296,1159.7018008764082,2623.606202059321,3504.6293615813865
ls-3082,male,4,144.31292325137287,584.8100051613742,1952.5457114282603,2825.5382848337495,3797.2129399154705
ls-3083,female,4,159.01067556356173,544.7576999057994,1881.2851129274566,3095.3702798168806,4171.983158987032
ls-3088,male,4,164.58029228516082,442.55111640343296,1747.3339236336933,2475.489657654498,3593.186978730547
ls-3090,female,4,61.76212897195302,747.3210441183709,2034.828012152988,3037.710759831169,4277.829024824707
ls-3092,female,4,177.06660130360478,508.10972479207794,1795.2270252420617,2994.288967985357,4193.54556128683
ls-3094,female,4,168.5766165660816,440.6522475287569,1666.6679502843376,2612.905218484917,3813.559752820547
ls-310,female,2,210.3318301615202,527.117547887972,1582.319907948751,2783.5447914855204,3881.9278411748764
ls-3114,male,4,125.56549340815576,1029.6764029333417,2170.108590732817,3176.197668059119,4443.323864040336
ls-3118,male,4,157.21333377160892,306.16754462557424,1721.2857689493649,2719.0599824872475,3729.3252748915334
ls-3135,male,1,150.17821657713534,402.9572407019935,1556.2346070222086,2766.6900589839597,3587.633416615503
ls-3137,male,4,154.42851673100347,441.5592616526194,1713.2384111551619,2690.3113524964783,3693.4933618887007
ls-3143,female,1,179.94785486509,389.5741041296958,1730.9623676892656,2975.3388300769425,3961.387008421711
ls-3144,male,2,159.1153250355411,472.2426894415087,1376.5241525975614,2483.4238204607364,3739.4269676267186
ls-3157,female,4,177.87882588618874,478.9867373725581,1889.06321842412,2770.1226619380677,3601.4115212227416
ls-318,female,4,175.17563257016684,489.66629989374076,1916.0680529365268,3087.740426063887,4187.355145862639
ls-3185,male,4,194.84064578964706,432.2755014269279,1626.9116730185797,2614.657964469758,3922.6104975000762
ls-32,female,3,175.13788383836842,488.09488527811584,1735.3453123535694,2769.6247458138755,4008.0082713227634
ls-3214,male,1,144.6004075010515,609.2999719930685,1822.2672402060066,2307.666073405403,3686.7330282777993
ls-3215,female,4,147.9942262395536,454.3977586270423,1685.3167023248438,2863.482961345597,3839.8217926517027
ls-322,female,4,142.80649865623792,659.0212824357752,1944.9262597152492,2816.3161224754335,4076.0914273401777
ls-3221,male,1,154.08917684598904,380.8260410955186,1699.9712563471398,2627.4341902851434,3715.1040853521827
ls-3224,female,2,178.4862057085473,666.0787016166377,1986.020102900721,3077.106217790681,4112.613047826939
ls-3238,male,4,149.5966496387963,434.9198372844284,1674.7549887501675,2536.3975051500647,3568.2598886636406
ls-3242,male,1,144.6759955249505,427.34935461089844,1544.9659784180376,2531.6941147739817,3600.4203020732866
ls-3257,male,4,139.83782799972528,425.3472822740018,1642.053416996761,2710.518884716807,3470.695159627392
ls-3258,female,4,157.78577161265162,522.750956666037,1745.5575106472738,2870.4386758064666,4008.156774483833
ls-3259,female,4,167.17248495568617,453.4067741191145,1567.9616840246022,2648.8951196927464,3646.155763607867
ls-3268,male,4,143.89615399293322,385.31425533877973,1571.2745692386065,2431.476342926231,3397.495203248156
ls-3274,male,1,162.11773092246648,488.73405013041224,1568.6990090667666,2769.3722076167905,3538.3109701518256
ls-3288,male,2,150.3235254824439,441.1081328720246,1651.4798078468218,2733.149997277694,3626.9629359444352
ls-329,male,2,157.21109138480244,396.97669648992087,1619.5390411561177,2864.8200091150647,4046.2225331811856
ls-3294,female,3,179.95193555162155,486.50190887244867,1530.8640680411418,2722.3539974625746,3872.053382781743
ls-331,male,4,158.32544128842562,411.9511439387172,1476.623792012168,2705.852730368437,3846.175647457073
ls-3314,female,4,180.37216451305216,531.1451267588791,1632.7292890036501,2739.6897708927845,3957.307658741819
ls-3318,female,4,148.92793658833418,560.1087578622761,1836.0476452381117,2929.3436928104065,4154.246332774135
ls-3330,female,4,177.61299676109545,484.5985365728609,1756.004883320842,2900.7319711701375,3748.3258228173554
ls-3334,female,2,178.75736300797234,560.7572622966446,1942.2206215619965,3105.2506117753906,4221.671832878161
ls-3340,male,1,144.85958208846355,434.7876797623725,1651.4323799851763,2683.442916643575,3513.042848299636
ls-335,male,4,150.14562536385625,604.8970483513026,1581.5379756837037,2475.4504679154334,3571.4348441236316
ls-3389,male,2,165.42033304756055,571.7980218816635,1682.641075800257,2805.8716045856872,3791.6657281115827
ls-339,female,4,138.89342452437046,503.5997469120275,1795.6792859524735,2774.7022909938587,4138.643156443855
ls-340,male,4,154.65497904251777,761.8357394164677,2045.3819803929316,2911.4220713727323,4071.3297516616194
ls-3433,male,4,196.2377140940389,432.7103439042161,1657.9752660286795,2541.317163263496,4067.9530236583278
ls-3436,male,2,152.93955126997366,359.0221187085111,1631.4305234642766,2932.487107698158,3907.077984359523
ls-3470,male,4,145.92807396523318,482.6398401051663,1414.500078501313,2882.203825671795,3517.2872646136084
ls-3482,female,4,165.3855021992822,491.7351822845344,1783.3635558564072,2713.010991146384,3771.807262045011
ls-3488,male,4,159.6677934454363,398.8143706370091,1582.9264223399364,2690.273454889894,3522.3253776496276
ls-3500,female,1,179.66216407601937,406.1351598837307,1906.2792906136945,2953.1060362137137,4030.821094468449
ls-3521,male,1,143.3749639137692,521.4425357769295,1603.597365432285,2671.635035341975,3436.6190798746834
ls-3526,female,1,173.23543965489057,670.5952944293497,1742.573940348882,2907.9546979090583,4114.065041171011
ls-3537,female,4,172.82460278418088,396.97982526707455,1625.210867915239,2873.4462644713853,3778.5200229422067
ls-3540,male,4,148.57305607473526,463.56244156812187,1634.0637222284026,2617.30420427727,3634.513656720004
ls-3541,male,4,152.61917386377831,497.41303185769715,1533.238628652351,2719.107090379346,3808.1495892690073
ls-3546,female,4,148.39960940965904,426.57984549917575,1737.811878501131,2715.354445639169,3839.023639035142
ls-3547,male,4,145.6128200895692,622.8614196424044,1802.331857034705,2550.9094906283117,3242.123444647319
ls-3549,female,1,172.52706049747857,563.5139134118473,1707.0601937703836,2695.923835677619,3989.427786047293
ls-3551,female,4,171.17692358971803,489.66943885613273,1703.86864244638,2807.5194098050897,3925.5050578690643
ls-3554,female,4,150.8876682440779,560.7175428249468,1793.0810966903646,2847.3785052111116,3887.148529051101
ls-3559,female,2,171.57103446196447,428.27870807659326,1810.864502822268,3046.8790860961126,4182.752553010179
ls-3571,male,2,141.47166124761702,561.337223347799,1842.5182516555979,2863.0719507013423,3679.2813282257357
ls-3587,male,4,156.09981593630428,361.3974991565657,1749.9516413429237,2723.852645971081,3690.622077415099
ls-3588,female,3,176.03858859487923,518.1660874980766,1695.6190756890376,2822.2871573388898,3845.14404726511
ls-359,male,2,141.95674391307244,446.0099484447144,1450.281688163965,2501.8614009825587,3762.2311227483506
ls-3592,male,4,150.07629514022545,453.0070915708511,1613.0592185576506,2651.0241833106775,3873.921780206074
ls-3595,male,2,162.51592157192846,446.7907047731197,1767.0089358012428,2561.921073110736,3623.9643288262287
ls-3598,female,3,181.45731684908293,481.05607131823996,1555.2994328543928,2761.743236101807,3980.368204689511
ls-3606,male,1,153.16405511351104,384.20886016073905,1626.6434106926367,2626.9104320645356,3729.5781946352613
ls-3607,male,1,141.37944879230866,593.2271785789353,1718.0176000429751,2690.378703682018,3790.960758276136
ls-3615,female,4,177.1860440717507,456.59608319554013,1715.076662071399,2822.2555815857077,4078.6918385621493
ls-3618,male,4,155.50419611193814,483.6863894619938,1826.1166718118857,2774.614167995788,3820.4791690810735
ls-3645,female,4,169.00484268059157,436.92929039142905,1888.0967691337698,2913.0022329587837,4059.283464444146
ls-3647,female,4,172.7637300737495,357.59207108643886,1661.6534410950999,2825.2842683757162,4071.3922378917746
ls-365,male,3,142.97207737834975,452.93835642464535,1563.3217279403334,2718.673143905011,3617.880514432599
ls-3656,male,1,145.33183620789694,416.06321785374803,1720.152040222469,2711.3554137540373,3825.069695331792
ls-3657,male,4,152.17226022936637,480.29487468075075,1461.4254169712076,2567.437716134149,3567.207315089423
ls-3665,male,1,158.9624735457871,456.5363675046417,1812.6181064288362,2491.673800849161,3631.0389003552646
ls-3675,female,4,172.91194442043988,459.63624732900325,1620.5315834033572,2776.6732584128304,3974.0962043142645
ls-3679,female,4,176.73738280417638,489.5216192193899,1834.8851259391195,2939.013370023661,4195.009621325084
ls-369,male,4,155.62375473676178,349.91882271460054,1571.305852295053,2708.21806299484,3654.7177483118676
ls-3691,male,1,156.0658842930585,429.7364010644932,1644.5322569839323,2670.9402219009635,3804.7536803860285
ls-3698,female,4,169.09043333555888,422.72262782069646,1593.6673330299013,2720.629531610818,4000.807388348863
ls-3703,female,4,156.3139431745442,647.5537158324944,1797.2484329678498,2860.735141027216,3995.595299334763
ls-3728,female,4,177.91029227636216,503.3236299897286,1774.6232924860496,2733.8806273438354,4191.573475881811
ls-3738,female,4,174.84526415024655,590.557120220125,1981.639919913805,2954.284438981813,4037.383035255617
ls-374,male,4,164.33101024854903,482.9282855058529,1568.8775471614003,2531.6751258754457,3411.8835582995284
ls-3744,male,4,165.37750954032427,483.4871667652868,1605.5860284389462,2570.1708028890607,3589.9934950976367
ls-377,male,1,155.65298788306544,388.89852507275566,1492.2922273454355,2406.4418564864545,3548.1362396716804
ls-3780,male,4,148.31449178877585,782.9314789515201,1518.071840748131,3083.925185334735,3597.6762282137715
ls-3783,male,4,142.35299367925836,637.6003566684288,1998.0708855108028,2908.884639268257,3612.5267364339893
ls-3790,female,4,176.95484035476412,522.5870898580868,1828.0201629173055,2951.9906006227984,3945.41437270962
ls-3793,male,3,189.96707028837133,471.3569783155689,1715.2907974312777,2649.616296874875,3961.123587582363
ls-3796,male,1,146.71099768008202,366.071268958403,1759.249894174955,2487.1902263356155,3561.6434548591587
ls-380,female,4,163.07861178635247,570.7474532069568,1979.705695128919,2907.297036678039,3858.0736638691315
ls-3819,male,2,187.7403151589953,387.54043484315275,1527.8539255908481,2695.718551792552,3651.1849001094147
ls-3835,male,3,138.18183171981542,405.3684883613996,1804.830354903392,2733.750619713076,3631.6805963178585
ls-3843,female,1,180.53420141057353,391.59152012412505,1696.3228715906641,2999.9896571612985,4113.859355998254
ls-3845,male,1,140.0516662281374,445.2748919317823,1677.1269663804676,2706.8391813134795,3674.1146009683953
ls-3851,female,4,175.1965327728958,488.80014542974175,1834.4773367889456,3015.453922639481,4076.734732042045
ls-3857,male,4,147.29155389334647,404.0695297523266,1768.4595713043775,2788.553881387261,4034.7563524298075
ls-3869,male,4,149.61725894108986,447.5050191373156,1544.7237945748182,2668.480171473211,3757.1688729326943
ls-3889,female,4,119.72900471160501,627.9773412224539,1896.3126741184333,2960.7535312796244,4095.522316681174
ls-3895,male,4,144.04829874305577,406.3621778311866,1716.8583852139834,2683.4420776314173,3956.595124493556
ls-3906,female,1,182.68137106353893,444.20238452170656,1720.2333262802606,2854.985592740764,4012.2522086399495
ls-3909,female,4,173.20925202854616,443.3421252556528,1795.3342561291465,2695.9439035896603,4056.0663168489828
ls-3911,female,2,178.76682292234008,525.4119306866721,1812.1932338027113,2888.417548569095,3975.2931548442134
ls-3912,male,4,150.97279328019525,460.4189123451156,1486.2415280059222,2480.053341748874,3637.0465622759575
ls-392,female,4,170.37909492618638,496.5815658045233,1783.440680908725,2989.29612235819,4240.231921735866
ls-3922,female,2,178.12107975766986,553.793210667992,1790.44364279808,2746.6225673017616,4333.8696701396
ls-3955,male,4,119.47818406112135,496.0433031428859,1493.6200637363045,2704.456719264599,3515.6413883404302
ls-3959,male,4,151.10763917442023,419.3914687386417,1858.5416936307124,2761.95127351437,3761.7265291998765
ls-3967,female,4,169.86482299031547,432.4038279892046,1885.3257324712727,3086.063968711976,4171.220596326137
ls-3982,female,4,172.70475912080593,407.53161114798695,1734.0814272159182,2844.718093711992,3801.404472270201
ls-3983,female,4,176.58040200555587,463.8759539037152,1677.222148367027,2841.8703786994247,3890.951973107192
ls-3989,male,4,183.94568087372676,578.6417445581034,1658.3884998861104,2816.0438495154426,4132.438719089107
ls-4005,female,2,176.3214240518365,464.3492939613094,1658.6451202973,2853.1975435859754,4229.435217998018
ls-4015,male,4,185.8750172165387,437.7676444446282,1510.7890324122995,2501.7272336444667,3908.410042528222
ls-4019,male,1,177.79189776411678,432.6240313696833,1733.042940051972,2624.2647511080695,3539.4822777417617
ls-4020,male,4,242.7468388952778,524.648778792422,1879.4171748645342,3170.864433555359,3960.7795015559836
ls-4021,female,4,159.30731161155626,571.057147375315,1732.9266484912073,2789.775007403407,3966.5156935358764
ls-403,female,4,172.73468418092597,364.3259616124526,1626.1068944509711,2697.9382750469617,4022.1219915025413
ls-4039,male,4,145.49476391390465,512.1590481528135,1708.3905576764228,2571.8061238381338,3736.929107151347
ls-4051,female,1,169.8239871847024,482.5734238314334,1566.7105434776363,2660.0570959370493,3878.4870493428775
ls-4054,male,2,142.8228924047263,526.9778034772843,1608.3797731462687,2555.9557626557485,3634.3931343770637
ls-4059,male,4,151.9085510307453,455.19856625561476,1726.6717093254404,2756.0604469939917,3796.1781422489876
ls-4064,female,4,165.65504946633746,478.3643208123908,1707.7978180764253,2833.985944034436,3930.776752564404
ls-4071,female,4,64.05723822809767,717.0878155433741,2088.845250641438,3293.4795076609335,4303.009597065905
ls-4085,male,1,189.3156142553406,604.3760324262031,1622.6072664977485,2522.728944257845,4028.6311209641885
ls-4090,female,3,167.66154269352862,524.3109913816907,1745.521455552726,2680.590515782623,3820.206001784847
ls-4108,male,2,153.1475754763327,386.18138299866274,1862.1855499371222,2516.847952233783,3514.097272386244
ls-4110,male,4,161.60386203686062,455.50967815972297,1578.8776833148718,2652.0947083014535,3769.6171220897213
ls-4116,female,4,174.07522168571853,604.9976585542618,1824.4806946404888,2951.2093027610176,3801.1595028363085
ls-413,male,1,148.1236119815543,620.1829051775521,1822.119967203186,2775.56893023605,3530.255334151094
ls-4179,male,4,156.3159499712844,404.0363760589995,1624.5991990101384,2657.516804904476,3876.3493615214743
ls-4189,female,4,173.24650932836894,464.31147364856395,1820.0512797082683,2878.097011177659,3963.50247759438
ls-4192,female,4,149.17372573188248,476.97864888444025,1808.014162891469,3002.6641483696317,4194.649088343635
ls-4195,female,2,178.3308245553327,508.98563366259646,1595.5097395397295,2955.1107230344774,3999.7453462507283
ls-4196,male,3,147.90871987033594,759.661176245085,2051.331669223702,3057.299065129626,3790.553582722502
ls-4205,male,2,148.16568638136292,439.95028459403403,1861.7890028399277,2524.3141090214817,3536.6934356048996
ls-421,male,1,163.66801816259596,348.76087258454527,1928.6997004128461,2912.5520225868304,3891.3764818229884
ls-4217,male,1,145.45974295788028,737.6186061323789,2017.5639522240167,2943.2246605104897,3732.800761686853
ls-4218,male,4,145.93287905791135,408.5825423546364,1522.6959698767196,2619.228212018083,3390.9405180599365
ls-4222,female,1,165.4240398800382,462.2006360361499,1721.3283723456009,2570.066820393312,3793.982622292996
ls-4226,male,1,174.1020195143862,415.1511409478626,1476.0075985271783,2602.9889317400116,3715.876285168225
ls-4234,female,4,169.7007076373904,590.5071466581244,1618.3984396039382,2806.3602173073014,3718.44927607575
ls-4235,female,4,164.80186846873067,546.7716279154395,1709.2567197212672,2743.865547252788,3836.4015210605703
ls-4238,female,4,154.91117039597452,650.682176222517,2052.378257608945,2962.6926153485438,4459.041743645246
ls-4243,male,1,179.39838896560553,487.15109688171174,1618.3882023376407,2681.330516822979,3721.22918200187
ls-4257,male,3,143.43226685654457,449.8823876258479,1594.4085704938914,2645.2753198914925,3720.0735360542344
ls-426,female,4,166.948533703895,467.4034999731094,1827.395200930188,2921.9686288111616,3921.205916033328
ls-4260,female,4,173.90042967101695,397.1198523874699,1631.4402809793503,2706.751412956137,3786.0343254040595
ls-4262,female,4,169.95349196881898,558.041066688311,1618.7447665746165,3087.687787608337,3829.079844528769
ls-4267,male,4,207.89581833850326,457.1295640050975,1595.3878783184864,2700.5495722742726,3694.4777223482524
ls-4277,male,1,145.3932544609699,652.7905767986722,2083.954473180097,2775.291453092356,4177.6632295215695
ls-4278,male,1,149.71601049052083,392.76062531918217,1659.08512746738,2521.9603212430484,3748.135824864406
ls-428,male,4,132.64499736976308,923.6176115914014,2044.4484638836525,3360.951254394013,4340.0386694163535
ls-4289,female,4,167.68791433221855,497.80054925200125,1740.8767801939139,2847.5975564565833,3893.8090483333813
ls-4297,female,4,173.34732931259651,558.6293484401141,1811.8918999294765,2928.000774743782,3909.556143757689
ls-4305,female,4,176.43476701873178,409.45291507298185,1808.1749476305588,3031.219560839654,4274.63822351333
ls-432,male,1,164.24893890337,498.9597093795765,1734.9482035071555,2442.294367662457,3266.823284222698
ls-434,female,1,158.68946605940596,589.5964105449881,1933.288261555479,2854.8460196764822,3754.864302644861
ls-4363,female,2,167.4091761985788,596.0648133692101,1727.5264972675795,2854.9509320600373,3870.8409549013986
ls-4379,male,1,141.06988635709877,362.54311149491883,1655.4305971101307,2602.564911786397,3802.5007781419104
ls-4381,female,2,178.8565137159365,394.1266179496972,1660.1602314017564,2581.807652111571,3711.7609724827175
ls-4396,female,4,148.1001290144826,440.1381137024873,1607.0652090505082,2775.725401510128,3880.507218982968
ls-44,female,2,174.80266201118692,471.97453466430534,1831.3744854764245,2504.856538678302,4103.285034831471
ls-4402,male,4,166.63969073689648,404.3681325602588,1531.1516243837018,2566.4564221302835,3857.941087194587
ls-4406,male,4,190.583920106595,517.9281164910881,1680.0194760103573,2784.4170246463136,3735.8370216843127
ls-4407,male,4,149.7211219108658,385.16491136021546,1497.9908813955903,2692.5369214820157,3840.0037304794605
ls-441,female,4,161.3062333174603,420.52279294951376,1678.65006433058,2798.763059361489,3930.1090109309193
ls-4420,male,2,143.989879744051,399.21336561458406,1683.347598650987,2817.2427970769277,3571.5205298703377
ls-4423,male,1,149.65009684373155,502.92005859221877,1520.473097005638,2685.6194534953074,4207.588217672472
ls-4427,female,4,174.75256222130812,433.82802359642955,1751.0069050084207,2966.4240798830006,4118.66301512067
ls-4433,male,4,135.2265322079735,698.3525693205565,1572.1994322518253,2800.5192228730575,3628.599092419885
ls-4434,female,1,178.49078690985093,525.9878575308578,1517.7707875134975,2662.8831949285723,3654.7131569754465
ls-4441,male,1,157.4278472224512,443.43829831550835,1529.5286378297865,2510.261329487951,3715.3822507520954
ls-4443,female,4,145.91717999490504,426.53822591097116,1650.326216913083,2790.169544155027,4133.6960986476515
ls-4474,male,4,156.49438644669982,479.1201655858566,1587.389488551546,2680.139186097601,3646.186446151044
ls-4480,male,4,143.0106028170714,364.02811788268855,1571.120351841539,2719.398611348549,3949.095864045479
ls-4481,female,4,152.32868346450144,456.9229702344762,1736.2982086762981,3060.969658821713,4196.955346456263
ls-4484,male,2,142.86840075845663,455.106971404569,1493.996497417696,2529.6478420716417,3495.4891960982577
ls-4492,female,4,178.2076484490247,511.77492051989276,1784.164994798346,2838.621378952719,3971.5114865947044
ls-451,female,1,86.34589171071832,790.6228397432697,2158.195451141353,3211.8139447751632,4217.818074649824
ls-4511,female,4,169.21590937736164,479.01061388130324,1672.6416205851428,3010.243336298605,3951.6629145900833
ls-4519,female,4,167.0629446586875,491.2990385312124,1797.5503710735723,2973.565889464697,4041.69947966831
ls-4520,female,1,193.55243872151743,572.764521594947,1888.0579831096932,2755.2132310676798,3703.1629859520413
ls-4535,male,4,198.13505552528818,508.4084884490927,1594.986448490094,2639.112861588032,3877.924894935023
ls-4546,female,4,166.3238201486031,533.4685142641481,1862.9973240548036,2935.7327804226425,3980.167707831036
ls-4549,female,4,161.60161876666302,555.8874152847,1751.5468450828912,2770.538672637335,4212.675758630308
ls-459,male,1,175.89321099838247,383.43476457413686,1702.9422642160725,2656.658978133224,3657.5709377266426
ls-4595,male,4,182.49158802118993,438.0802859281087,1589.3124363580796,2518.902173534278,3784.315991769249
ls-4598,female,4,165.9765657692496,426.1386032956513,1771.6509793221323,2796.9151404380573,3943.1592400914637
ls-4599,male,2,157.4929493311376,488.7804711162172,1663.0526004469655,2791.7706885611697,3959.6542109446905
ls-464,male,3,125.93392957145981,606.0579955542966,1627.193119603185,2608.790441601752,3648.40985102471
ls-4640,female,3,176.4598847944771,497.6286568862185,1862.7017658988357,2917.1502462171575,4044.7985501718413
ls-4667,female,1,178.00889948837485,464.7446620672919,1886.2790187614846,3042.3356517372295,3943.6291609854466
ls-4693,male,4,146.7920604087347,443.20499863623104,1598.3362621857937,2702.530786040362,3998.294302720611
ls-47,female,4,178.98854435163426,480.5726124810262,1863.4891669200213,2919.154068257263,3970.985420042536
ls-4701,male,4,184.7861902181182,443.47988294649394,1662.368813481553,2913.9702826074713,3634.563050880034
ls-4712,female,4,181.9853614432963,440.4659278025292,1725.192541173857,2953.13880892881,4246.0887264765715
ls-4719,male,4,148.31749380486258,417.02851360034515,1720.002295723375,2667.494524383409,3660.027476643185
ls-4731,female,2,176.3200537374883,592.013356455654,1698.2395598135804,2895.815040271712,4167.175267964187
ls-4734,male,1,170.67961545236588,483.79479739129874,1558.1204182147633,2503.594633696067,3348.6340766362678
ls-4738,male,4,142.6572750691641,548.3315196614839,1878.6514194545648,2742.575559777326,3813.6705315370677
ls-474,male,2,149.09329293357573,424.0986703418338,1442.419896879768,2697.6370932415884,3590.4197041562093
ls-4741,male,1,146.9312246943403,550.4334693911233,1755.2387411532898,2747.6919550406838,4037.7014883282304
ls-4744,female,4,168.24708638721728,542.2214793651318,1656.0078785946466,2865.0590942699982,3975.627437992318
ls-4748,male,1,139.90442756761814,419.7461697999907,1356.8609105382861,2498.3959606589688,3533.4373435633543
ls-475,male,2,143.94927277775736,493.1336397562693,1680.2871398281764,2535.419414174773,3679.050058561824
ls-4750,male,1,149.37898491335628,473.7375228516804,1567.7759631642684,2425.756853696963,3709.8282839706962
ls-4770,female,4,177.9435216347517,448.0343159640022,1779.3451292581917,2805.970081441098,4075.219728570616
ls-4771,male,1,159.95626712426224,484.59754501686757,1581.2063624815723,2488.5910006888043,3920.5555757652974
ls-480,male,1,153.32201260083076,412.41559083450085,1575.2897937694743,2617.350287560741,3591.325156235934
ls-4800,female,4,152.50753974305536,535.3008576319949,1750.5024651161675,2754.2837223619144,3970.2753163495754
ls-4821,male,1,155.12491296951825,436.49136850019266,1488.9919131915865,2559.6450212211357,3806.2672449745346
ls-4839,female,4,173.04116720612853,453.9991467969387,1664.7189832702202,2914.96076075981,4003.500213504788
ls-4848,male,1,140.9672114198741,420.0403045587092,1551.9836809236847,2713.7221803524576,3746.1383692543955
ls-4860,male,1,144.92381516985375,422.0721782642871,1721.8125269545599,2635.7181196797037,3484.606176733964
ls-487,male,2,142.72723869826638,497.48496540701683,1778.3935548876293,2795.8824319005585,3726.244055874522
ls-4872,male,4,153.84025910725433,378.2419235402498,1581.948290844845,2622.0422817088656,3724.3834089553047
ls-489,female,2,155.10886080846,548.650757323663,1929.7555785868017,2875.479726839263,3837.6094770466752
ls-492,male,2,156.81333518931993,540.6202044380897,2149.6613341131724,2808.1219626004277,3759.860894443761
ls-4930,male,2,137.0782236032445,398.65985308043514,1963.0735901501348,2635.98006533638,4209.335786796566
ls-4931,male,3,152.1440848194075,430.38917800712875,1632.8634618367334,2794.7415132721144,3727.217703321919
ls-4936,female,4,159.34027247304476,371.5169420525352,1938.5613072500178,2918.724666767199,4055.352612547231
ls-4945,male,1,150.5382864482219,307.48097051838465,1670.6754729803822,2537.8137317762507,3669.575373813004
ls-4959,female,4,186.49577727053264,416.61869888077774,1912.5495345228355,2923.542512613547,3827.4266949718267
ls-4964,female,1,184.01751314718652,606.1694653620393,1713.2808577730164,3143.984949045641,4344.333722828091
ls-4965,female,1,177.96284466656778,510.1860380713289,1822.8902748644275,2838.180440766587,4085.8777845173954
ls-4967,female,1,170.75485941345454,534.4239212264546,1815.6868784007665,2914.6015800857563,3890.373650643378
ls-497,male,4,153.91263607814108,779.8126718429603,2214.108730746071,3192.5836922582207,3921.0024693567643
ls-4973,male,4,149.90985141968417,519.1210361684242,1654.811102039185,2541.512299634443,3725.746155663287
ls-4979,male,3,147.48623016223056,410.86046770297946,1536.0409717508542,2514.218986721889,3356.143881604823
ls-5000,female,1,176.75036425178592,465.1236852176666,1615.5856396692386,2548.211824133704,3859.6211601485033
ls-5007,female,4,156.54768285171815,514.2868920363164,1448.8602993402314,2869.0582888749313,4463.944872271118
ls-5009,male,4,141.86673476464762,466.7560781128143,1572.2782724194908,2462.2786580211387,3256.2415758148672
ls-5019,female,3,172.9763892595823,517.6266971782227,1941.9421125954523,3033.990074161201,4414.681478928849
ls-5036,female,4,154.06235727409813,424.93122677321423,1788.0562496612984,3127.2412191721883,3940.028989004491
ls-5038,male,2,163.9894678414273,456.027213658107,1778.342682988824,2697.029477262081,3785.0442254673617
ls-5039,female,4,166.04572791468104,555.9078848284189,1802.8516947434287,2827.4294610724555,3970.418538005926
ls-5044,female,4,167.74392754169375,546.2900327789541,1642.2164236264782,2867.375605424102,3819.24699177858
ls-505,male,2,183.23334843741048,541.6826352712171,1636.8725023966426,2766.209285725283,3563.9910881349615
ls-5054,female,3,173.03613055631234,464.2192739948942,1648.4230651349658,3008.776096786969,4219.559791927314
ls-5062,female,1,177.4094953621304,437.60371171861055,1591.5806892722403,2622.116674356573,3777.7593852644527
ls-51,male,3,156.64377227731427,480.4296784296286,1409.6596490274783,2717.8438164199824,3596.74195567449
ls-511,male,4,150.19629019574268,441.4284030642832,1488.314879616672,2462.2853709515216,3512.524193574003
ls-5115,female,4,152.9017849027339,570.6329625692837,1684.6795317261963,2677.58065021933,3781.6291318991293
ls-5118,male,3,117.06865119559414,655.9658807783146,2137.6634885185586,3148.3880675297555,4140.711634545818
ls-512,male,3,130.7210509457055,543.0598496543535,1804.1465784828783,2647.3686113981266,3892.831711734751
ls-5123,male,4,181.73204301995293,489.48544507387226,1571.9940142943642,2790.3140154574116,3630.8062906118303
ls-5126,male,3,200.58313407226592,413.67562025486325,1573.3493866691592,2778.6321519737826,3583.332942210872
ls-5132,male,3,139.3991800702353,572.4230886262797,1849.5649440061668,2748.486929809945,3689.6080188921037
ls-5133,female,4,164.18917098224284,459.28127012353116,1554.2817867679119,2764.1152820079087,3575.057932796566
ls-5136,female,4,180.9573894238236,509.77743246893283,1646.3016159059323,2882.099432093065,4077.971285265042
ls-5141,male,2,173.5784161083448,432.08026915145285,1558.684157381131,2517.7853869622986,3577.212989074901
ls-5154,female,4,154.10112821780558,672.0464951764502,1836.1035348712053,2900.8275418223075,3915.276041093097
ls-5164,female,4,171.51681626728575,535.0373682144609,1635.5140227151824,2636.7183962871286,3895.7860252325945
ls-5181,male,4,146.5718341022787,493.0167364212743,1553.0261410345242,2542.755849680848,3466.2041115114425
ls-5185,male,2,145.28766802202225,473.3440175352031,1473.4029876943348,2342.161770021355,3647.1000191571966
ls-5186,male,4,158.63617576286373,367.74445656803266,1665.383464240107,2801.2064779381453,3651.3148048720045
ls-5190,male,4,155.00409662825317,399.20168862241087,1710.8179985956363,2632.1710295636412,3832.826747799014
ls-5206,male,1,166.58023022304818,872.7437063463848,2078.2882939049628,3342.255481694574,3837.8741289871355
ls-5220,female,4,153.3755108787469,459.04208040307145,1585.649976007825,2702.4259771813295,4340.361380737319
ls-5239,male,4,163.4175954158229,375.6871496287631,1647.872933419824,2509.16634453974,3474.28915803934
ls-5242,male,4,158.1843852325564,442.9062116948999,1624.443249688802,2658.803174200506,3539.4471660262598
ls-525,female,4,166.37482002264025,602.8523470519515,2039.7840611872882,2933.2247090487795,3865.214138664794
ls-5252,male,4,153.2064343296801,408.4332617035234,1567.3277135709388,2487.3674373948843,3893.9591199350757
ls-5266,female,2,184.30174101215732,533.6586059451449,1693.8527587687208,2841.9146297868147,3815.92912416128
ls-5280,male,4,166.66723191053694,444.20960026532157,1592.7711694848,2602.6646827309505,3710.2282539979606
ls-5285,female,4,171.11389793327132,483.18325217352856,1565.083024393968,3033.421067498882,3967.313413334372
ls-5304,male,4,157.9267469543974,485.9110077677051,1620.8478516626262,2681.0095737230085,3452.487366604119
ls-5321,male,4,179.35849572696395,527.057723787749,1591.4428222581691,2740.835375214816,3688.0203541713104
ls-5333,male,4,160.3103808352956,477.0068548725611,1566.5737554326838,2709.3636435914077,3584.9322242894295
ls-5339,female,4,167.22884436423573,443.59612279868327,1793.1759578350348,3006.7652258066196,4162.919137503035
ls-534,female,1,175.15772642289068,452.8408158080183,1638.4052216356586,2679.4617357643415,3850.442139151948
ls-5350,female,4,174.52581489244335,479.4657867974687,1629.1442303992499,2817.7194594163157,3749.05288986196
ls-5355,female,4,174.46079362292932,550.9344511208752,1864.5223234397026,2766.0779059056194,3995.587689041228
ls-5361,female,4,175.03601598984767,491.02330013469947,1831.1017403344172,2767.1095292203127,3783.413476758828
ls-5390,male,2,146.75778186598967,427.73574689879047,1639.0468885453126,2716.4672661589448,3702.7677818511966
ls-5393,female,1,169.66079284409628,693.0357767925119,1882.0291278442423,2988.206053897571,4250.181496663332
ls-54,female,4,170.34829952493362,502.110557475778,1947.3227679034994,3082.8817773542814,3960.1639536247744
ls-5400,female,2,175.40179590954318,435.55258280619273,1914.3293787239093,2861.592449262825,4251.187734267203
ls-5405,female,2,173.03884244762997,425.08011122559367,1936.2724177110695,2898.9238386568923,3955.1971332514886
ls-542,male,2,143.25223908975386,555.2764211999532,1466.2754609044405,2633.6195412852558,4007.063417093187
ls-5429,male,4,157.93819838659493,756.388075118705,2105.636744806885,2984.0714454076183,4052.551750566624
ls-543,male,3,140.940944807103,411.1296496252271,1656.5144844423762,2640.17210363513,3517.2510000229086
ls-5439,female,4,173.174671195067,504.64837962227637,1721.6702631117882,2816.907608006407,4025.715564977035
ls-5456,male,2,149.9928586977428,422.6754140269561,1387.5649370560864,2589.0477493356375,4075.491710149693
ls-5459,male,4,176.65490291346381,495.79592990234903,1611.5609635997916,2553.891739751515,3550.173537167207
ls-5460,male,4,150.75239420092447,407.6272102266438,1644.0225870328363,2756.6329170648833,3739.838828265385
ls-5463,male,1,147.4695016688338,487.217546080619,1515.6116473888017,2628.039201173997,3905.624335101209
ls-5489,female,4,157.59732444546376,523.4790609196885,1626.4990817529474,2635.313161400085,3770.576548569079
ls-5506,male,3,149.43992448914486,740.2390519826351,1764.1121042463008,2639.4098505052143,3995.772155279091
ls-551,male,4,171.62960161959012,426.73221484213826,1654.2711321527704,2415.8024790754052,3839.235069384511
ls-5513,male,3,146.17294531866202,414.58940681899196,1572.4620037462844,2663.2724719628413,3727.4463035537137
ls-5538,female,4,175.23543261099482,389.76688615951036,1777.6492884693707,2797.773024018528,3890.121852320164
ls-5545,male,4,142.27003932380012,411.7048971339194,1503.6796869731631,2550.2239748874804,3784.2195070567777
ls-5561,female,4,168.42785638791636,533.7201952807158,1723.840740883376,2738.8799006282206,3723.38380857787
ls-557,male,4,138.1545281329714,452.2958422722555,1571.8457884185002,2616.2766104198745,3674.9536612950615
ls-5588,female,1,178.268214424229,496.32390816068227,1852.5903685745786,2940.0171499436688,4112.879751141986
ls-56,female,1,164.9037356757609,535.7988674078038,1813.8112423064406,2791.7876108724663,3836.1879421896524
ls-561,male,4,163.51962709314455,451.38145231521185,1582.304851909841,2746.7782643320743,3460.0820334612627
ls-5618,female,4,175.9959239463409,486.32348379228625,1948.2956440456226,2934.493448219755,4227.014715268895
ls-5620,male,4,148.54250454996065,423.06431108132085,1769.3495936615511,2642.6921741967158,3564.8608638118812
ls-5636,female,4,162.367101838891,467.73909055216944,1717.3293356427862,2869.955004907026,4039.745746810139
ls-5637,male,1,157.3091742611915,515.7039485776456,1611.713297665718,2559.2902338661333,3556.327866324918
ls-5649,female,4,163.55111512823595,420.5663839267943,1811.3689360353392,2998.626101605797,4358.850871672871
ls-5652,female,2,174.11320210982518,486.9412753061037,1864.8388086038594,2813.280370535284,4061.8176523681022
ls-5661,female,2,177.7598214956729,386.3614699933029,1768.3675206452294,2879.6811250481533,3874.46114048543
ls-5665,female,4,176.9821152233339,524.5097830982622,1698.603539770941,2676.636816196709,3943.8703278616426
ls-567,male,3,131.67279810769168,340.25912140258606,1777.1884413155617,3030.762583773481,3910.174859302468
ls-568,male,1,167.2334262451637,560.4464874110288,1787.3054653810955,2632.745546252572,3859.9146655423115
ls-5682,female,1,135.1957797882419,390.4991322436779,1878.82090994334,3037.940390861264,4246.632174593422
ls-5684,female,3,179.97969393243238,418.92078114667487,1794.6986227841912,3019.0556021910133,4160.83740346257
ls-569,male,4,155.02654808688257,451.37899255045454,1603.4892199559233,2848.4283609493227,3977.0574566478795
ls-5700,male,4,179.02535375914343,408.65487352494404,1557.4735419523745,2599.144323260977,3822.860761989704
ls-5717,male,4,152.42623341693536,412.04677740825366,1667.7321533686065,2553.6512674677915,3819.0845243817585
ls-5720,female,3,173.3552266171922,498.9541301887998,1666.5411436870897,2740.6418291518785,3897.081415443014
ls-5723,female,4,153.1267899078257,427.46912455253886,1695.4083186389457,2701.981620043709,4016.5463123129193
ls-5724,female,3,174.56025616276673,862.1415174255492,1777.431359434229,2875.1189246330428,4196.414184142566
ls-5731,female,1,174.5035938783123,602.123993582905,1900.0119997915142,2875.0985904484114,3923.7122827468074
ls-5740,female,4,170.7160103736693,491.0186016842857,1769.1200232516687,2885.260726691289,4201.440481945729
ls-5756,female,2,164.2022207413088,470.29852238590104,1722.686881636401,2998.1444163837605,3810.9116647909614
ls-576,female,4,167.45204324334534,534.7970436193057,1755.838912353553,2763.0858623296845,4113.979733666015
ls-5776,male,1,151.9999882278026,448.5007426421748,1611.9818271148765,2375.606612060407,3501.635383317078
ls-5778,female,4,171.70483754361453,403.4254690009312,1823.7540498961357,2971.666948703328,4132.889913866602
ls-5789,female,4,180.7094389722048,505.38515583083836,1811.1907529281111,2885.849000813051,4061.215476496868
ls-5796,female,4,157.5208337199152,627.200517205272,1751.555359461206,2929.9538479554467,3917.3046726238167
ls-5802,male,4,189.9020898707093,448.683796497113,1639.1892050030272,2587.5573922439535,3684.9046191885764
ls-5809,female,2,182.60529802162512,490.3480851749491,1618.6556404578564,2615.6324800972425,3739.0999293147815
ls-581,male,1,139.0714959736947,483.84089217254666,1534.3309709093712,2408.766759127181,3659.06292659637
ls-5831,female,1,209.97532474425404,535.2023057256562,1680.8442973457309,2739.7973068295073,4044.8582913563323
ls-5837,female,2,175.24451637334155,426.9603573479752,1493.4808884890429,2649.0257442589655,4091.97569431231
ls-5854,male,4,163.48749008411332,421.02521116566925,1583.1593503262104,2675.4601289194875,3763.619023294792
ls-5867,female,4,170.83110144790936,401.37253340206894,1733.526066789474,3011.547669811767,4183.441742120198
ls-5874,male,4,156.46046509790875,527.3256207174068,1637.6064626705133,2701.096746827221,3527.695740956715
ls-5876,female,2,172.52825268430132,497.3473107010823,1773.970377931103,2989.7348539167424,4238.211735329329
ls-5894,male,1,147.43159951100313,416.54635445010666,1571.9953854802868,2575.7930482901784,3610.7083049754824
ls-5909,male,1,131.82170466039585,483.37768893523395,1617.455752933319,2760.034158794733,3758.784719908528
ls-5913,male,4,149.83551847840522,396.7038657408405,1414.3561227946184,2515.1953087320708,3513.2660491155702
ls-593,male,4,154.85679556949768,515.0800242347151,1701.3017885108993,2789.8895214285403,3643.8350574991873
ls-594,male,1,210.00614091084367,428.4768600329995,1532.153748215984,2613.983910045631,3901.6016284709203
ls-5940,male,3,162.34721143838178,601.9803018271263,1731.1515821768053,2750.6893590349937,3865.2364804107583
ls-5949,female,4,154.75042439148308,482.3948748666554,1890.7858677253234,2871.4839523963374,4025.96931980699
ls-5951,male,3,143.05362558858516,470.3596552690488,1294.7673975443163,2538.4344245009984,3414.623492345291
ls-596,female,3,172.3852018900704,336.0110559240442,1750.0081181713886,2946.158859508283,4034.2046465576054
ls-5968,female,4,159.96217962784544,427.8620822534298,1686.2356944278151,2804.4959734360373,3993.497569362511
ls-597,female,3,175.18520497945354,523.6865046850155,1569.411458677716,2609.4406653210235,3650.9658695936887
ls-5970,male,4,145.6417453553911,504.00496900587785,1610.0614929510161,2553.4100842465473,4059.3584671367626
ls-5979,male,1,200.66784664124742,498.43983261379407,1246.41077040119,2323.395348245631,3769.677596709476
ls-5980,female,4,175.8712083564829,494.18214141228486,1745.2541239385819,2981.1774297585334,4355.664048686527
ls-5983,female,4,177.23132611116455,560.185592807182,1802.9125339321113,2778.063658085116,4069.765043887978
ls-6014,female,4,174.9651905229125,515.4796723049219,1764.688095240178,2994.047939449451,4118.529584366508
ls-6019,male,4,152.13881994963123,381.80590970408525,1646.4967316832006,2609.1710473022076,3338.284343528351
ls-6025,female,4,180.13662987347547,469.92795553752467,1910.6536369468602,3134.1371518401606,4018.0640107563813
ls-6032,female,4,177.67376961820975,541.3072997580282,1752.8820058186325,2892.808289211101,4244.432421687236
ls-6035,male,4,153.05355739680766,363.8071604349641,1606.6857984219992,2805.317497244493,3928.453974416904
ls-6038,female,4,167.74073479635746,386.5626306974018,1669.9211629541132,2941.5226810218473,3744.4166623034166
ls-6064,female,4,169.4482734106753,534.5286750034585,1748.6072409240905,2845.035027461493,4118.832526854829
ls-6072,female,2,168.90417576649827,484.3589154466744,1873.3279893283707,2881.9839244494115,4207.683364670442
ls-6076,male,4,180.00312921093524,417.9416457519933,1550.2080800726444,2589.5187666539873,3742.9162218733563
ls-6078,female,2,165.33692656536488,432.1664109782857,1820.6239182747995,2786.2656337200942,3871.333012014942
ls-6082,female,4,176.78679883669327,472.52299456138667,1615.0460879114985,2797.440949630399,3854.2354471569834
ls-6084,male,4,191.85483813739563,414.32993479463744,1762.496501829744,2979.4601565958374,4030.2084858082626
ls-6088,female,2,171.51982147288118,456.32594046194015,1848.9906393174265,3237.153960408975,4219.891289842655
ls-6097,male,1,140.8406169070836,380.71429230620856,1483.5671248176411,2655.0449438230494,3502.6405306268607
ls-6106,female,4,166.6085023417511,421.23055994025765,1894.7586405478423,3006.6473584197133,4156.2692956043375
ls-6111,female,4,146.03546836221437,456.7195633628097,1780.9671849809783,2985.1286740516016,3718.3352429453857
ls-6119,male,4,152.41616213097453,466.7943678425314,1723.8063267394516,2700.5097103130565,3994.2530316372877
ls-6120,female,2,176.21452011968017,549.0617361578486,1769.3598925363626,2951.3217793774415,4150.623933273195
ls-6126,male,1,150.74845557592292,524.3991916866653,1519.3928609349543,2858.299260865343,3796.595670887588
ls-6131,female,2,173.6049466143586,405.12408224127387,1891.380067407346,2694.654531536644,3791.497646707846
ls-6135,female,1,180.3157939774781,522.3396848663849,1684.914578259729,2779.046928488085,3789.8233565849896
ls-6138,female,4,170.76334590583426,331.82869904475854,1664.731467792881,2785.40712892199,4008.9049068325803
ls-6139,female,4,158.56204120878112,391.91274888495684,1743.095594466084,2848.5231324114175,4081.900570333386
ls-6157,male,4,154.48562885977273,415.31268658694796,1602.601907319718,2989.9650666287234,4171.5134554493925
ls-6160,female,4,174.53820090251287,594.0790957685895,1584.4268695513756,2659.239942004364,3683.7294673352126
ls-6188,female,4,161.2819097007178,495.5849930510939,1758.9630868598963,2855.8019985269884,4021.805202484108
ls-6189,female,4,165.0653123676397,494.89508064772184,2027.5835014771496,3130.801096435811,4150.839322068025
ls-6199,male,4,148.82931847774157,371.6010182472669,1413.5378593996093,2632.958781225214,4302.44824897244
ls-62,male,4,169.054388745616,730.0807260900978,2101.0143566535744,2717.904810164188,3726.7275514462444
ls-6215,female,2,172.83253267988,487.99095483322515,1677.4375304022449,2699.7547775598223,4084.791565830479
ls-622,male,1,158.60309325561255,465.26286286925745,1620.6702856042493,2921.4411464416808,3783.9444188392818
ls-6232,male,4,159.55148520640182,421.08239888753724,1520.5157692004495,2561.5510628049833,3433.1111425516638
ls-6236,male,2,149.27672994860615,445.77646682651994,1650.1659436413454,2827.1133642636673,3805.3560707678007
ls-6242,female,4,162.80714789024077,436.403290590913,1660.4505041113675,2746.503487065107,4026.405484534759
ls-6249,male,1,145.27398589883944,457.5503341162011,1295.106077433503,2458.7857809603215,3257.5881057607708
ls-6251,female,4,165.20556846794688,479.58382759769296,1389.842434186641,2618.47010877433,4069.06675968536
ls-6258,male,4,152.9770856846593,463.0866280782932,1579.1294071796792,2677.7951406127404,3654.332204125293
ls-6272,female,4,164.58738358050283,466.35242727298237,1646.8763444151048,2957.3368739336106,3995.451578016852
ls-6281,female,4,169.07883569312185,476.67966329895,1817.090625686039,2984.107490044945,4034.355731398748
ls-6286,female,4,182.56503997786405,392.1033642822557,1789.1868044453474,2842.546868134132,3789.3892549258394
ls-6288,female,4,169.4056461740622,395.46749485626435,1723.8304588803553,3009.2778368442087,4266.371993186337
ls-6300,female,4,152.77456026551278,491.72080961282916,1824.6340597347435,2924.0150712126433,4162.6213512516915
ls-6308,female,4,175.76007121487038,576.0532478918626,1790.8022371210386,2833.494041075273,3951.792859064195
ls-6333,male,4,152.03438896597265,528.4678308124924,1585.5718319443095,2527.145169860427,3571.430752059984
ls-6339,female,4,173.7015598221866,518.0461655970938,1927.509102173128,3001.152962512663,3825.121819195948
ls-6341,female,4,172.66109803364515,525.6493459497135,1720.3400053970317,2761.0000834292437,3612.107998411806
ls-6352,female,1,178.7138558134334,471.8618889912108,1723.6822151252973,2830.645876465543,4080.745413572457
ls-6358,female,4,162.76578159936918,454.42667048945816,1769.743927023118,3013.5155321961242,3948.160213010128
ls-6359,female,4,156.99490187658978,494.92733280769744,1769.8284162511472,2963.564358358599,4355.021074149394
ls-6368,male,4,158.88219875559017,504.694214565586,1590.6272095350116,2762.815915154211,3703.188043786756
ls-6371,female,1,183.27753880271135,561.7778041500363,1816.0723308590862,2876.7008955974748,3776.9515027245284
ls-6373,female,1,180.76638780993318,421.39858573442547,1712.3060021395045,2741.3040213421637,3957.1875570154007
ls-6377,male,4,150.1147896219016,450.9039750907664,1801.0714566672905,2739.745942304044,3825.352863051227
ls-6378,female,4,165.54022347635572,482.34561671739345,1640.4752851112826,2944.9242787422772,4308.493142167842
ls-6388,female,4,181.87023125009804,574.3866964418569,1681.29323998675,2712.186266380436,3690.0111359757766
ls-6395,male,3,147.3032414569572,385.1871469920619,1622.8976535258862,2494.313472048125,3910.2254192200016
ls-6411,female,4,174.94363907240017,482.3041594199527,1661.558999911299,3030.1362295191434,4324.559137689133
ls-6415,female,4,154.5061983912485,447.4230578725252,1593.7682526998447,2719.7637518805263,3614.285613970913
ls-6418,male,1,148.80568105319944,665.5189211920399,1743.718521731115,2500.0264021752128,3701.5530937059057
ls-6426,female,4,170.19311177708866,366.80080027990914,1776.351727021346,3075.0366746891705,4127.759926131381
ls-644,male,4,153.3709267557184,365.5935786697071,1586.543026140076,2596.12094249677,3534.4593898235453
ls-6446,male,4,144.74077861768026,394.81637519496996,1576.626271353878,2542.3934220287038,3515.4325372094654
ls-6459,male,4,143.39581897880973,583.6989807768542,1564.556046509059,2931.5638425046345,3693.343831637707
ls-6482,male,4,166.32846509862492,557.0228182288599,1615.3531625589524,2658.3518270445043,3495.921203850534
ls-6499,male,4,147.49252437031305,459.2946371273822,1562.101786060689,2460.4982876166323,3744.600521441985
ls-6509,female,3,174.5608478584951,488.30332959121364,1680.0572530112454,2747.1985757641523,3807.8109059218573
ls-6510,male,4,137.55888685142298,405.8850834072059,1502.0633490266716,2611.553391055561,3632.208224467753
ls-6513,female,4,170.44643798065715,430.59321930989,1964.0493985466992,3042.3805976052836,4205.301154108443
ls-6519,female,4,171.27293192037422,492.9973530106572,1752.5469305194713,2872.199679025066,4021.914478007843
ls-6531,female,4,165.84156503321336,456.7069893546159,1659.3550169978846,2656.491180283508,3799.670413167195
ls-6534,female,3,179.96717530466123,548.3389132938137,1748.8196399443386,2951.642389417148,4096.702249221654
ls-6535,male,4,176.25015524018195,474.66443636328114,1701.8928398122139,2579.8355082218295,3534.8795614438613
ls-6538,male,1,144.26468777415988,421.94039006408366,1387.6995685902066,2684.9735196766233,3798.5060444071673
ls-6548,female,1,172.71497335586565,454.91023200665245,1507.983595703417,2788.243088715214,3764.718737192495
ls-6549,female,4,177.1072624769131,411.74911040022477,1881.6929666900082,2887.0644071528127,4182.4198639124825
ls-6550,male,1,142.7524729202867,404.50284477138877,1449.5655807017974,2862.6165653226535,3650.658794821952
ls-6555,male,4,142.3831001160495,415.6496832042501,1827.3582538519142,2723.5789456588814,3773.87069491769
ls-6563,male,2,149.133137284516,422.7719761945083,1724.96941651198,2482.6375646712063,3970.0409094111765
ls-6574,male,1,267.2612010317225,327.5637468619297,1420.2146334265044,2363.0909113917187,3869.510146812233
ls-6575,male,4,151.4030230343892,557.9521769491548,1613.182314631514,2695.111156376084,3739.2191973317254
ls-6590,female,4,164.2823114381419,507.94882243727875,1877.1550973687074,2970.0939224555977,3923.492519799425
ls-6620,female,4,178.48118477985764,413.9116709386183,1766.7201282458695,2802.0379856611858,3877.3471345519347
ls-6636,male,4,239.8993434604842,527.4523169001428,1563.464563768318,2634.644786671999,3344.492515289923
ls-664,female,2,151.21153095088425,583.6804943419224,1830.7231823981915,2881.184037663882,3858.3722192267805
ls-6641,female,1,174.56080047438059,427.28806494112087,1720.896235606262,2781.8709393484346,3669.6558623318247
ls-6652,male,4,164.40914263809623,412.8685727814112,1559.460232323415,2582.2067853356853,3673.067181235216
ls-666,female,4,154.091028384425,543.3666413435951,1702.1811080955044,2943.7693472325436,3983.5734913551014
ls-6668,male,1,144.7843193210351,378.0879546893074,1331.3856397809081,2790.8984541882696,4043.4721970589835
ls-667,female,4,171.6845341347356,416.3523353436688,1649.0205251124735,2915.0562511670623,4028.732336944394
ls-6670,male,4,149.8944615330381,375.038462355129,1596.567955877451,2621.659277827963,3613.6010265754185
ls-6676,female,3,183.43349794769466,492.80993881126085,1904.416433419923,3162.92806138973,4046.1314441836967
ls-6686,male,4,180.23457102420295,417.51144847849764,1828.1082735885789,3031.958801736687,4334.461162253427
ls-6687,male,4,178.35055525118048,390.81820227515504,1708.4496365657515,2539.430119880347,3927.1434691362415
ls-669,female,4,169.49187271143217,421.0994650739798,1646.5687510187322,2717.1280814621264,3778.5919869981635
ls-6694,male,4,183.9982304245935,385.1013921355605,1487.6116031999993,2584.3576922016,3854.8271280180734
ls-6705,female,4,166.9520614678285,460.3068241728245,1544.1765749228125,2777.032089545467,3882.7357795410153
ls-6707,male,1,131.6875339392674,381.6372100341333,1581.77256949282,2478.08766748695,3584.1771555008086
ls-6724,female,1,175.92127224901017,533.627006572812,1760.9391421059597,2703.6344492565645,3835.5407409688237
ls-6726,female,1,173.91980062440945,595.6160271961778,1356.2403048847514,2520.400717424663,3796.9899547798746
ls-6733,female,4,169.74000395279816,466.92206323903673,1664.5796138638711,2666.9120355897285,3633.0721158424926
ls-6735,female,4,162.24635880482128,546.956811634602,1741.3390072097272,2807.793960779828,3983.1030184001893
ls-6741,female,4,163.84009407690775,523.8361538696671,1906.3441715025774,2881.589574158578,4273.930021020864
ls-6743,male,4,170.76516747153642,492.84312051422694,1625.3391297067674,2690.7056733777526,3794.5038356564087
ls-6746,male,1,156.7561547692519,487.6978759877897,1566.2581740705175,2605.430205870002,3767.1442413831833
ls-6747,male,4,143.24412286286892,437.4151164811676,1727.0865194488465,2841.2706782102614,3630.3975337007673
ls-6749,female,3,170.75317685528313,482.8556545883394,1744.6903942673794,2962.8270029714104,4234.204955351208
ls-6752,male,1,148.75162698396036,304.2493323916525,1495.0941405290605,2648.1906825035353,3726.8097308706238
ls-6753,male,4,186.01810485727793,399.48410013516354,1587.3349723442311,3308.855137907166,4278.054779008568
ls-6754,male,4,170.56513668696516,455.2377380686279,1497.6360711540494,2651.994512731079,3896.402412288173
ls-6758,female,4,176.0412787946043,445.78019425473383,1271.9437413923993,2704.3653112292695,3872.7387932144406
ls-6773,male,4,165.5616677810533,470.58967561872726,1606.83646146737,2697.0781929243203,3845.6802390332514
ls-6777,male,4,153.0485109150476,596.3687402768638,1701.5603221683746,2609.45380427383,3427.3355460980806
ls-6782,female,4,173.1279993249899,510.4355528966652,1784.5618812714347,2890.9977214347937,4006.649110731296
ls-6788,female,4,175.7742807125435,510.7414441380375,1793.489904115653,2825.792178490853,4123.705274526103
ls-6798,male,1,146.10051432573252,606.3180884618831,1921.870448826911,2676.2025534370027,3611.2330784240994
ls-6807,female,4,166.52237572897343,572.6152669056801,1757.5528934840531,2925.8489089535533,4014.2509009706982
ls-681,female,4,162.92500100510753,504.08170618846356,1998.0013592426617,2963.9519302609624,4377.531222851594
ls-6821,female,4,164.7765512174649,427.5681358971779,1903.9773646237725,3086.3190856920355,4016.816099440544
ls-6828,female,3,173.77382771585098,532.434266350931,1684.3990358668939,2941.4963037917987,4196.049248592817
ls-6849,male,4,196.85132207041278,353.29400774151713,1674.5212193685259,2679.760574806245,3617.0976351170093
ls-6865,female,4,176.30617173074015,581.1636073259865,1868.485166412853,3086.7511643013822,4226.251535190549
ls-6892,male,2,144.53798598262242,565.0285890094872,1586.4878015454628,2816.626789693953,3683.9554975419233
ls-6902,female,4,134.11690345679546,433.3679315620245,1757.6973195353626,2821.9718235421387,3991.8143901414983
ls-6904,female,4,161.84235867540815,501.09341660799885,1685.920726805388,2848.580826591983,3712.9399571879703
ls-6906,female,4,179.723021699202,519.3174240085295,1630.3907285819655,2896.438248182865,4094.874735871476
ls-6912,male,4,148.75448420473234,435.6485814075495,1467.8014141653894,2619.541099513631,3678.038193033333
ls-6913,female,2,172.52130164891287,534.5354436954536,1834.6648333424673,3205.4438685189316,4084.1383287225162
ls-6918,female,4,171.99514031894972,420.7226955090508,1634.578189679902,2700.8209601884264,3688.556803743355
ls-6937,female,4,125.8460082445115,407.61716323962264,2010.084240178313,2889.250113462441,3906.2310294025037
ls-6943,female,4,167.95583068912023,518.5715187851279,1856.544178877018,3052.3968252545164,4251.973758308497
ls-6951,female,4,177.8036446630387,409.1694624139124,1764.2643796860948,2672.1695992993737,4399.318845493557
ls-6956,male,4,154.92705297254406,379.01386852937736,1754.724128880626,2819.1570298968727,3671.942516566255
ls-696,female,4,164.45747671430593,434.06316754290117,1660.989089568471,2807.2064736072093,3848.649686151411
ls-6978,female,1,180.4149906467287,422.2954058514554,1886.285537112354,2863.2515539885458,3959.200516413448
ls-698,female,4,176.93163464542366,676.2405839578025,1923.3005767049726,3019.7678818109434,3951.11353876171
ls-6981,male,2,152.8788665448277,413.62217429086115,1534.4226079265272,2682.8430848883136,3701.759073733936
ls-699,female,4,169.70657448233925,397.1172404765165,1626.7574640986609,2677.3339826020306,3952.3405486405222
ls-70,male,4,149.86377888655971,411.0514244770668,1757.5444587360362,2607.184677362574,3706.8247026013696
ls-7001,female,4,153.45438366403414,467.97031165339547,1645.4779556838312,2965.9410485714225,3982.8288799572365
ls-7008,male,1,172.21111623162355,462.93744941377565,1591.6924206068054,2510.58893237767,3666.7722320652447
ls-7009,male,2,160.66714430439805,414.54588938558055,1549.6651629939774,2567.016337220602,4064.4493930950107
ls-7026,female,4,159.6786994984334,396.1200984305641,1654.2795216404402,2548.944030436098,3871.5868246161217
ls-705,female,4,175.52768509229634,504.02682859846107,1791.198298782282,2800.199474897157,4202.308144651284
ls-7055,male,4,163.9503404546099,622.5721481405665,1742.123494404714,2745.8219362038876,3938.233147718288
ls-7059,female,4,169.39082766176938,511.69837636916134,1890.292611024955,3025.5192007784294,4022.1119125369737
ls-7062,female,4,176.5750956379166,497.0875031021743,1817.1073119598022,2937.4283601337884,4228.568041611505
ls-7067,male,3,156.20319607058153,432.8073029548735,1452.844865688588,2841.746517627399,3586.5161325516497
ls-7069,male,4,161.16614687529912,356.7241969838394,1802.6958139032286,2642.7764093664327,3831.5816047648523
ls-7078,female,4,162.11934808958176,593.3874710416577,1926.0977235547082,2961.293208118412,4192.5726888179215
ls-7079,female,4,146.714007771802,467.64221691403526,1678.3019022448652,2684.680680557124,3386.7915698048855
ls-708,male,1,143.09364554801436,574.5274866370479,1288.8970044589278,2963.9219441317214,4261.599652927593
ls-7085,male,4,182.15317264921566,430.44469839987573,1783.7868158540778,2847.169789328956,3688.661858452616
ls-7092,female,4,171.4643508886332,442.2494967981013,1808.4946071911213,2859.214808113862,3972.4703392063857
ls-7096,male,4,171.2765647332552,424.3077234316323,1660.088693258246,2614.5132446755792,3740.0645527449997
ls-7097,female,1,174.39451344876238,437.04724846813514,1790.6176150383008,2873.910768359344,4151.124719533818
ls-7117,female,4,110.55484384961653,444.7167655349676,1538.761869785369,2639.6457440675854,3640.236085104437
ls-712,male,4,159.40550941581995,524.6998363776113,1512.2868941954166,2541.6322626866404,3867.8145676353793
ls-7120,female,4,161.38560855905027,505.9783361421339,1763.5504316062236,2813.198330679765,4178.446762401785
ls-7121,male,4,148.25376400640198,485.92463152767994,1406.371157827663,2494.049533329987,3749.171868687804
ls-7126,male,1,138.0583532312773,535.9401263632459,1569.4279550837243,2610.938274845135,3665.095161074172
ls-7135,female,3,142.71999116152367,471.5050354707415,1839.4450132923548,2862.6093490286294,4076.6216432253723
ls-7140,female,4,174.89906401459072,457.11481450220504,1860.5653968490112,2639.2665540804082,3833.727629614443
ls-7143,female,4,149.28979967847403,484.52423140317313,1721.1613891341776,3164.5569093999034,4003.9784455222325
ls-7147,male,1,151.26580662684592,384.8306894013216,1567.9621543256876,2491.3276999349573,3550.809141153432
ls-7148,female,4,154.44634516958627,599.2906579664099,1849.2654530084546,2865.241020348257,3798.1858045374324
ls-7169,male,3,165.1615684723351,431.0943733634899,1594.8747976119619,2716.062078388956,3721.969770414404
ls-7170,male,4,158.49469576685078,435.36493175948954,1631.285647365516,2911.4702937597276,3485.9343642221866
ls-7177,female,4,180.53411042132677,600.3134558311525,1823.4774501113757,2967.248445439566,3920.2665196360385
ls-7188,male,4,166.90399131584846,396.5711957433539,1713.3379107914502,2700.9254210568697,3868.529916590409
ls-7198,female,4,146.90283184349988,699.6492554818918,1839.4409168874192,3094.464189699401,3852.136073285351
ls-7199,female,4,127.91186771706805,413.91489589743014,1760.264974228609,2800.72701313463,3691.138771181129
ls-720,male,1,159.8397151965209,384.6152340603692,1539.608578950588,2680.0028053570913,3366.052964021857
ls-7220,female,3,165.74144221476374,765.1876619030851,1789.3645365882135,2795.9117563764034,4163.65610540351
ls-7223,female,4,176.06649487471742,444.29763860530426,1955.9247681523518,3047.67875248999,4109.927588376925
ls-7226,male,2,151.18128363035058,373.7086565982061,1558.9342886417976,2681.5953776945166,3700.8279917718137
ls-7228,male,1,157.88976363730546,383.45719860058506,1436.488611477138,2473.077836629344,3805.711374073549
ls-7229,female,4,171.6272062745341,507.4463535869747,1613.5857993157215,2967.2875021951227,4051.8496665653024
ls-7238,male,2,162.13864675585518,401.5731491420803,1759.2570094628047,2665.15571711121,3814.579152428295
ls-724,male,4,151.88964867928894,377.19840676818546,1533.1208074043116,2600.186327880525,3683.794478217722
ls-7240,female,4,176.7968865574183,485.3182037523707,1685.3153940173765,2966.83164922498,3964.1727968956393
ls-7247,male,3,157.77860271967074,486.6591186303537,1574.5542337366112,2432.106879328623,3693.4672993540726
ls-7250,female,3,170.30574598656673,447.3041721205399,1627.9013059974332,2955.2607372215425,4199.2486806204715
ls-726,male,1,148.3236768641794,498.73268871841753,1553.666697973233,2517.340045237393,3764.4977024714517
ls-7264,male,4,148.79153458103752,403.2496469530612,1575.4483537263204,2725.755039852669,3481.107922391977
ls-7265,female,4,160.17465683788797,465.6782557685257,1681.9473862549523,2936.488961827573,4026.127280530697
ls-727,male,1,154.49785190612556,444.943531395691,1667.4167590254804,2676.870226781235,3828.292743994368
ls-7277,female,1,177.12953802088975,416.0149943384873,1818.8572548689322,2810.260146646381,3827.1915682705603
ls-7286,female,2,179.42246871169039,497.4471430915339,1476.759480024804,2768.923486509022,3817.4270580119064
ls-7299,female,1,172.69915849923433,456.3021382172869,1389.0546587899848,2724.040319998254,3717.5166641573364
ls-730,female,4,165.37465934106194,365.3598602306117,1743.3746641210205,3013.2869236573147,4183.200116699754
ls-7302,female,1,174.08895855048104,655.6943087747527,1266.7813800911847,2980.9098235265747,3984.666602390074
ls-7307,male,4,161.96730462096832,448.62458108378803,1491.3850861062351,2643.0945033616317,3547.616479422508
ls-731,female,4,164.27556639296859,393.2280011366804,1766.548676750719,2905.3899013148935,4074.582144985262
ls-7312,male,4,154.13501279433146,413.10102904674176,1609.5043581661325,2644.9857361785075,3755.46575721742
ls-7316,female,4,173.4814552905923,537.4333973996058,1809.6528058548638,2751.024159281743,3857.0271836605666
ls-7318,female,4,168.9015805184381,490.93708923093743,1870.63096635716,2830.0491719413285,3907.5961992489083
ls-7320,female,4,171.53212732267073,351.0540340889313,1823.995338043549,2826.0454891246272,4327.848393369275
ls-7326,male,2,163.4102604235042,481.6547761938964,1734.4403134762815,2587.5652690787483,3708.9225525079128
ls-7327,male,4,173.23310506614663,450.9822610191701,1607.6437836913742,2456.2740622780902,3700.289500360651
ls-7335,female,3,177.48998876173235,472.60833007999287,1743.6262097900112,3079.6226622558142,4078.276696278199
ls-7337,female,4,176.81321847047053,525.7715571362969,1818.3770066043783,2816.1591253483048,3796.0436406156286
ls-7342,female,4,169.83432656683345,411.8944603084781,1607.9206921415098,2879.9910070705278,3870.387420470026
ls-7346,male,3,147.86952140808935,430.5213408936281,1670.939474388969,2601.498415191816,3709.2929509461937
ls-7348,female,4,169.11462224663669,448.5600495902541,1694.4426027158047,2654.540888688768,4032.4000535457853
ls-7354,male,4,142.1548516998801,366.68903336417145,1614.3328454322723,2876.1969378565263,3776.137105654842
ls-7360,female,4,172.20317687909625,497.9561350969917,1808.041874315792,2671.7537558295985,3843.800493419213
ls-737,male,3,146.93013744406574,498.66901992999294,1383.2014583314024,2493.2017039649636,3652.2151054225897
ls-7384,female,4,178.57409465790596,433.28367071241166,1648.2701800223858,2863.68919431808,4042.0524425964168
ls-7391,male,4,149.9510214615313,467.3869342016758,1545.2297188897533,2610.356005697998,3566.7778984870156
ls-7395,female,2,180.48913972371253,531.1186042897128,1648.6558120974246,2753.1500091195485,3958.9547119518134
ls-7398,female,4,179.54930995888122,475.49232065665603,1964.0702167681156,3003.3911426830346,4294.032905024107
ls-7402,male,4,176.99815216953505,445.9282763570125,1553.7623271238149,2729.1670213905445,3692.463820723653
ls-7416,female,4,168.99783354353974,457.2488159813387,1692.8979174441765,2790.225021780618,4148.908139013955
ls-7424,male,4,143.06933409941445,442.42109533188307,1530.3029718495031,2567.160074377763,3590.4483500630804
ls-7467,female,4,178.85858046144932,537.7224369124731,1879.8898446403382,2924.247824292191,3937.70657250174
ls-7481,female,4,129.93410657345783,526.200311937906,1858.551479548822,2865.8206422924513,3729.291374133441
ls-7484,male,4,134.83201447896914,411.51361406469005,1680.466204007897,2723.5445648305795,3947.9011986013775
ls-7495,female,1,179.88438572901552,514.7553724698142,1806.717854793606,2798.256059620018,4001.1904684922683
ls-7502,male,4,158.86147283260556,621.4154986528586,1721.8234764564409,2677.1908794205656,3832.3961683356492
ls-7505,male,4,144.99302192036242,392.37543706120806,1422.8761624480169,2666.011935956505,3650.327972864844
ls-7507,female,4,175.90875372968543,520.0833499024486,1649.803068836529,2918.01327150614,4191.84435208827
ls-7512,male,2,158.4931224187219,473.4270885790087,1548.9246594434344,2802.1159132730854,3478.167298666912
ls-7514,female,4,153.87388585776858,470.52789513803475,1860.8101340855933,2919.8380756322213,4191.388176713228
ls-7517,female,4,152.9344949885983,484.47826150965403,1760.9701085664722,2891.4534640701822,4062.501834893371
ls-7518,male,1,148.20998942381382,438.1385200460453,1571.1328289178184,2642.418860201134,3577.0790865594545
ls-7552,female,4,171.72347534755963,485.10557324820263,1713.6234361257216,2873.3974069120577,4016.3843282754233
ls-7553,male,4,145.3020954329888,443.5747292914902,1651.6928800849396,2589.6264009173387,3752.707079517583
ls-7555,female,1,176.3030590588235,532.6459995488505,1746.6134231253768,2871.2415073233897,3784.8080107586943
ls-7556,male,4,152.88994133119166,440.2764667303431,1676.5045566340646,2656.734594606828,3832.798791491734
ls-7558,male,1,150.840747417022,532.5145745358028,1489.7814203463997,2641.0110440920607,3567.0955485682694
ls-7561,male,4,150.84944464355215,368.9792487464899,1699.3946141593435,2828.5817279943976,3757.084834757614
ls-7565,male,1,174.11573833787628,445.5297551598323,1499.009898768274,2436.9623533656763,3691.4818398861576
ls-7585,male,3,152.46430835979413,445.5777703824643,1633.1172323227822,2596.818442622714,3614.037902593655
ls-7597,female,4,160.23459559184462,488.2687024523084,1804.0277329309342,3084.789096560078,4125.805974679624
ls-7603,male,4,192.03590299946978,447.8556552476243,1560.9728607065947,2606.111275518975,3863.725360717108
ls-7608,male,3,147.45711028358394,429.18630668891774,1577.383269544879,2490.816802365437,3404.7545164444527
ls-7609,female,4,166.60657884748963,496.4476638992478,2047.37825571241,3073.2544367916507,4074.3060222246218
ls-7635,female,4,176.2621374230202,482.8515103268249,1807.595519915915,2838.581741144544,4363.059761024658
ls-764,male,4,169.5972246940752,550.7581791188486,1714.638023095491,2708.3772000337426,3642.2019655575405
ls-7640,male,1,150.51918795638093,565.9717148066736,1650.1438008533685,2523.306642465092,3549.2224730969074
ls-7647,male,4,153.88250203966066,505.4852065990127,1710.1692839751768,2697.477075919297,3675.0448932021927
ls-7649,female,2,178.887937656862,512.689112981025,1868.7515970196343,2657.9752100222177,3564.9764547820378
ls-7654,male,4,156.79815083385836,360.1663952574452,1560.8464267615736,2730.166260774021,3824.524463597345
ls-7672,male,4,152.96344865554966,344.83182365003637,1576.5905764146628,2664.979231197908,3766.2337525140933
ls-7683,female,1,181.92028905140057,792.5663070095391,1789.887362161981,2711.3810315449236,3580.9176993989468
ls-7699,female,4,167.8943604716772,513.338634596176,1963.1228909286297,3113.823870599106,4097.242865146431
ls-77,female,4,139.57491494882757,473.8505842315118,1591.5274050154921,2725.5353108006843,3990.586838600248
ls-7702,female,2,175.42507706674758,423.01741816487527,1798.0165791118611,2831.058828254709,3924.8005603539573
ls-7713,male,4,148.8874545698675,557.188244921304,1543.1975649981905,2555.9881647040274,3631.730692098651
ls-7717,female,4,166.9376614974094,415.1129083298197,1646.8177600360418,2723.3986752615433,4002.9562748398657
ls-7720,male,1,164.41004039063637,453.53397409895473,1487.9865016204308,2515.664890207353,3503.343172453933
ls-7732,male,4,162.89366730944425,389.7847329768878,1498.504851596144,2699.6207938179514,3809.538167266831
ls-7733,female,4,177.64883576265547,498.7746007872833,1780.0924767427662,3065.870119174554,4071.9230201403743
ls-774,female,4,167.89063345212747,505.7494734275608,1679.7939220684439,2782.2645604144136,3828.6366445830126
ls-7754,female,1,180.4174259856,398.54540507731963,1746.7482884332148,2917.3561319298637,3823.2767163893413
ls-7762,female,3,171.76643605672604,508.63341665454647,1870.7137610326863,2969.648191799494,3715.6969243317317
ls-7769,male,2,146.97705343803625,473.6853455890197,1489.1846114471577,2314.062807311725,3637.4005216661362
ls-778,male,4,157.75716182588747,429.6426141199944,1728.9064652144234,2728.797279091227,3771.786879182596
ls-7783,female,4,160.69676163143407,527.6356676067744,1695.2435420309307,2819.3793816897182,3787.7813169034775
ls-779,male,1,142.3259079603641,412.4598875184132,1597.5624742052394,2396.5538724276566,3670.268243034496
ls-7795,male,4,148.1563253215847,474.6804983936438,1725.548090422422,2636.453802572337,3905.1417541982755
ls-7796,male,4,168.3597938654714,353.34167174728645,1670.5185224583681,2452.5048856866806,3438.2120270076975
ls-7800,female,1,178.95728754952853,457.6519801870029,1819.6579601410263,2768.0129911054664,4202.940482871836
ls-7809,male,2,139.58471654103712,423.56158811924445,1841.6890499292654,2731.8822311382837,3959.8676737828746
ls-781,male,3,146.3711244834898,410.2671821325663,1624.1333608860587,2664.4460355333254,3892.472825085258
ls-783,female,4,162.27919755508566,444.05401209538866,1737.673761958631,2558.7107633805654,3802.227810113699
ls-7835,male,1,119.15283266378428,665.0253490319338,2019.4890515880795,2940.6700146627254,3791.0121804817054
ls-7837,male,1,145.5360609079231,406.33698641390396,1580.962536925796,2577.560631840105,3493.778307593318
ls-7848,male,4,151.18577331369676,480.8822354796329,1632.5656794465872,2732.724552179157,3811.762323487363
ls-7867,male,1,164.5878284038811,442.06575052417173,1539.236704537765,2606.398867905211,3711.1104114737564
ls-7871,male,4,142.79994433004768,435.1268509808349,1603.7926057754898,2716.706212768603,3655.408436730533
ls-7881,male,1,143.0965121977709,468.8918526486618,1840.634879601384,2937.715705726356,3933.9638800669595
ls-7883,female,4,167.60809498646574,398.6157220564956,1729.3441123804091,2626.8867952961136,4025.087633212494
ls-789,female,4,170.9642447204448,492.35120633262005,1730.8363899442343,2731.5022460661166,4067.6895637989464
ls-7898,female,2,177.20693358836732,450.3363496739553,1731.7864506272997,2738.498250525081,3906.677073724204
ls-792,female,4,173.21610364910248,435.13424620446676,1791.2568873354512,2922.6835362779,4011.624570453869
ls-7923,male,4,149.29491988625057,427.0409115214519,1550.2250062740695,2641.4372931086555,3372.282599427327
ls-7925,female,2,179.78454728525287,553.8616521409037,1721.7713476881052,2944.210900849731,3759.2290752458975
ls-7933,female,4,176.59157632480623,438.1307519402657,1604.0198889340663,2884.033180413333,3988.739439575623
ls-7942,male,4,153.16523860319955,344.88870862121064,1637.9626773282812,2802.6437811781516,3895.828442877285
ls-7945,female,4,177.28169076270524,448.6822421159628,1665.427616583508,2607.409613923675,3784.8756271391094
ls-7957,male,4,162.33489068516968,528.7609300872016,1760.846447184812,2440.769383085185,3573.7325116694155
ls-7967,female,4,174.22596803699273,481.2452565810862,1704.2929436045783,2851.4567696206905,3976.0591550779677
ls-7994,female,4,171.60053397875765,471.0742094003889,1646.110442891001,2822.361018914774,4075.6492872981357
ls-7997,male,4,144.3141514805319,487.9324307683987,1690.8227559712973,2646.2737559988764,4014.4291680252445
ls-8023,male,4,199.868739767091,383.8761438386507,1806.285657788838,2748.4681613554694,3771.5212407660547
ls-8040,female,4,162.65428098845382,439.05989013563385,1912.5787847281354,3072.275504656232,4087.429906331783
ls-8042,male,4,143.18393607055503,440.73341305152775,1499.908217398992,2667.7368775682908,3564.8767944796705
ls-8044,female,4,173.69742753883773,527.3168479360269,1599.5820831155315,2495.209240339652,3475.952159482449
ls-8050,male,4,169.63477171378025,454.9886627849193,1586.7240491325429,2545.378923311506,3707.7457778350044
ls-8057,female,2,175.66878390036695,544.8635544814139,1572.0537523350476,3020.237989474613,3919.8623780844937
ls-8066,male,1,164.9542532235987,403.67812951692866,1605.9826828857454,2593.6734388522295,3406.7672709877684
ls-807,male,4,158.0425193044807,407.282432890166,1642.863147215031,2654.7220763066152,3687.573731390062
ls-8071,female,1,175.0960582988241,545.6465847475778,1604.260367072065,2660.896464230609,3697.276546729178
ls-8087,male,4,163.55030476049754,461.58518283547977,1674.7178533130984,2531.487890766505,3673.0295247391427
ls-8097,female,4,170.15727037389348,432.1880161275891,1535.2275771130853,2609.4945447519904,3873.6388373589734
ls-8108,male,2,149.39475261627427,419.31918856108075,1619.3872918516468,2754.22812566271,3606.8382880279046
ls-811,female,2,179.2170934510551,544.4775714837392,1660.3878511180799,2427.9416006352994,3422.134079208908
ls-8118,female,4,173.23446971064857,572.9506318562005,1899.5396088817672,2773.7462944251984,3819.157617089565
ls-8123,female,4,178.5594025930567,428.92341169520796,1653.4336159626496,2804.5782340599217,3816.2563067983933
ls-8142,male,1,157.04184883474844,380.95561073492394,1608.6943037969177,2597.610735527649,3669.827660859366
ls-8156,female,4,176.47896676344482,470.90527863716517,1782.0537733992614,2753.5421202822745,3890.5508241047314
ls-8163,female,4,169.10089561931034,473.7381612417368,1848.9134689419627,2779.3688644820563,3686.7249062324713
ls-8164,male,1,141.10553219877414,418.21795675972106,1586.0635986522395,2718.995337377957,3708.6760163451736
ls-8169,male,4,150.01763900799028,370.030063577636,1536.9634830812543,2508.6608233342495,3851.0308727971296
ls-8172,male,4,149.7035461911908,442.63853664439523,1625.0543551636233,2792.871052661939,3780.564110657616
ls-8176,male,1,146.08090283227637,478.64065139768877,1726.4136343729087,2652.216237302594,3576.3699137956464
ls-8183,female,4,172.30595079556082,473.56070328895737,1839.8491314426828,2671.480596754645,4038.0296260392893
ls-8190,female,4,169.86542755396357,431.921859133426,1645.4510021499668,2821.129124854502,3943.378676631941
ls-8193,female,2,180.0095514802003,490.5637926878719,1869.3189608822127,2802.8669884808023,3768.125255745142
ls-8194,female,2,178.2891732184131,504.7076097886931,1738.2591362407354,2938.473761719073,3967.984745800184
ls-8199,female,4,172.63529533281422,494.1725548252143,1836.3106780479357,2633.2037930043657,4042.658926389565
ls-8200,male,2,165.38326377037058,495.5888822468496,1622.1956369926554,2681.3755772146164,3589.466773362373
ls-8215,male,1,184.25455152558305,494.8560391759227,1632.3875468187111,2781.8611848341275,3932.6926306084756
ls-8226,male,4,197.52099324394987,415.10752181696,1607.1887597750351,2763.6430570606217,3667.619515348947
ls-8240,female,2,170.0009622144172,484.70988290116117,2162.0931149676667,3231.92324693918,4385.603991468615
ls-8242,female,4,174.6301376933774,395.247821033636,1798.8698641309948,2827.513720277125,3837.0011116295937
ls-8245,male,4,143.929143445779,451.2149863977975,1532.6925397301534,2576.118154503046,3547.186854908533
ls-8250,male,2,148.89445105660923,453.7846043545468,1781.9340610613508,2687.4536924750046,3639.9070623717325
ls-8259,female,4,157.2341285530067,425.8237713129072,1814.6878215734737,2961.3351293227965,3844.1217826491365
ls-8262,male,4,151.07950928528533,497.08822336269355,1722.4211490455677,2624.7283808615894,3599.0172273054523
ls-8266,male,2,142.2490215686443,875.4617209158573,1983.6933063836952,2960.9382769451477,3631.4130540235647
ls-8295,female,1,155.74639681640255,598.6056582226377,2190.67194692324,3341.0597819892046,3995.2749835521927
ls-8300,female,4,174.0884905568654,435.709208122145,1661.5414987539323,2682.323527176364,3799.8564701147097
ls-8307,male,4,172.0958574927186,455.3190112268049,1584.328541665815,2511.155061559737,3506.9394930075696
ls-8316,male,4,144.5881213686986,473.77606988643726,1675.9987841390562,2602.3276003345127,4004.4456949841606
ls-8324,female,4,141.036902034835,438.65395042292823,1522.403088115141,2761.6866812188573,4167.869592739393
ls-8334,male,2,145.6680782600149,432.81946957506455,1705.634799545539,2597.8124188174734,4137.570787686169
ls-8337,female,4,165.22232612920538,472.9740214951399,1776.1693208215006,2934.894890588428,3971.790911036684
ls-8356,male,4,151.2369867166281,352.1703579672159,1673.390430924378,2821.510777482716,3856.9806724823175
ls-8388,female,4,158.3795963942569,442.0446435364953,1669.29138256759,2798.8165802643753,3742.2381129494047
ls-8389,male,3,154.76855273624923,566.5761256671105,1456.7412235710551,2432.4704571627717,3488.7014223825067
ls-839,male,4,167.1838880190624,573.4969700610927,1390.7687390678336,2667.466615062346,3584.2147259515637
ls-8396,male,4,143.05399834460843,408.2962205409209,1586.1892989110252,2639.419862520567,3634.963722047367
ls-8401,male,3,150.13586929779376,397.8495826936562,1559.0923946288958,2706.389853549342,3657.0427493408315
ls-8404,female,4,167.72561067979905,637.5213347400623,1732.995435470379,2903.538870874731,3984.685092571655
ls-8410,female,4,176.06120705193308,555.9824155946217,1606.4595482016607,2396.4409478223088,2939.6965456411117
ls-8413,male,1,129.44743596053326,429.0726940005804,1535.2109465632905,2590.1657434557337,3627.106860670646
ls-8415,female,4,173.7673915297048,423.79610644884684,1840.5001542214513,3154.4038233008696,4188.070797372866
ls-8425,male,4,152.09159972671114,362.5506646411143,1560.499051027065,2547.0996744849676,3625.135510522695
ls-8432,female,1,168.00377429778072,492.02304021360146,1592.7492786291753,2476.587120650999,3806.0354503947947
ls-8441,female,1,176.04516151207076,474.1436631915061,1624.492678884776,2940.8764839086557,3999.1508806407514
ls-8459,male,4,158.7717694261272,346.56585322981107,1752.0181235912937,2776.822068225645,3676.468271107282
ls-8464,male,1,191.72206844614294,481.48620036250645,1370.549595507682,2754.0743071175825,3822.4473373677624
ls-8465,female,2,179.9978380010384,429.2938311844027,1806.812066153067,2777.684920865297,4015.10994576551
ls-8466,male,3,145.89248006719777,425.43383378607075,1418.4367957643358,2501.281704683813,3634.41528525249
ls-8468,female,2,176.79902742127044,456.5105458621701,1536.9553675291459,2856.4022628420303,4019.418869463381
ls-8470,female,4,162.81145208420907,466.40345308768167,1485.9309865532282,3134.271920585013,4112.73288240329
ls-8476,female,1,179.89266960720738,496.25891391485675,1863.3772734701408,2819.223705640312,3884.7909925293916
ls-8490,male,2,172.95180490203776,459.849922602359,1778.6589453524828,2729.88575878625,3586.9609187349593
ls-8500,male,4,148.0033755790891,371.0695758163689,1433.1885559253615,2818.444107407003,3930.729407928202
ls-8506,female,4,167.95640155480578,554.6987223222443,1768.7199064169702,2911.7400099543556,3818.9863686046892
ls-8531,male,1,142.35962976936716,491.6871562802555,1456.7917370477721,2641.118626352341,3762.4944815484505
ls-8534,male,4,142.80378777487923,404.46305768406944,1609.0304666097195,2459.9498760291644,3661.6172660512384
ls-8545,female,4,157.93731328306905,536.3222251634465,1787.2883993549121,2940.2589686816536,4111.597689970911
ls-8591,female,3,178.0630789622379,469.51924019176136,1733.501774830615,2911.0921133194115,4077.849417936081
ls-8605,female,4,178.0315689667662,419.70988213707665,1727.9873066406712,2872.820114751723,3814.074847306554
ls-8609,male,1,84.19470205388245,1071.798130184223,1817.3331825548785,2713.4675458433335,3686.579136999726
ls-8625,female,4,157.33402455959634,455.8061715315176,1677.9260572390112,2869.7781137842308,3994.275768015399
ls-8629,male,4,158.02251536584401,455.3885279074019,1704.8261593224988,2625.4182158675903,3693.2970435407524
ls-8630,male,4,134.78523442204414,589.9590491907601,1602.2457306097826,2667.2247591961946,3347.09111265507
ls-8632,male,1,144.35126961159716,377.6992497243545,1692.5754471504883,2687.0209842899303,3849.1705772493638
ls-8635,male,4,142.75550820074162,416.09819233678843,1640.858012848954,2778.698362413238,3744.9515435023623
ls-8643,male,4,146.26435523121933,403.8837609970718,1768.6677023656189,2508.499074840751,3806.1667704464044
ls-8644,female,4,155.68923072021093,412.85024472837415,1830.3754080458089,2745.401438345604,4016.879673671013
ls-8664,female,4,164.71601747092512,494.0471927759152,1723.0882636182332,2716.9838308703665,3939.7790403894596
ls-8671,male,3,195.09875886653307,404.4129060250673,1980.8883201550057,2967.1986737279276,3928.9470515968637
ls-8678,female,4,176.12277884367836,516.7537179559155,1577.8607187253506,2722.5847255054523,3807.9406605979834
ls-8687,male,4,159.92667685016886,425.6766424282969,1664.223924975803,2612.84650487825,3756.3519331269204
ls-8699,female,4,167.5289565978153,480.2558702626218,1821.0082878344706,2901.9319516223677,3931.811029465989
ls-8722,female,4,154.43662962308656,391.78221406015973,1648.449717199785,2854.229102824694,3960.8804052723954
ls-8753,male,4,200.86680111577084,393.5042821673012,1476.1875017375655,2581.4486334957783,3912.0907331986646
ls-8770,male,4,142.72946340228697,402.6021094711981,1517.7959929036188,2562.2896751871704,3711.0251950815673
ls-8778,female,4,126.8913706022523,410.10262282449673,1796.1955111519462,2920.3597348488793,4047.219883144772
ls-8786,male,4,146.01272442720395,471.82378804030526,1343.1981708786302,2452.1157404271125,3673.5330724338733
ls-8791,male,1,179.3928548301338,449.31348136311107,1720.6133094765094,2914.607108855361,3723.403329311927
ls-8799,male,1,159.53702942682872,399.62354042461436,1630.0591091545657,2691.643508997301,3792.3597466197357
ls-8824,male,2,143.53874251882058,441.1406296629163,1636.1366674726314,2681.5624197124434,3825.1301767735295
ls-8838,male,4,169.29311680964088,434.6685339052646,1466.2751078616357,2629.818674786504,3496.3963828164324
ls-884,male,3,151.28325615048072,427.62267330169243,1780.5613888147773,2549.8504531468,3655.518214069845
ls-8846,female,2,169.8549014066245,463.044833089305,1804.9480038753832,2928.9637151148354,3986.6874615482175
ls-8848,male,1,147.1005600154358,447.22177280483805,1455.7516638319369,2734.1103833615643,3672.4245084034033
ls-8855,male,2,166.1249507560825,735.7510105162471,2108.7816754958085,3089.015890891465,4239.092898798925
ls-8897,female,3,182.81286218093788,714.5609252801332,2039.4406601103651,3060.1496386904714,3935.7194278777274
ls-89,female,4,173.39214256621696,446.2072891937928,1774.3873219583375,2803.259000065232,3836.348854224272
ls-895,male,1,150.70566522682125,418.99795898383854,1698.3075874259903,2367.440099028604,3577.05512981138
ls-899,male,1,141.59278689169508,551.4756977617355,1628.6135089581512,2808.551796050554,3780.0834493369653
ls-90,male,4,150.95763337436068,419.852295878576,1791.7334615205486,2876.333851335381,3576.553770712542
ls-9022,female,4,164.9879185832993,490.8499105843931,1757.7239168291185,2787.781326295304,3943.7930332829437
ls-915,male,4,169.57446526508815,485.7993653201287,1575.854921325483,2533.71729263213,3743.4142928232327
ls-921,male,4,156.88902989527838,453.84933353129577,1741.6651931105062,2835.856960537618,3836.0357609172265
ls-925,female,4,174.08611685087993,365.327946692654,2009.8161921643764,3192.3793414435036,4139.907103540047
ls-927,male,4,143.60004826387762,426.2081752334266,1477.3640721059191,2909.8945010449597,3828.312312999233
ls-948,female,4,150.5521514742972,450.5889381913763,1754.14337779783,2871.8447838496168,4250.780399029991
ls-953,male,4,148.0264845061751,446.92560643928573,1570.3214675139577,2489.5396230685283,3796.9095926722093
ls-954,male,4,143.75994968098252,471.4797429710473,1703.9005779382442,2754.7241209521385,3873.6301422717693
ls-964,male,1,150.09462899654943,534.4351760705107,1484.4799880887736,2548.241341915851,3934.303827980194
ls-976,female,4,175.04905839029175,375.6409395085992,1773.061642910753,2961.0552285419576,3974.004436406871
ls-978,male,4,152.29767038103114,751.8743535320432,1887.540924112492,2834.950627417968,3584.344557083368
ls-979,female,1,180.18544772422177,470.83108100448675,1699.9984146233646,2867.5286495869077,3895.2296426131834
ls-98,female,1,159.91054851920387,445.78935955880473,1792.7697272881758,2633.9899479133082,3738.6092953619113
ls-982,male,4,173.33117708545893,502.89725155385196,1915.5487508552583,3058.0508017331076,3937.005674444444
ls-985,male,4,146.68221710179984,384.06613006347436,1573.9292702918503,2443.472830085492,3310.363102073515
