speaker,sib_m1,sib_m2,sib_m3,sib_m4,sib_hi,sib_peak,sib_frac
ls-101,6272.229573983712,1268.822907205002,-1.2398647181578886,2.157958097319187,0.8825022027137874,6760.0,0.020511034490764926
ls-1018,6040.478717260701,1256.6160606702479,-0.5068189181667602,-0.3381667532004,0.7955531235191888,6840.0,0.08732330141358868
ls-102,6497.744641201036,831.5191213650531,-2.204646058059084,9.495361452776933,0.9484722425035151,6440.0,0.04243286426284794
ls-1028,5002.625037385993,1360.616784944858,0.08126006846589888,-1.0254366562852437,0.47820218039190426,4840.0,0.016921837228041903
ls-1040,4812.364545693635,936.0343330445398,0.8876983447971928,1.7444330962164356,0.33603656995716724,4200.0,0.012762762762762763
ls-1050,6424.523391754043,869.5679608192935,-0.6451085085731283,1.8042069550369,0.9485934246341934,6480.0,0.08916666666666667
ls-1051,3393.1426829217116,698.5101165539634,1.8027161586901208,7.093740249320519,0.029748441586634318,3320.0,0.005141388174807198
ls-1069,5913.94488725227,1000.9157721439791,0.2724891293974822,0.33694324680716115,0.8814381739851215,5360.0,0.01464968152866242
ls-107,4445.631581369516,1170.5872604320473,0.024247226865493438,0.2960230862387857,0.38088977013099323,4580.0,0.01576016279590394
ls-1079,5351.354377112559,828.4495717271819,-0.059845732151195014,4.44994489639603,0.8379727728092378,5360.0,0.0635593220338983
ls-1084,4083.8634398972567,644.5050943489775,1.1412873732160278,4.768466662329868,0.10873880482752456,3960.0,0.015493867010974823
ls-1085,3813.727399984843,799.9425925562028,1.0899410148523105,4.0486110053362765,0.05765141804291947,3680.0,0.013189448441247002
ls-1097,5424.47186218382,1233.8958994736013,-0.34812441002291333,-0.4332050904109237,0.6525841385156547,6560.0,0.010766307789740342
ls-1098,6504.997334897814,884.6081787995089,-0.4778904131609439,0.9536152406246274,0.9623993972815943,6200.0,0.06734867860187553
ls-110,3805.2666926430484,946.1944621166674,0.582370413985013,1.3700474823883662,0.10078123978097175,3400.0,0.009375
ls-1107,4244.8419710745475,975.4061745623828,0.3851782057476244,2.1536974565379867,0.17199914577458375,3920.0,0.017045454545454544
ls-1116,4516.772312286925,917.9634641353603,0.8659348715620376,2.7059790592184267,0.23808794840045525,4340.0,0.05624630697658935
ls-1121,5119.169301071197,899.2560121839505,-0.39643561662322896,2.803368819640305,0.6114136035709816,5260.0,0.03532748346181182
ls-1124,5160.598051516738,1151.8555913040313,-0.6663392050448228,1.4215029550026776,0.6164518763391096,5280.0,0.07515233581584292
ls-1152,5865.30676082082,1124.1694643534506,-0.39566958125208923,0.5610142069884894,0.7695564444040686,5900.0,0.03118478404437987
ls-1154,5886.388460410016,911.7847625884914,-0.060533262040342296,1.441130424065671,0.8917459089115458,5460.0,0.10644118103085476
ls-1165,4379.605623141708,678.4315934143899,0.3014285927757957,3.737696899252927,0.16123896459894754,4160.0,0.01602787456445993
ls-1168,3659.9650613874364,1036.360472812425,0.7746739525640192,0.903806869866189,0.07007992757965328,3420.0,0.015529459633577087
ls-118,4760.137377305581,810.6577208992245,-0.006986443624206993,3.969499561236466,0.4980057628880462,4840.0,0.013848396501457727
ls-1182,4678.89751805502,855.6682402849539,0.7076100835987429,1.7752336094174528,0.3532995891952795,4280.0,0.08053426941372613
ls-1183,6927.185144014294,873.5117694017468,-1.1738682647709486,2.037183776610884,0.959850138867882,7240.0,0.1787878787878788
ls-1187,5661.6636121973515,1228.5266119421358,-0.21749196755546085,-0.058796674817361616,0.7481655885020673,5160.0,0.04192355117139334
ls-1212,6250.900903940804,775.1898735097236,-0.24304565122269936,0.2379834724774259,0.9667223343209668,5800.0,0.026227303295225286
ls-1235,3296.3781825848855,864.5749239747304,2.271547029054366,6.388945510071811,0.041486548298649326,2720.0,0.00440852314474651
ls-1241,5292.109241556265,801.0903625986537,0.03345440920261189,2.6625064014917266,0.6331814417204652,5190.0,0.11874784327989331
ls-125,4610.86133057811,881.797193887986,0.4908708484451468,2.1033307270349746,0.26320813817851085,4700.0,0.07511737089201878
ls-1259,5821.322405569987,933.2469038685892,0.11752299833525891,1.5010552700226116,0.939709310658255,5780.0,0.053305588949035226
ls-1263,5075.31411716552,992.0964603175355,0.5291473326778551,2.2492677762994147,0.4826644699853173,4760.0,0.03864814430852166
ls-1271,5272.742153958297,1136.3330096721666,0.4774587106325557,0.4999129259438153,0.4927120013919679,4680.0,0.02711864406779661
ls-1274,3867.2118451149613,816.6213814909045,0.6998565718916959,1.7280313198916168,0.11193706280731723,3600.0,0.07574304889741132
ls-128,4250.430593715669,777.5552039742843,-0.15264127353390294,3.4736299536164017,0.12809519340302877,4040.0,0.01839464882943144
ls-1280,5479.547034210597,967.2334847031013,0.3541806337309461,1.8589872340060838,0.817521041244536,5280.0,0.08012820512820513
ls-1283,5508.467357045266,969.604424526644,0.6660992393312627,0.9420123666189576,0.6165594098246417,4980.0,0.010853684425223005
ls-1289,6401.154614390329,982.391305512899,-0.6984131323933571,1.4412337276640332,0.9180513805553208,6820.0,0.01753043513032699
ls-1296,5644.927721378372,625.8556499490442,0.7688961346348272,3.093016561850531,0.9307242476370945,5480.0,0.05816733067729084
ls-1323,4913.055511768392,1030.5199692312538,0.37687125683683975,2.058601835770612,0.47408609417567826,4800.0,0.0492612345886396
ls-1331,4748.683393339148,1012.5745982762908,0.5126070832150922,0.579337835693351,0.33353797198575663,4220.0,0.08754055569342194
ls-1334,5376.21317139916,1167.9464486408722,0.4538960095230048,-0.09003271847545968,0.5315813007105428,4620.0,0.05642167780252413
ls-1337,5420.508964039182,897.6820110683627,0.17322638018445347,1.2398742208364817,0.6818588051836185,5220.0,0.016919360584201622
ls-1342,5660.807618099806,799.2877487635177,0.2169447998703954,1.699863065244215,0.7886844924662809,5340.0,0.02289077828646174
ls-1343,5621.70255712821,940.2007154442867,-0.22439522470822926,2.669867475278628,0.7783479503666947,5400.0,0.08156959966042965
ls-1347,5045.978529751559,724.120948819103,0.8500767190054845,3.850306456509396,0.41294204005222485,4800.0,0.027155465037338764
ls-1353,4154.845774360165,969.9906243078472,0.1360247267541872,1.7201085706586734,0.10111971486479907,4420.0,0.027851458885941646
ls-1355,5482.983254477485,1321.6863359932338,-0.0583534963552958,-0.7106692547421058,0.5726588431792414,4890.0,0.018165199368529117
ls-1363,4523.618084935919,850.7098020289532,0.5201123921486933,3.867226408335428,0.3859165345684471,4360.0,0.007562532904242223
ls-1367,5121.894798941083,984.8616250893394,1.2488294307861099,1.6223624936819327,0.4117912635876446,4820.0,0.08657131932994001
ls-1370,5938.477447547568,1086.0479720620306,-0.12181915391165926,1.372407464074906,0.7842713611492249,5550.0,0.057264367094567024
ls-1387,4975.621608221907,1005.5260866004384,0.7288697337476241,1.0131721306071417,0.4340573553120286,4820.0,0.038197808319689115
ls-1390,6666.494273836812,940.7411093027409,-1.0331824080374352,3.9323628549526117,0.9687983395371852,7440.0,0.028018679119412943
ls-1403,5062.182833981073,1375.9602615060046,0.5187124074132818,-0.33741384924567797,0.3764943097671086,4280.0,0.017265193370165747
ls-1417,3940.463410099903,918.6902488684515,1.0260383991434778,2.8340146939380895,0.12326199986824937,3930.0,0.008280520703978077
ls-1446,5483.65606849523,1231.3856625928709,-0.052144717025237895,-0.43077238036343246,0.5901589612824336,5280.0,0.019262981574539362
ls-1447,5939.591277174486,775.6730831073678,-0.02717658773665088,1.9283562102334666,0.9265564785008665,5830.0,0.03698598658158764
ls-1460,5477.36211844808,855.6284360620883,-0.07018944862765611,4.003999683294616,0.7526085163999038,5400.0,0.04828551434569629
ls-1469,4489.41970118181,802.0466814542175,1.2937015796471667,3.296094361488489,0.1774521665297501,4000.0,0.04606060606060606
ls-147,5192.917439910745,952.4519369368586,0.3320117924232542,0.7320536751006501,0.481157076348178,4760.0,0.030405405405405407
ls-1472,4980.148025814663,1058.102895739859,0.11706133315416087,1.1468688464704628,0.528830830423183,4970.0,0.05312599526427296
ls-1473,4490.726368207521,811.7498415776374,0.7548844040183826,5.3868011616375195,0.13723029037876125,4480.0,0.021011162179908074
ls-149,4829.5431798346135,781.3557344589449,0.48032565458740906,3.8342222545744047,0.35725739252584,4680.0,0.03807615230460922
ls-1495,4907.1282367360645,859.4017932930687,-0.018143099033179427,3.258850437840577,0.433631481521263,4860.0,0.04952894721751169
ls-150,5992.03789019498,1003.913975667668,-0.866230978371049,1.8175844417553426,0.8712578878228651,6160.0,0.027777777777777776
ls-1502,4366.186120510717,1076.4672701027778,0.7078524755395836,0.5635861249883805,0.3040300317226025,4000.0,0.004516129032258065
ls-152,4434.250298106509,688.314375201405,0.43868833092444887,4.584996824389981,0.12066601540057602,4240.0,0.005844155844155844
ls-1547,3905.594011890589,604.127958668064,1.0754450254188461,8.050079167674333,0.027927195203885664,3760.0,0.03513513513513514
ls-1552,5027.726565132684,702.8831389957002,0.3468641087620455,4.150279854933826,0.48676285443219053,5000.0,0.01454775458570525
ls-1553,6041.9079418742385,948.0591297386942,0.013979639418860993,0.05917938740778972,0.8647043077912144,5720.0,0.05762473647224174
ls-1556,4747.774344497344,1195.313977886095,0.1624612278418617,0.6627631158096045,0.37281244699870497,4530.0,0.05547469771607703
ls-1563,6934.584564259509,662.6829213237379,-1.7875161312636494,8.249360731867583,0.9905418042218543,7080.0,0.04042017766393944
ls-1564,4392.506455154893,654.8606477528148,0.3989940891367019,3.5337148222799755,0.15630216394699903,4180.0,0.043423097662321185
ls-1572,4765.849012352272,1043.0758332475225,0.7065265748470764,1.1794888059643922,0.3720374125866478,4370.0,0.01507454369473911
ls-1578,3788.326115310205,756.9912248086489,1.2488429892438309,3.1421394561181675,0.07475962278157817,3440.0,0.008507347254447023
ls-1579,4742.561546596481,871.5914716209256,-0.5761500992020251,2.78852849079494,0.492530541098475,5040.0,0.006915629322268326
ls-159,4804.305000618982,1074.5371105190134,0.62865732824672,0.5660250714031683,0.3084665502288705,4540.0,0.054444400530872586
ls-1594,5266.188145833459,1090.3076329581259,0.5728892181585677,0.8170174432345076,0.5040812786765473,4680.0,0.08138238573021182
ls-1595,4472.743644649863,831.9328799950567,1.520717420449376,3.932920499370849,0.20818282366577975,4280.0,0.005813581037796284
ls-161,3892.996984497434,277.32951122463743,-4.415309639323409,45.74620489823627,0.0016842686985933772,3920.0,0.011396011396011397
ls-1614,4785.208613953031,882.4960902966844,0.9046524097813289,2.616801977034317,0.2902528550245265,4600.0,0.08493273956088615
ls-1624,5752.01882520022,1076.8546462199965,0.1559750056725376,0.09160099060179006,0.8194751516804912,5240.0,0.06803218727139722
ls-1629,6215.596380226054,1202.683843529176,-1.133149193615186,1.5218790122705097,0.8769978671766903,7100.0,0.02751330205493814
ls-1653,3606.788372258739,827.8236565929152,1.9664606676741296,5.232752808693354,0.07561358073646329,3520.0,0.044939010274054614
ls-1664,3619.06242470105,944.4467815240693,1.1582509073388143,3.350936918295205,0.06361837997780347,3720.0,0.006060606060606061
ls-1674,5000.909960682627,781.6299864482774,1.020591690671033,4.280527313245981,0.40552060200594114,4680.0,0.014565057225510767
ls-168,5044.431245392456,1129.0886100300127,0.1588265913324794,-0.16719299149806888,0.49237469015807295,4700.0,0.0627388634552585
ls-1693,3759.38169321049,572.6715162425363,1.1774619476825454,8.458624634077824,0.05282840919621653,3660.0,0.010159651669085631
ls-1695,3761.070947249228,890.2658556210217,1.6911892177091197,3.2573776979229976,0.1014470823545975,3170.0,0.009671532846715328
ls-1704,4227.658027780712,976.3449574224996,0.6265975275518548,0.9201671111314775,0.1550202667949456,4000.0,0.005083514887436456
ls-1705,4206.635512490955,975.5052229662851,0.4178936745945231,0.6393508423945109,0.18733887358262388,3800.0,0.00818639798488665
ls-1708,5341.934402978958,763.3322165939793,-0.016119992616981726,1.9914083098005282,0.6863593962681535,5280.0,0.116793893129771
ls-1714,4299.039986385082,995.5328818629038,0.420526851221812,0.411086230450743,0.2609829192392369,3590.0,0.014101117393810791
ls-1721,5647.901695946999,847.5151239214583,-0.2399375073374328,4.118842808310716,0.9215873865643309,5660.0,0.008968609865470852
ls-1724,3681.996158567884,1007.8619047533443,0.22825148453990862,1.2723244523256354,0.0545136570460943,4060.0,0.012328767123287671
ls-1734,5895.0637474399755,997.6035377331752,-0.06791912206654754,0.49648740370525624,0.8246208899574241,5440.0,0.06938916421454752
ls-1736,4027.031249646668,719.6350174183364,0.6745908798496959,2.5223095848331667,0.07778053722508363,3920.0,0.009450171821305841
ls-1737,5582.606105382729,1296.903350743334,-0.6350074388214249,0.5374702496674155,0.7684311132434888,5720.0,0.09642857142857143
ls-1743,4713.1383762089245,1246.8768970161564,0.8989422090348858,-0.020857286574529676,0.29933313931270034,3900.0,0.04284047934326891
ls-1746,4860.612276378282,1143.5369605988635,0.3811611752173144,1.233382220653859,0.3266399450883996,4240.0,0.036860879904875146
ls-1757,3879.668938593031,650.3081464897599,2.9972024732518467,10.46272233885195,0.06862503091943863,3680.0,0.0037064492216456633
ls-176,5388.375692721473,815.9451958849754,0.032373990357636995,4.074573893774842,0.7795668945551116,5160.0,0.020833333333333332
ls-1765,5952.6107646368455,963.4042649509653,-0.013716762147065756,0.11808424847718713,0.7666869687975535,5780.0,0.06357688874009597
ls-1780,5678.634354521813,980.0545572451931,0.18074942449616077,0.8841330973028678,0.7391224671650832,5640.0,0.020945945945945947
ls-1784,6524.25148125783,877.435172944644,-0.6964773229497774,2.374134387707821,0.9557714574334065,6320.0,0.006909547738693468
ls-1800,4187.7923155261415,979.3995768628256,1.362618131700132,2.0694541389540344,0.1400080011510157,3900.0,0.005187577193825711
ls-1806,3825.278519000101,598.4226222096781,0.5714796808190854,6.1695444834919755,0.054527444852727494,3870.0,0.013845250598051228
ls-1809,4019.4534114001744,690.8691529903052,1.5291252920561584,8.699448192600597,0.04767087579099501,4000.0,0.012737978150219723
ls-1815,5324.2973330202685,863.8335256398764,0.8563071688062858,1.0792084059252116,0.654162068171739,5000.0,0.059012187299550996
ls-1826,4786.5756444231865,1140.0762319385187,0.5902001878830403,0.7599654110479166,0.32767617832610824,4240.0,0.11605015567889536
ls-1841,5739.489917123792,918.4098570133981,0.1867042896438108,1.8291940404927307,0.9168266727475444,5520.0,0.10628019323671498
ls-1844,3991.4763073437944,590.9934548022062,0.6771504786171259,8.510785604659702,0.03295468453636273,3940.0,0.02909323516357275
ls-1845,5812.835213418433,1069.8102452572148,-0.6555439668791121,1.726844161797372,0.7430421729858344,5950.0,0.02811832097893293
ls-1867,5420.361023889423,1139.453722756577,0.35063050449456534,0.0860636309126449,0.5552648400024625,4630.0,0.08922975406981992
ls-1868,5229.292548439975,1003.0622602121784,0.05128054714463848,-0.1500441526448415,0.6485636807610669,5520.0,0.07424242424242425
ls-1870,5233.864671766536,1032.7230262556864,-0.5476328319366917,1.5109764220773174,0.6615411329439147,5240.0,0.040157998683344305
ls-1878,5374.32326575865,1082.6407404626525,0.49163446966171503,0.07542441781561893,0.5276110067661245,4840.0,0.031994981179422836
ls-188,6122.011247774627,506.3090245663554,-0.3597211976627647,12.601554675966534,0.9777487360323277,6000.0,0.003229974160206718
ls-19,5366.0991540807945,1007.1629700232231,-0.5171741840449499,2.882598712357436,0.6517682148060757,5250.0,0.018368534677274617
ls-1903,4820.734906190946,815.643143234656,1.2518415641151073,2.7706729969612516,0.2967536601985654,4380.0,0.033399014778325124
ls-192,4247.510467004522,1128.4688679031283,0.29040006189917045,-0.6405474675484006,0.3098775391732398,3620.0,0.005805515239477504
ls-1920,5318.232330475499,936.2017521412297,-0.7087283254444501,2.0953435091770287,0.737822210895298,5440.0,0.11098615592845669
ls-1923,5184.6808930691695,1133.3968610510278,0.11134772019028377,1.1597793876000884,0.4999590037482928,4830.0,0.04103305483709345
ls-1933,4503.37963156705,1340.3071149082455,-0.12868938027282162,-0.9798159145335075,0.42810749461613157,3440.0,0.003198976327575176
ls-1938,4729.911253023825,939.1294548744611,1.0145258167379645,1.8567320533905471,0.22483140665953882,4360.0,0.01740391588107324
ls-1943,3579.5616443285485,549.6094119907518,0.9182726108477403,4.157154462936061,0.016721334436285727,3370.0,0.023091385558201907
ls-1958,4773.31812081968,970.704460234549,0.8669732114282578,1.7847412785574592,0.2980965432997573,4320.0,0.03166121632348201
ls-1961,5440.070557831427,832.1024300406671,-0.08129455716469786,2.4334369143775048,0.7107711636570955,5170.0,0.024682870747982255
ls-1963,4898.3712604362845,1094.603190799578,0.2406248793217064,1.8808324264574319,0.4594409983107671,4700.0,0.05275967415758453
ls-1974,4959.984238057862,1002.6686700564078,-0.3373715523991193,2.6722838698612352,0.4799742237929253,4900.0,0.023841046113736355
ls-1989,5192.605272182386,1139.9481211306133,0.4984655156536187,2.449442380309905,0.5718409286107774,4640.0,0.009234828496042216
ls-1992,4719.3937255390065,1098.7984452404326,0.47941040018347686,1.2528770234668647,0.46410917784767947,4040.0,0.011355034065102196
ls-2002,5763.749981629984,926.2618091889128,-0.022965877906361225,0.641839234711203,0.8475620536897571,5560.0,0.037477148080438755
ls-2010,5527.071182371204,1145.203529089722,-0.15564623104497255,0.5362662713371318,0.6262587439493763,5600.0,0.04086181277860327
ls-2026,5001.125997178294,947.0026251987462,0.373158245021192,2.40631469140867,0.5093386773480467,4840.0,0.061759201497192766
ls-2045,4722.587618613864,945.7044227992228,0.9916270059836902,2.061871584279423,0.3757034105246617,4600.0,0.026972353337828724
ls-205,4352.3068444181945,984.5493937156217,0.5563101028670678,1.5632860394502806,0.24342887783803518,3790.0,0.018158496329386622
ls-2050,6210.269920864044,928.1434961245045,-0.43471083153946644,2.2592950527553914,0.9286274488437041,6040.0,0.06806627280765212
ls-2051,4334.614174574344,1008.0885781658756,0.7078265745347435,1.1137417074575424,0.27880855393050974,3860.0,0.012764182119605196
ls-2053,4925.24868432472,1081.9386656592628,0.7883557149701479,0.9450919572939054,0.35872085664473996,4600.0,0.024167859727063565
ls-2056,5640.05653614057,941.285261968952,0.09881917391191924,2.0848338161170563,0.7497832571231402,5380.0,0.057154554503224764
ls-2060,3867.4897211781354,606.4592749606104,0.756106716663472,5.928475277469741,0.02601322138902149,3750.0,0.006837256164696595
ls-2061,5795.317546062875,932.272640865946,0.16630515006426494,1.4899527549991194,0.8709510164724121,5580.0,0.033976562701830915
ls-2062,5082.910578575953,1164.8424795259784,0.2891096211465187,0.9779433842054849,0.42152148144136825,4590.0,0.016067321468969158
ls-209,4562.067146025847,826.9122193099754,0.7773136238552149,3.35445924004057,0.1926970570540642,4300.0,0.06879729859181914
ls-2090,4355.850738250776,779.082387687218,0.9419308801931052,2.0941057588323546,0.24039056899215255,3920.0,0.01263157894736842
ls-2092,3427.5356399552134,616.2471096752154,1.0249105378736751,5.5375389941501965,0.05024079953811141,3280.0,0.006003430531732418
ls-2096,4385.915897020145,1219.311608634933,0.3736654716869284,-0.29434471461875367,0.35407491164678284,3500.0,0.05861581920903955
ls-2104,4222.423513388149,1068.8215831923212,1.2973334983329057,2.222080070132697,0.17617322972107735,3680.0,0.027406440647824402
ls-2110,5770.932821980308,1079.1397789566558,-0.024273961733039487,0.7856817841317385,0.7493563585843047,5110.0,0.055268649880030454
ls-2136,3976.394919805136,1363.4796300050302,1.053241472640556,0.5355955452406254,0.19169338512532078,3360.0,0.02545743834526651
ls-2149,4939.94286322496,1361.961210168488,0.07461949981944871,-0.35732209995379116,0.47258245049848213,5160.0,0.03308437081111315
ls-2167,4684.8166258586425,1395.1263418674723,0.7460447286143979,-0.2287439308212419,0.3043754861667599,3870.0,0.07765281103888699
ls-2182,4684.5465907592115,648.2260801481698,1.0567284973954867,5.290839843883141,0.2114290472783987,4480.0,0.04439917970884576
ls-2195,4063.431320501113,1043.0712326383257,1.2982306504484389,1.862756386888881,0.1646188341851308,3880.0,0.029792746113989636
ls-22,5834.118962589502,905.4832989240567,-0.7403960891936862,2.977152446319386,0.8743011607266298,5870.0,0.07622453033656848
ls-2204,6297.532460404311,1027.2311146912457,-0.15786242111003948,-0.29305607932934286,0.8757313111358211,6260.0,0.005420844440234722
ls-2230,5779.456399922879,1079.6305212701873,-0.2427282815709471,0.011710309067582525,0.792348067191972,5240.0,0.0315712187958884
ls-2234,4423.5434902493935,1363.7379072641857,1.1299314656665618,0.355472280569175,0.23976855042579653,3660.0,0.04013676017882978
ls-2238,3432.9156805356697,861.8028070829508,2.0475493356924344,6.426893068703404,0.055110382776752065,3400.0,0.009499683343888538
ls-2246,4600.162454507938,778.2114322952568,0.02526234201404998,2.659921567132904,0.2737629125620684,4520.0,0.021678321678321677
ls-225,5645.027448184121,941.8555388622924,-0.056190813361365416,2.439408635534204,0.8661930865891834,5460.0,0.04898525664361121
ls-2256,5252.085346367444,777.9668240730904,0.2114985161217372,3.8925643660998164,0.7762476914462344,5100.0,0.03414208346979834
ls-2262,5717.879746293984,1380.6184050105403,-0.22793155535464898,-0.6506167494362738,0.6973109251757748,5280.0,0.030913978494623656
ls-2269,3252.198946907867,638.7465110653484,2.513742069633021,10.238739544114605,0.029801170558014033,3020.0,0.004597701149425287
ls-2276,3915.536579039699,1017.2891947349531,1.739861355450112,3.9315784163693333,0.12791810584187813,3620.0,0.03153745072273324
ls-2284,5838.992260718102,1033.3119743297125,-0.2312637373216894,-0.12821852854511118,0.7875473935379771,5760.0,0.10240427426536064
ls-2288,5843.482717506755,916.6912878235244,0.1731917783671382,0.30489125609665146,0.8591564810332435,5480.0,0.06981132075471698
ls-2292,4092.4414007989217,841.2591366637937,0.5806651189292747,1.4598832971243372,0.12712545956122076,3880.0,0.007390983000739098
ls-2299,4790.587410535141,878.5950085842082,1.0899109721085258,0.9889299271896927,0.309314206690794,4320.0,0.01768172888015717
ls-23,6492.324141840059,991.579848437717,-1.3006717691905187,3.4362283518710766,0.9364946154743038,6600.0,0.0354464894342195
ls-2301,4426.907866553071,761.9390022986927,0.722018434140165,3.3771534633102207,0.3522612206846588,4110.0,0.010802242001551016
ls-231,3784.818353048065,1042.7343252254898,1.0723649875292542,0.8166905222736702,0.11619783479716689,3440.0,0.006344171292624901
ls-233,3521.965693200673,600.1972701581038,1.3009723814555159,6.452350323848442,0.024334113678348496,3380.0,0.025590551181102362
ls-2356,4625.409228370707,927.5035565334342,1.5818304728734747,2.7102538508046745,0.21297647505026637,4190.0,0.013105286850818503
ls-2364,4718.1292729464785,669.2380074466307,1.4215280318316286,7.117300942203951,0.30100571977601775,4410.0,0.016816034051858796
ls-2374,4264.004879711636,1128.3344226603986,1.0679203907666834,2.77595926781892,0.20167934430476345,3860.0,0.008059100067159167
ls-2380,4433.21087843812,815.469580679378,1.7114715160751044,20.403902010207954,0.14651876647142703,4050.0,0.004091025566384954
ls-2391,3879.59496051664,795.2895439120988,1.4984555681896539,4.313651441970384,0.09152382598984053,3760.0,0.010135135135135136
ls-2393,4044.300913590897,1159.383845386026,1.2550396415462075,0.768757069661425,0.17516039819988916,3320.0,0.012687427912341407
ls-240,3688.123044441887,929.5138765203337,1.6039640403868387,4.354833838034652,0.08637298454168037,3380.0,0.0037854889589905363
ls-2416,4879.912630445667,891.969001730952,0.23341886136099282,3.6570347746301852,0.4580651665531907,4000.0,0.008430609597924773
ls-2445,5625.379697618258,739.3253846696814,0.21903597946010597,4.334319788899916,0.8857615864842326,5640.0,0.07534205068814134
ls-2448,6260.2551293980905,1035.2834241592104,-0.34168284952042943,0.09918085982557912,0.8503122993797497,6500.0,0.031813456050169206
ls-246,5182.637184417543,852.3439513557694,0.7889627886023992,2.132318195670769,0.5732532751873863,4940.0,0.08555399719495091
ls-2481,6172.07423429325,911.1989221891472,-0.21547928685829162,0.2461641498255407,0.9155948265884823,6000.0,0.10626612770670193
ls-2488,5290.765584611249,1112.7138043881262,0.012910642181975856,0.6598590017578201,0.6825316566535065,6360.0,0.011928429423459244
ls-2498,4400.73756778853,1074.5669293987671,0.6850118769109136,1.5830556609590403,0.25486556951613615,4090.0,0.04558482613277134
ls-250,5257.016505702244,882.315049294928,0.11787861766562788,1.1926895149129693,0.5650403792750051,5080.0,0.010422548466026726
ls-2517,4787.125033113939,838.10388526765,0.6154347247167965,0.8809555191127716,0.34889791876354537,4450.0,0.028996076447381877
ls-2526,4690.027114474582,811.9049687567833,0.9088468617513664,3.2178399732851766,0.2688079166363121,4340.0,0.02697841726618705
ls-2533,4722.796013615738,1281.839563513166,0.9200182100556815,0.6273523441893418,0.27356011271679803,4230.0,0.023131253075282927
ls-2552,3607.637721859766,1115.3952733446883,1.370482067956842,1.2084254816299547,0.17384264344362735,3120.0,0.008463541666666666
ls-2553,4664.972213337624,1250.8213852206663,0.3220134862349094,-0.6400624861906539,0.44830622846148777,3760.0,0.007543103448275862
ls-2570,6222.596903530401,942.345358395095,-1.659394044706434,5.552422841743541,0.9249118969608828,6260.0,0.015803415981874843
ls-2581,6196.285626829379,1218.9696775915158,-1.025866791965549,3.611194688571998,0.8541471991983927,6320.0,0.036274986056386176
ls-2588,5008.625399501365,890.5741260823756,0.4540905414395738,2.3385388906370403,0.5523119090253906,4990.0,0.06649721280811896
ls-2598,5431.9159298074865,968.6915026180764,0.07059458580414829,1.2335629416111211,0.7091881268080799,5040.0,0.010309278350515464
ls-2606,4253.307508356995,1015.661224414971,0.7595329046398603,1.1950334287163704,0.1805570906924101,3800.0,0.012709030100334449
ls-2607,4524.191680004384,1029.1180601436354,0.5135305920969273,0.6810527816674381,0.29644444323747365,4400.0,0.010408921933085501
ls-2618,6653.782907485353,1510.5322677418976,-1.3098452191518526,1.352333868452146,0.7891522016688536,7380.0,0.017543859649122806
ls-2624,6185.416193079073,1150.5426548194077,-0.6263594517997588,0.11547555302293055,0.8637423072138342,6800.0,0.0887218045112782
ls-263,3775.909962817477,723.1991065004114,1.6332721672766035,6.045369768049062,0.0636778973015431,3560.0,0.05776892430278884
ls-264,5132.514920518832,1164.0220208479923,0.28229199810093697,0.2208851040301667,0.5172550574698547,4960.0,0.06796116504854369
ls-265,4758.367849292776,755.3500268912655,0.5728809911743373,2.68554828879016,0.26714257217871795,4540.0,0.0878518852759525
ls-2676,4535.960290816996,842.0553970705353,0.7362682987065903,2.6895290953398527,0.2172768631194215,4280.0,0.05256723716381418
ls-2691,3871.8885741785334,1152.0551641378077,0.9042865937485696,0.05647533464879828,0.16344260929241278,3140.0,0.0049586776859504135
ls-2694,4104.321030281946,714.4583067597457,2.4928745675492214,8.763328249615629,0.07256276107544021,4020.0,0.02346041055718475
ls-2696,4117.94347311317,1019.2784318116335,1.1527966763533612,1.9579562590461426,0.14353999069787796,3600.0,0.04471194900780742
ls-2709,4092.8840535534828,861.0847981665477,1.262770862672399,3.0754803990533355,0.11473896523836413,3840.0,0.013878844845140095
ls-274,4593.177386824007,1110.1598430121187,0.9518592760097138,3.0072466746279813,0.27996582079705945,4170.0,0.02834445809939195
ls-2748,5825.156608806596,893.8818723324113,-0.5424508740683043,3.6263796511729285,0.9235309412195745,5620.0,0.016395946529378702
ls-2751,4203.667798336822,943.2201626083129,0.6789359129477814,1.5321122204588162,0.2596687322314707,3940.0,0.05236966513538642
ls-2762,6303.233640120721,967.2738032352338,-0.7169724257813025,2.06643937597284,0.923541622325089,6210.0,0.026895785231393826
ls-2769,5823.765391598001,1226.669890296814,-0.1258647041621475,-0.7365890538040931,0.6784598508364643,6320.0,0.007329842931937173
ls-2785,6066.131023767382,1035.7082179853728,-0.2651273190437938,1.4505012317187551,0.8907422066772501,5900.0,0.08937950949042758
ls-2792,5729.735537056662,1074.5224377547122,-0.21035630446841802,1.378217959720051,0.6890101938441674,5460.0,0.06083952811893989
ls-28,5417.659086739323,1017.4982276135568,0.2793609573838728,1.6916782896618483,0.6056547860659963,5020.0,0.04193063079170714
ls-2834,5342.072491216496,1108.3180900712418,-0.7059665008304864,2.996261026210838,0.6814635223621339,5220.0,0.00973263368315842
ls-2853,4594.369739743264,1055.9090865938333,0.27544825340531054,0.23941927377918426,0.46129106631370065,4250.0,0.05048740973043164
ls-2854,4615.51919127135,819.8976442025191,0.3528453387570678,3.165980048314635,0.19029944282909977,4490.0,0.04042669711728927
ls-2882,6091.267265688928,776.2738124177483,-0.10347553699372443,2.4381936004253957,0.9583147734945556,5720.0,0.05433393944856313
ls-289,4701.870132287022,745.861074773193,-0.03510358816057341,1.46918940795867,0.3167761506692376,4660.0,0.06647706671501089
ls-2893,4965.56218591618,1012.9779976492915,0.5538213799960243,2.197707577573141,0.34707745984945776,4580.0,0.04551920341394026
ls-29,4892.71148299032,837.7637002218726,-0.3260742492806091,2.264139920502452,0.36037035554262636,4900.0,0.011494252873563218
ls-2920,4750.878567291516,1026.9426284537321,0.54462009906765,0.8623670390400873,0.3383152914975087,4360.0,0.08609439341146657
ls-2946,4584.992041305381,1110.8822571316057,0.47231128400202693,0.8790491195873469,0.2577186521780746,4360.0,0.012106537530266344
ls-298,4816.940900818085,1283.8524202980714,0.17363818494892175,0.7355595487141393,0.35927232360583466,4400.0,0.04977945809703844
ls-2997,4799.929195627728,911.3632738027025,0.34425527357909574,3.2572738084641735,0.3806517345190171,4700.0,0.05528464213426175
ls-2998,5155.990234708442,770.0076444601077,0.522701018267065,1.996289266286238,0.6039979775786161,5160.0,0.017673048600883652
ls-3001,5148.323924513443,741.7191098076539,0.5157258274927604,3.459143805217356,0.6069141759772543,5020.0,0.03578842614390275
ls-3003,5564.834074234865,263.89950193195534,4.319484230035192,50.14830706911823,0.9947964983047225,5520.0,0.0034965034965034965
ls-3008,5704.976476637756,868.6439120324862,0.2606984580398341,1.1402649530307098,0.850007431602656,5620.0,0.046396103896103894
ls-3009,3846.114351592647,1105.0263083059267,1.1929988649519165,2.174865436228124,0.14354096920035891,3120.0,0.006198347107438017
ls-302,5685.057663635365,1080.69169546774,-0.5076130472329863,1.624170213725149,0.8025621064729898,5260.0,0.06099590373783922
ls-3021,4543.400957076477,729.7478042922515,0.5753102002155304,4.9522217994271145,0.19188373320827376,4400.0,0.03309385265731238
ls-3045,5465.061488012053,1035.0419401281854,-0.30705508379457797,1.2356010170281087,0.8072102891601268,5340.0,0.01722143511424242
ls-3046,4163.415420728199,832.8879902501415,0.6173325186310739,1.3975600479157109,0.15554376902539593,4160.0,0.009640656493933858
ls-3053,4197.66030519365,452.50915653965075,0.7560415534368183,6.64199619324213,0.025895960424602116,4020.0,0.024878524582316052
ls-3060,5192.662767798302,1018.2008714721902,0.187957070731084,1.2119128447915388,0.5424184970003314,4740.0,0.06849793612488694
ls-307,4656.68653261478,1271.038433339993,0.05589674934745331,-0.5201817053463498,0.46565453599933493,4200.0,0.03829160530191458
ls-3082,4974.647392063676,1090.8970305681614,0.5872134664879085,0.325476289563129,0.4255374155144338,4510.0,0.12799872331581605
ls-3083,6059.298803887369,929.5856219019861,-0.580823749018881,2.793787956608791,0.8989960837130073,5890.0,0.041285524097873116
ls-3088,4687.88303980992,902.7140177393649,-0.2240520320625045,2.6323459580384325,0.24574078221889747,4560.0,0.026615969581749048
ls-3090,6277.292939128851,892.1779024514963,-0.7829892096848781,1.7474884557684063,0.9274613993488608,6520.0,0.04590163934426229
ls-3092,4396.6196689915405,563.485585727147,1.561387427962323,8.172582149137924,0.0926135150178476,4200.0,0.008695698594819612
ls-3094,5517.348421553467,1395.3739862993345,-0.49108871141943855,0.21920188169159238,0.625108787470156,5400.0,0.008733624454148471
ls-3114,5159.602451536757,1002.1637035077986,0.3538703826637781,1.2317856547070434,0.5476373569007228,4920.0,0.09757019294743846
ls-3118,6018.693360563411,1040.655579448933,-0.5776767099138205,1.4007410344490487,0.8977919706774512,6040.0,0.03540603297070293
ls-3135,4525.78929682411,1201.9200959357524,-0.10387644367907128,-1.1793519762358922,0.4666010553190976,5200.0,0.03316138540899042
ls-3143,5746.228791828335,938.6968456626719,0.38564528912689194,2.2222969555278795,0.8548497179125185,5140.0,0.07681755829903979
ls-3144,3444.489270140037,1110.2524804024504,1.5089524526951528,2.035326807069226,0.11342095316180327,3000.0,0.008627450980392156
ls-3157,3969.991631414403,1094.98285303469,0.7742928167218598,0.40766321184163257,0.22402991575681602,3230.0,0.009865077837126316
ls-318,4841.2642734918845,1267.2192226031552,0.21500220388469193,-0.6340130714278811,0.4169363939675279,5010.0,0.022922921621890937
ls-3185,5051.659055437536,901.6416883110525,0.5785085302120815,2.8493279409935233,0.46822595981253473,4680.0,0.04065145642995957
ls-32,6140.350983418392,907.3345434900826,-0.2458535973150855,0.6008257097785878,0.9358798085979801,5720.0,0.047619047619047616
ls-3215,4424.3626372122035,947.8142504763391,0.4513561966671555,0.6434110879867281,0.32764134983739396,3840.0,0.014707264502061428
ls-322,4729.096272006359,1130.5466103588906,0.16277983475007257,1.5493374695249396,0.4167996623115415,4510.0,0.07414724097371747
ls-3221,5622.1569901424,812.7204378767594,1.0538048762520857,1.5495182835805617,0.9302031376184999,5400.0,0.006572769953051643
ls-3224,5319.790762879412,962.7344328831083,-0.09437536999179247,2.2223702173489293,0.611587395340998,5220.0,0.05592903580096013
ls-3238,4566.002032636876,930.5006705297137,0.610462054902754,3.587541635432108,0.21880239567604276,4220.0,0.006900967251706977
ls-3257,3992.391203178273,861.7842478843268,1.5806163177246644,4.917285084182257,0.08134820468913603,3700.0,0.007734321630818538
ls-3258,5811.302667625273,919.5634283801882,-0.014608458445578967,1.225287288699561,0.8621487341432045,5440.0,0.10231271328571706
ls-3259,5590.531842237797,894.9003920928736,0.1261048091885358,2.4289494770151916,0.7284140736525092,5240.0,0.015655903729298225
ls-3288,5006.079542773149,968.8459681185141,0.6143104556622462,1.9606578382228848,0.5304877695023165,4660.0,0.0201081130477265
ls-329,6049.115177971502,785.7871261219796,-0.8729118258547965,3.6654417138865156,0.8916412201794948,5920.0,0.010349450438001548
ls-3294,3680.4341303694337,656.6636799559288,1.8914141035980971,6.932811951553797,0.05768013864316558,3510.0,0.005461467152237568
ls-331,4201.741518945168,762.3213549325135,0.5320289715634803,5.1163634772399,0.11792263794176963,4160.0,0.04659949622166247
ls-3318,4902.101907371448,897.2223209566137,-0.5189932116504681,2.2542346736462693,0.47002320534001707,5000.0,0.054798212853310796
ls-3330,4189.84877510448,879.8690731823241,0.3275988099072987,1.1110167720052655,0.26019976992870664,3630.0,0.013577970499848602
ls-3334,5730.856180120019,976.2723819285397,-0.07277774775553957,1.0214157823341814,0.7353988195113763,5640.0,0.08767222457099504
ls-3340,4250.783845874465,766.9472173744516,1.6021534607487438,4.88984766321394,0.11257363320658761,4020.0,0.06927517639512508
ls-335,5025.960872253247,753.1074050742802,0.0036646694369215915,5.99750768628495,0.4928589499540347,4950.0,0.024879273710643232
ls-3389,4769.977223828686,866.2403317561368,-0.16476880173289665,2.205277288080233,0.47190414007628995,4740.0,0.07407407407407407
ls-339,5322.041695974871,904.8181334848532,0.28472546146530964,2.9770673913823353,0.7114158116290342,5240.0,0.04921047963594795
ls-340,5026.765312952786,1196.5478329006917,0.17865911263011885,0.8359729997256626,0.5041824642581295,4920.0,0.08483137576867855
ls-3433,4472.168597361629,1222.5161335164962,0.007434965032078669,-0.06735326347182236,0.36197394662751536,3800.0,0.009312320916905445
ls-3436,5640.758375399479,1277.025378753087,0.4235089662138289,-1.0613868724456657,0.5404982733762286,4600.0,0.017798031636008176
ls-3470,5065.838760825538,1035.3259827587112,0.7040860679003654,1.1758296667919117,0.41322095764545164,4620.0,0.005681322169755169
ls-3482,3491.1448731473865,863.9153784273101,1.8930466747206083,4.975619910828491,0.049825762504722135,3300.0,0.003929273084479371
ls-3488,5240.588445758611,865.4711670397479,0.9415777916945529,0.7488388180467178,0.5090117145819815,4870.0,0.009961746813626507
ls-3500,3557.482933517202,561.7354568802688,2.2725924828468624,11.396854259074054,0.04625727694920749,3520.0,0.005817711700064641
ls-3521,5699.273695340594,1292.8991031298604,-0.18403305459952152,-0.9078708050830113,0.6303850786848355,4880.0,0.08966461327857632
ls-3526,6345.499196475498,772.2983441954548,-0.06822426219581892,5.22341217107188,0.9668255757056323,6160.0,0.06900878293601004
ls-3537,6782.349991609075,676.856555846735,-1.434177915143899,9.06052304390684,0.9778233785072579,6680.0,0.016751638747268753
ls-3540,4200.468857738342,1123.8992021617842,0.9089378358091106,0.7155803335046098,0.17164582191164085,3560.0,0.010416666666666666
ls-3546,4288.458021610907,911.4769056746752,1.2137705583404084,3.435796656287759,0.16005238685746814,3940.0,0.0699464930096207
ls-3549,5289.775176876955,648.4550982639159,1.1002081753699677,4.81530023042577,0.6494190850510361,4920.0,0.09146341463414634
ls-3551,5303.904056484347,846.2833500078107,0.7693033781204391,2.052234767298799,0.6147103336500171,5100.0,0.07797037007889507
ls-3554,4206.39907212583,881.6719244028395,1.3155588303463333,2.1210787603284684,0.1667869655614,3800.0,0.00795153949176849
ls-3559,5582.796980607418,1113.1344901392777,-0.23015698189565154,1.1113421273847415,0.6778053344337323,5770.0,0.026480429981136193
ls-3571,4393.020056529645,861.3469550559195,0.6231587272088372,2.359650597032294,0.16767113589682625,4390.0,0.05602637527623611
ls-3587,5118.712307067111,945.4255901347647,0.4552307695250736,1.9273586583044,0.5249761052958637,5040.0,0.036036436312842195
ls-3588,5402.099837699186,1097.1511862503608,0.20356462105809964,0.9331228034978749,0.7139359355043213,5120.0,0.09090909090909091
ls-359,4199.606797570204,1151.649901717603,0.6890384147870189,0.2957360204631524,0.20566001323722571,3870.0,0.01129381658791188
ls-3592,5695.7701192160675,1147.2282091741445,0.007777201626752009,0.20676631169598647,0.7050252403740851,5240.0,0.08571940871282333
ls-3595,3209.36258477886,415.77399131117045,-1.2385350795031589,5.545947997231653,3.870065650815259e-05,3260.0,0.006520220766074324
ls-3598,3505.705001560511,957.1559727676834,1.3826667016914012,2.0527431691804106,0.10773995126427169,2960.0,0.008799583451670926
ls-3606,6329.348891013614,1468.1497534917194,-0.883777160784929,-0.1214049060480824,0.7859560046508817,7360.0,0.028421052631578948
ls-3607,5535.118928802986,1109.8808251771914,-0.32552379943787246,1.4160674885005875,0.7358804198877988,5000.0,0.01747311827956989
ls-3615,5112.676888809195,1074.1184729821996,0.21344056649912482,0.8474188642743714,0.34381046824074546,4600.0,0.023465703971119134
ls-3618,4270.491107718328,883.6620020361981,1.5884104506517454,4.870336995187435,0.11646897661786343,3950.0,0.05401436473617425
ls-3645,6067.841884662209,1070.4790165103268,-0.27306070515541103,3.913794376498514,0.7368980463491538,5280.0,0.012888439264741446
ls-3647,6665.915547093609,846.6582468000737,-0.8981908134401103,1.7361338873557184,0.969708341289148,6800.0,0.013368983957219251
ls-365,4513.241702684692,694.5135127662809,0.9215418830972835,5.54849905579203,0.1652033923225896,4520.0,0.12119064493267187
ls-3656,4421.233690713406,495.6437066209657,-0.6093046052801115,3.2183281812326525,0.11093166866863155,4400.0,0.07507507507507508
ls-3657,5495.947999860078,826.5639406666526,-0.13919708091176533,0.8197606513116551,0.7319401983126772,5480.0,0.04386134626318782
ls-3675,5392.830646146807,865.1104406429242,-0.29265721148740187,2.80481464746593,0.7717316335080777,5250.0,0.03187910682400029
ls-3679,6305.744078011467,1136.4374020510318,-0.7174478848392276,0.6584506229412417,0.8410611941863613,6980.0,0.05361300933540272
ls-369,5663.251386806008,950.6977515692615,0.0025538729013825784,1.6600317341494653,0.8356249593147155,5320.0,0.011627906976744186
ls-3691,3906.5816064097526,1079.1097517038934,2.1705000963231758,4.407287690352645,0.10120193524509288,3440.0,0.027806385169927908
ls-3698,6302.627963354643,765.0144797822687,-0.8021529405793252,4.556136874437198,0.9732564334078518,6260.0,0.01798764182251087
ls-3703,5198.91519955417,913.5920644547261,0.14506143810930935,1.7213326961628084,0.5749767103218226,4880.0,0.12377833185123412
ls-3738,4642.876736066856,1005.2582988609857,0.3438203088050491,2.0861032195184452,0.3718781698393407,4450.0,0.07382271791994013
ls-374,4948.538053138869,742.3354922815922,0.18078858675878445,3.6697793821127167,0.4711667634673512,4720.0,0.010652463382157125
ls-3744,5200.175425494266,1044.3425961699681,0.2447097901443991,0.710184459994258,0.5433998401462317,5000.0,0.06118894111963732
ls-3780,5179.561163668962,728.1982595681595,-0.020294397236814393,0.9126410455935572,0.5798414789203028,5300.0,0.06510266173742554
ls-3783,4217.285793030333,765.5378073898676,0.8306531135229741,1.036768495354715,0.15311545197247217,3880.0,0.04005235989729405
ls-3790,5744.3334440840545,989.9306019819345,-0.43964782461352914,2.464156528827173,0.8559341804565987,5470.0,0.06391868486623903
ls-3793,4542.165745428298,843.2297959128944,-0.019283269754103372,3.529802128270209,0.05332626109710232,4640.0,0.004617414248021108
ls-380,3681.2989412914176,654.3672479251952,0.19236076686308673,1.9172069716025009,0.01993104046678621,3710.0,0.05875515478088745
ls-3835,3794.3517661896703,887.0673819279461,0.9512969778565393,2.063355684728295,0.16344040031356638,3360.0,0.03367496339677892
ls-3843,4275.208601258375,977.2574355240847,0.5798195379924247,0.11235077503629709,0.2966448114046601,3920.0,0.061396131202691336
ls-3851,5005.41078494082,664.6258988130807,-0.34321863881406217,4.192289444966422,0.4823167294159706,4920.0,0.05338267200163808
ls-3857,4901.019003682785,1215.3572338633842,0.7986421212167354,0.059158331418105226,0.3673877153572761,4700.0,0.07123558433864163
ls-3869,5920.6453568503475,929.3018424468353,0.20476060211061942,2.7042836558280374,0.9018218067304398,5460.0,0.01509433962264151
ls-3895,5169.006980646136,1138.248866527144,-0.25086041828974415,0.539326451286041,0.6085078199584257,5090.0,0.01420596650593249
ls-3906,3699.8928062207965,866.3762890433071,1.812704125049207,4.40583604489498,0.07721793957265097,3640.0,0.004507405022537025
ls-3911,4239.831842762293,461.77452970998144,0.28581996287400524,2.084725715043372,0.07123887626531067,4140.0,0.054010849600436985
ls-392,4968.180881958967,852.6229809363882,0.75389911473398,3.9929210801417434,0.4192450985279727,4880.0,0.0133248730964467
ls-3955,4390.108076819615,1023.7304016185672,0.6575658334314551,0.5126676801140888,0.33970091395515833,3890.0,0.01848383165095635
ls-3959,5522.433664275478,1098.1654251963923,-0.06163875865818924,1.516705050761889,0.6929618535408834,4800.0,0.006141045332310089
ls-3982,5870.118585118215,724.6636789274111,-0.6514528763042398,3.305267192982706,0.9571274885388579,5720.0,0.029932803909590716
ls-3983,4002.2730147843195,910.5733210834903,1.4674091615237086,3.6647108047235855,0.1514648497013005,3970.0,0.016788701944407843
ls-3989,4077.0265407550864,546.1233629421752,-0.3079795644584637,2.6621183023093877,0.05038558238278902,3950.0,0.00724344617873399
ls-4019,6015.838341109264,859.9645568542062,-0.235647113213294,4.286048518096498,0.9244837805328765,5720.0,0.01487778958554729
ls-4020,5659.2016927121895,1064.6269517368107,-0.18188832001502808,1.726680287887837,0.8294821014268723,5450.0,0.07615500943317226
ls-403,4267.650918519759,804.204395557399,1.17595468668306,3.5414757325095216,0.13122270891485693,4170.0,0.007766495846197918
ls-4039,5391.655838118937,1023.1765693131325,0.33476637567056766,0.472374116224075,0.6743532650577486,5040.0,0.06550905460577944
ls-4051,5902.066373276774,1181.5780447727689,-0.8293307727637901,1.288580382098501,0.7121199454636803,6480.0,0.05370843989769821
ls-4059,4625.7158914098345,860.9514671301595,0.8282271659018687,1.6517132647068244,0.2665456658447529,4390.0,0.038931960065794906
ls-4064,4971.331190478735,1174.7839045814426,0.04957336593403555,1.078969819058782,0.4672442143021689,4610.0,0.06590188570487483
ls-4071,5571.166580017855,865.4273165391047,0.3239748951995743,0.9797185961011143,0.8032581291722809,5530.0,0.12920870113493066
ls-4085,5412.255442668936,955.2066160218925,0.9656733814200481,0.6480475217691963,0.5811604464631728,4920.0,0.03363914373088685
ls-4090,6164.568378372953,927.8836315720412,-0.6354960215958061,2.1329496783732393,0.9041946191343224,6100.0,0.05821434678522572
ls-4108,4231.133482112835,759.6871493776366,1.4421260632417,5.312182439882047,0.1085989952846704,4140.0,0.011385377692385477
ls-4110,5537.90312652827,1108.632828861596,-0.23474174735806846,0.5950424116993727,0.715464795050107,5210.0,0.02022008032128514
ls-4116,5009.925622732839,983.53069705847,0.24365160113637907,2.3137350499291696,0.46025539514820135,4700.0,0.03839869281045752
ls-413,4348.51195422183,979.8781996159482,0.760279857631045,3.212203674927512,0.11631683251564554,4240.0,0.0050916496945010185
ls-4179,4640.07570937968,1067.2760861356628,1.5092417429251272,2.301695924617788,0.2343835016347475,4220.0,0.015424164524421594
ls-4189,5562.996949699571,1046.187965166345,-0.1734528288857874,1.0665419353632344,0.7847574745107613,5460.0,0.06212821162878474
ls-4192,5627.252902381331,1118.4065219013453,-0.3025971555928512,1.0615529639437093,0.6768770807268273,5420.0,0.04975801572897762
ls-4196,3851.0666937520027,1072.382434024461,1.0657402188590401,0.5736711559210623,0.16729060873324658,3120.0,0.0067884807867522505
ls-4205,5065.134496675373,1090.7834252038542,0.6592621488977157,0.5329659218168994,0.5274022371278617,4500.0,0.0594602831609124
ls-421,5099.686266630613,853.4376930637573,1.094665022955339,2.573323131320426,0.4446364164684923,4680.0,0.1185682326621924
ls-4217,4162.000774836883,911.9182290773243,0.5193551654328016,1.762611567678276,0.19451669182515946,3780.0,0.1290743155149935
ls-4222,3233.1126416637517,806.8707675708766,1.0975401761797632,3.499156765292899,0.03762356629828039,3160.0,0.01904761904761905
ls-4234,5426.626348271366,866.0226654646161,0.3269884661900526,2.0784032931204264,0.764553591804674,5200.0,0.09341077811098486
ls-4235,4779.111949827509,934.450229531616,-0.2717258157518686,3.718579756814802,0.4069895537477781,4740.0,0.007385524372230428
ls-4238,4544.966589350251,765.2502703590502,0.5972464108851083,8.18751759513031,0.37401476625842467,4700.0,0.009515766961965258
ls-4243,4981.151892004712,618.3288785375408,1.0994592630575608,8.056673205556796,0.21594905543968262,4900.0,0.0037174721189591076
ls-426,5693.07189254474,1091.6657891961186,-0.0906764779637338,1.3955548380434255,0.7520354474734973,5360.0,0.018645490532741928
ls-4260,5432.758420130494,892.1130155957312,0.31787385009250657,2.7362526570366503,0.7013837059176362,5260.0,0.056996146168052694
ls-4262,4299.471849611861,642.7792370660545,0.6831534522828144,3.525186275968008,0.07437666429700296,4460.0,0.035835935282429746
ls-4267,4791.63276856984,1271.0037558064762,1.02505867357556,0.07222086676048478,0.29035353156246246,3990.0,0.058959407018048166
ls-4277,4286.663872738447,1470.8169331195809,0.8243817773754475,0.06391525421434485,0.2707479861815915,3700.0,0.08416389811738649
ls-4278,4558.59516741241,704.3370900959403,1.4108331221643653,2.891569128708899,0.21428859638358774,4200.0,0.0202808112324493
ls-428,4364.6004518198215,743.9102042774048,1.3491517163178264,4.544814923957501,0.1555513158668194,4000.0,0.06206896551724138
ls-4289,4579.581156252787,863.8464476943632,0.679298053443794,0.7188760828653694,0.3188885766861193,4010.0,0.009264544744732922
ls-4297,4661.278034195856,868.8342387522636,-0.050540605912719264,2.500000125139077,0.35973588930679545,4610.0,0.049106277925693935
ls-4305,6048.856309406716,689.2226402046006,-0.27033461226143096,3.101627520714661,0.9676440389976373,5960.0,0.06108962711022069
ls-432,5055.746725956717,1022.6701411180533,-0.5634805314033721,4.59762699144538,0.6806156151390841,5320.0,0.016233766233766232
ls-434,3586.891616948782,635.7206486540161,1.2515279697990993,7.736254296656013,0.03382341591378767,3680.0,0.005012531328320802
ls-4363,6114.810707137878,991.9362626413651,-0.6191106602653755,2.1122170954930573,0.8688841833578427,6780.0,0.046919561557227776
ls-4379,5011.744486420027,806.1263934844825,0.22892497230308018,3.9269345446847446,0.430179053168717,5440.0,0.008083140877598153
ls-4381,4044.287633545654,899.396442342991,1.1695212947033577,2.204145005061129,0.18098295526021957,3670.0,0.007202406620259142
ls-4396,4748.56132998632,798.687632868281,1.444239905870325,4.249667617243266,0.25352586332193505,4440.0,0.022608651148508123
ls-44,3867.3773540679977,1080.9431154327033,0.029996259612323817,-0.686858732042674,0.14899001947888946,4120.0,0.006456241032998565
ls-4402,3843.7737153722474,778.40834832285,1.0527721884374523,4.328574451550061,0.08844099345479053,3540.0,0.011181594129838122
ls-4406,5401.166901529627,1146.07242926661,0.1740058634716161,0.03236140328726955,0.5711818687907443,4780.0,0.0699677703830122
ls-4407,5515.3885299053545,673.9486770962991,-0.04602957879299298,1.4924782097384584,0.7312913505602066,5070.0,0.01811172297691916
ls-441,5906.204671453048,725.595565380009,-0.29400080010205143,6.257992929837604,0.9678457581602504,5700.0,0.040191867595208375
ls-4427,6186.356397706617,986.8411828959202,-0.7884245238951196,2.2287496131223667,0.8997742275037822,5860.0,0.02174467082572505
ls-4433,4465.406004551722,947.1450968905106,0.7635965400432432,2.1684524631867985,0.19502717243138987,4260.0,0.06230403889479576
ls-4441,4093.0864102627334,1486.6028656624883,0.3938973733808762,-1.3969977349002294,0.4315178438640377,3520.0,0.009615384615384616
ls-4474,4792.395409480446,1126.17560766605,0.48512509242224544,1.4241645396081841,0.25849066028949974,4600.0,0.004315659679408138
ls-4480,4830.547434615437,1096.327775467401,0.9342557793697982,0.4670938639618234,0.38137744672486407,4180.0,0.055313892628289014
ls-4481,5801.929104348046,1048.407104618378,0.15730206077048725,0.10385480110096357,0.816808651274014,5480.0,0.09634404803956198
ls-4484,4487.7696783962565,1062.7444807586264,1.9497557687412024,4.49113159675844,0.2009266856731978,3930.0,0.016985497906527126
ls-4492,3793.7078192781705,1004.1296460165594,0.7873035913489359,1.3020484063465683,0.1167953052533898,3580.0,0.012139226895436717
ls-451,6269.701751652092,1087.6045963639067,-0.492939650005895,1.7702775108999038,0.8361132638580827,6600.0,0.09527754763877382
ls-4511,4371.441704306846,867.2076721452984,-1.0711843328746127,3.5992251162450026,0.13367713657156993,4430.0,0.018345688898595388
ls-4519,3978.6175280913076,820.6666887880945,1.1084210109742205,2.7672208347453626,0.13849946674448094,3670.0,0.015046633337052752
ls-4520,3879.133500501095,638.737622410213,1.5697286703430904,8.582278499792004,0.039787089803384926,3920.0,0.037383177570093455
ls-4535,4903.4258909460395,1458.5703873108757,0.2344818028799294,-0.9341013243028673,0.4868691795499064,3640.0,0.006539833531510107
ls-4546,5155.047316690634,826.7860688223897,-0.07597657718472031,2.286864405015692,0.635705009440207,5100.0,0.14774429109219867
ls-4549,6784.346335046485,914.1992928012985,-0.9254979017059195,4.241752873016648,0.9863492866504281,7740.0,0.0031887132962637793
ls-4595,4818.421701895631,1082.8320746033578,0.44531691802787027,-0.3824997170120925,0.36918654474493406,4340.0,0.03819444444444445
ls-4598,5632.168622938269,1128.3164086813904,-0.44898468595196883,1.3917813172741844,0.718338627268319,5210.0,0.04177715324774804
ls-4599,4949.943486557137,991.6786807619166,0.7611041422982452,3.0488439166381145,0.3282449271633191,4640.0,0.09523809523809523
ls-4640,6486.810594581797,928.2168869546888,-1.098694462755485,3.54811319275585,0.9222895100165469,6680.0,0.04064470918009811
ls-4667,3690.0778610132193,1007.0598980092316,2.002212266835601,3.7673890567670547,0.12040790645111767,3120.0,0.007429420505200594
ls-4693,3946.7718835550086,1047.028680432942,0.9779768960276983,2.3330483475332766,0.2275534404046023,3440.0,0.003858412918061719
ls-47,4055.6114355515456,595.3963868987646,2.071832916902235,14.214662688057492,0.048313801876841055,3990.0,0.006181333593885703
ls-4701,4984.906355676609,1037.9308019230386,0.22363242362571503,2.946649343127047,0.5349900896106654,5080.0,0.012413793103448275
ls-4712,5193.686082431864,1203.4914808101216,0.7846364749860841,-0.27033116439073135,0.4783189681828355,4440.0,0.020234986945169713
ls-4719,4369.971048873994,885.2189840795629,1.0962579636462626,3.7508931048642484,0.19320730612678114,3770.0,0.01815091436937049
ls-4731,6461.422134548813,1009.2435152683844,-0.8569149820693716,2.062727604934892,0.9163531753341839,6250.0,0.05770246014148453
ls-4738,4092.845521970956,962.9324841106503,0.9463133056587221,1.207550960954847,0.15466912771804198,3660.0,0.0360910673056305
ls-474,5149.1265926576625,1184.4706761636314,0.2512497501259353,0.8205614745375756,0.5095074021318594,4620.0,0.03376933929553552
ls-4748,3220.1532093244396,608.7346892281241,2.81441248333707,11.069626931837835,0.030871796452646812,3000.0,0.00631911532385466
ls-475,3655.6001526032096,740.2993645260108,2.468131096459138,7.974357860745458,0.08115505183421362,3480.0,0.011811098184572929
ls-4770,5387.649898876044,1331.9415789521877,0.054171282120133085,-0.6831116878486354,0.5690092873958974,5070.0,0.011902152251893186
ls-4771,4394.27365129606,603.2652425611336,1.2982295861951758,5.1792818532170815,0.12245756820688639,4280.0,0.06578947368421052
ls-480,5362.011968047993,952.1421984839471,0.3160305984914548,0.8690872137014107,0.698570600829163,5360.0,0.011846001974333662
ls-4800,5022.915101030482,896.5205685595388,0.03207207926067569,2.261021846776024,0.4944267633372778,4830.0,0.08353719908586044
ls-4821,5226.987819193791,1263.4320286783893,0.24358165319591485,-0.3138589167110679,0.47905225811690344,4880.0,0.017150395778364115
ls-4839,6299.51039241704,843.9846004163585,-0.08154042042615815,0.972203536795691,0.9660424554438578,6060.0,0.021554629166855983
ls-4848,3782.829856701046,334.4809978245967,0.9110099906100291,6.912502969087309,0.004762985436712202,3660.0,0.06369426751592357
ls-4860,3167.91375856159,646.1971401837728,2.640495703433688,10.942904932568679,0.02551223139950033,2880.0,0.016194331983805668
ls-487,4212.882829867465,1216.884825940782,0.8969643343644176,-0.02673101672035605,0.26312420870126374,3400.0,0.035487518410500976
ls-4872,4731.6764949933695,1020.2470501436183,0.5900542338604617,0.6307814617611474,0.3111948559741207,4070.0,0.011453174688248115
ls-489,5858.854558117817,1079.2379691358651,-0.9000787632939835,2.640167601020401,0.7290253057613358,6640.0,0.059889113978036035
ls-4930,4973.717496637082,732.6963712658301,0.22642211600326503,4.341099775803772,0.5034970448965796,4900.0,0.048505184939559284
ls-4931,4042.156486062297,787.3901784818746,1.131757974798329,1.6489774614735273,0.14309653327988042,3720.0,0.01768033946251768
ls-4936,4801.625468705713,1147.6159577910178,-0.06868744012342626,-0.4358898034431231,0.49017957500265463,5200.0,0.006954102920723227
ls-4959,3137.345363394384,305.7101477986485,1.335263229006376,5.5649321432584955,0.0009779185218630193,3040.0,0.00641025641025641
ls-4964,4598.11508159864,1085.860528857955,0.399522345675463,-0.07095710000443622,0.2737367218012863,4240.0,0.011432414256893073
ls-497,3872.7738054368083,527.0743851045389,1.5661295638329464,9.72464240032336,0.03626367728601153,3820.0,0.07398286905152743
ls-4973,4728.711496681799,823.7097015359518,1.2273102048982647,3.482403322681982,0.2594929852276297,4580.0,0.06281999206078119
ls-5007,6072.1041700039605,1058.9470282472366,0.07249824033712488,-0.6296881195166992,0.8347175674103551,5700.0,0.063966534294637
ls-5009,6163.849352070007,686.2372208729375,-0.8362667089864821,6.830745745332333,0.9710816443400404,5840.0,0.008548002950957506
ls-5019,6148.421202144418,1077.3103271981367,-0.48291257021573986,1.9531684231865838,0.756620976521853,5760.0,0.031079678230373435
ls-5036,4025.643147377795,676.4959892272027,0.22578608598919336,2.9677575766974615,0.07447843307363605,4070.0,0.010920482151782497
ls-5038,4763.74207785236,863.2489187152205,0.6875639449750328,1.7248652848336998,0.29316210363488515,4330.0,0.022821540545636097
ls-5039,4810.601434838056,994.1383644093879,0.03413249046041181,2.1652265032636047,0.4220319261965438,4680.0,0.02385989164432529
ls-5044,4154.336160900959,988.2644247885571,0.6471012077228825,0.12411370712417114,0.26087036134071123,3740.0,0.00985881901420034
ls-5054,4421.20118266233,1548.9047122352363,0.6550721217301994,-0.8694151362230573,0.3210207422962448,3160.0,0.0030581039755351682
ls-5062,5154.527267852138,522.1602597851163,0.06075597108660994,10.80864937707295,0.6908357573544183,5120.0,0.05646481178396072
ls-511,4791.9172836928665,1059.55630443443,0.9407526408231951,0.7225556362800849,0.27530505170626457,4240.0,0.014492753623188406
ls-5115,5349.768980789244,1080.7637234115891,-0.3820804269088014,1.4616963404077665,0.6438419087969196,5200.0,0.08393324305900993
ls-5118,5241.126623356128,1448.4334607760438,0.4170556303658061,-0.6500107386924239,0.4874066707015592,4680.0,0.06790123456790123
ls-512,5438.033864046154,1167.3122567758026,-0.06202138517443649,-0.6163064163533376,0.6372581260255058,5520.0,0.02608695652173913
ls-5123,3092.4178062982473,484.96251496810106,2.4200766005014445,10.383410414290537,0.014362986488252641,2960.0,0.005761843790012804
ls-5126,3997.3095262009106,1094.562287419469,1.835195534100559,4.070972047401223,0.10737102554721796,3560.0,0.06523468575974542
ls-5132,4611.129380275464,903.4914476330213,0.7792544657808738,3.0129965180667577,0.1896828510767391,4180.0,0.0854353132628153
ls-5133,4668.817017085158,818.6066029457992,0.42734309860501746,3.3013658785852957,0.5029975531287988,4500.0,0.03339520676691729
ls-5136,5503.770918245243,726.9298350164524,0.46777507669161844,2.466033805122642,0.7298395165744468,5400.0,0.003434065934065934
ls-5154,3746.957373611408,681.1403895930158,-0.9994402195773054,3.717037525227323,0.03065866384212013,3860.0,0.009022556390977444
ls-5164,5116.316552834909,633.1515659418453,-0.2205630043134439,3.6831397132609505,0.6210989501688222,5060.0,0.08401242976636758
ls-5186,5582.647129211442,1260.687530936135,-0.04176784901887633,-0.006697605128576423,0.6043826732264945,4840.0,0.0593110191272987
ls-5190,3833.7805219272177,1165.3479046519665,0.6347929316021708,1.3234476982716075,0.2671408437842857,3300.0,0.004545730555405624
ls-5206,4931.331676895176,915.8026183627516,0.8846684942958917,0.9658633957185989,0.371251391993696,4320.0,0.09259259259259259
ls-5239,3715.3935865040335,691.447484458175,2.078076012158517,9.350827085950478,0.04439151772475168,3500.0,0.028983854276780647
ls-5242,4990.195698778435,910.0453159359058,0.9666445392548858,2.5882672159169955,0.42423588586978866,4690.0,0.008517442651295087
ls-525,4140.353765512421,680.8922635638921,0.301012820868124,3.145409931388027,0.1400031664181968,3920.0,0.02857142857142857
ls-5280,4386.570618589034,1458.7378361017425,0.7833803547006428,0.27078133081809097,0.2909837252741154,3660.0,0.028552880075542967
ls-5285,4849.325409399449,954.9244404857609,0.8595233588646289,2.427963530332171,0.4235257550113446,4730.0,0.03556725301292806
ls-5304,4445.354928132121,892.4546097996423,1.5504961218756672,3.9588186775260965,0.10391465171069039,4210.0,0.023335495402714304
ls-5333,4377.728739590484,1081.3169961440026,0.14291451964849594,-0.6272322839487963,0.3881908535056485,3640.0,0.02419984387197502
ls-5339,6538.875719978603,921.4697756986898,-0.612324577094881,1.388421211225204,0.9575414725253742,6240.0,0.03242087952460651
ls-5350,3974.8347370882448,853.5445858207871,1.167114816233626,2.9858121446898274,0.1552525083978642,3610.0,0.02246781289089123
ls-5355,6251.162890386049,1110.1056864939628,-2.090051948595814,4.875409273396802,0.8874408735231911,6580.0,0.008385744234800839
ls-5361,4382.098325485648,758.7128640213725,-0.5330002194707508,5.262640979972788,0.4713683499985951,5440.0,0.013649425287356323
ls-5390,4026.3010742359756,639.470493175039,1.6531317197278403,7.94319850666464,0.1174947220373167,3930.0,0.013134838698615878
ls-54,4749.7375502434825,849.9888451609467,0.388640370036637,2.1261831064199903,0.2796786426818404,4570.0,0.07131312822166844
ls-5400,4022.6177504513735,504.4051100740219,2.3966740986616344,21.229881023298795,0.05475440108955016,4000.0,0.010731367242113134
ls-5405,4888.159959786224,780.2277378832321,-0.7529554540514598,1.8869770032090312,0.5054026797239565,5080.0,0.12371764560761497
ls-542,3890.8790858809343,1141.3349144230879,0.3885989588784402,-0.5299540109165854,0.248888907393037,3230.0,0.015071321368347995
ls-5429,4194.46581231967,560.9695797729298,0.01791643220668,5.45429524260344,0.02752689787122457,4160.0,0.11901264424628794
ls-543,3220.714413962224,1011.3996317587198,1.5885735464299944,1.8369960469918682,0.10657809738293772,2600.0,0.0047169811320754715
ls-5439,5166.865811495123,977.6085856884317,0.8717796832745672,1.225952865585671,0.6235877534476951,4800.0,0.025309693021419406
ls-5456,5211.581450965852,1205.9249777972218,0.6085493048176687,-0.19406824553378466,0.5052627767801732,4480.0,0.036729043242865814
ls-5459,5587.258730337227,915.5183559512816,0.08789423505519599,1.5920759050946627,0.7920927088535443,5600.0,0.043333333333333335
ls-5460,4234.5200815409935,544.6683213505071,0.9953182906159845,6.341368564668733,0.051636893508621565,4050.0,0.025890379670196965
ls-5489,4344.106064070294,733.979388793437,1.140860658523998,4.973115212000693,0.2345584558830269,4110.0,0.012141087728993664
ls-5506,4056.0373515995966,810.0454698434643,1.0605648353065211,4.031537022125718,0.0881966419329202,3840.0,0.02457002457002457
ls-5513,4654.585646574918,903.1865152252511,0.8656622242274522,2.1331853305975503,0.3071469016689854,4240.0,0.06788990825688074
ls-5538,3757.179768380792,1027.6428527836042,0.9777577653905575,0.8599710639132745,0.14832149023429034,3320.0,0.007601935038009675
ls-5561,3706.551097313846,734.5468701666615,0.8108614229086467,2.5846478572606966,0.032233770881935776,3640.0,0.014778325123152709
ls-557,5349.141966202724,1253.3517820652726,0.07154368675874549,-0.6200236176826912,0.5663780515429597,4460.0,0.05027691533103969
ls-5588,5003.03628686505,1111.3787130097498,0.13804470643972847,1.575573112857175,0.42251153581648726,4200.0,0.0684660961158657
ls-56,6912.377078486306,780.1098938974726,-0.9857183217765144,2.2945811380488594,0.9888517788583223,7080.0,0.07478632478632478
ls-561,5887.077374409722,805.5286151739476,0.14133779721469525,1.74430820506483,0.899793601539648,5850.0,0.02638053816374325
ls-5618,4328.490022751719,1163.858319862873,0.47166539736753454,-0.1203799561959259,0.3251228687627622,3770.0,0.009985232366867948
ls-5620,5230.180035539152,786.5222451392153,-0.027119872811727983,1.902643426596411,0.7387063264966052,5240.0,0.024200518582541054
ls-5636,6342.279109868134,931.7322869502098,-0.7028794566791869,1.8932096342258546,0.9524570887212362,6160.0,0.008635578583765112
ls-5649,4858.318843573739,528.3561695465219,-0.2584653548311543,14.19325349585666,0.3773427812838081,4960.0,0.050370147628531675
ls-5652,5941.193728775552,862.903774957834,-0.8371368008999116,4.485301440698737,0.9279556701302977,5880.0,0.09924504231574494
ls-5665,3982.3141201963585,776.5444238887326,1.308728207219343,3.824083812215323,0.08408787785524581,3810.0,0.015628295581589
ls-567,5189.453816193341,958.190671868537,0.9021771630131301,0.33192288021940364,0.5268370631506574,5080.0,0.008684863523573201
ls-5682,6274.275975726359,866.9001268479587,-0.907439545855913,4.4587571409253535,0.9274195871770993,6140.0,0.06143344709897611
ls-5684,5034.38315363394,843.2752602700634,0.9800648018196816,2.112611280519996,0.6325211926151033,5000.0,0.02735562310030395
ls-569,4979.875435260815,1311.9752016933164,0.3633927296999895,-0.4383547880725729,0.41661554490920794,3720.0,0.011378848728246318
ls-5717,5416.551843077163,1302.5976822867528,0.05277487497314369,0.1575128331212362,0.5593424127968751,4660.0,0.0500137186756905
ls-5723,4863.983446844513,685.4611663574858,1.1877414747356212,3.923482288144283,0.3871407246779555,4660.0,0.05868126582042013
ls-5724,4235.899041017424,518.1539215855016,-0.9403766214821938,7.695257422697287,0.00528893337468363,4400.0,0.15081521739130435
ls-5731,3825.123289403641,753.1821048736185,-0.5550995834419855,0.27985872632930686,0.00044436757291376725,4240.0,0.07730496453900709
ls-5740,4848.987975446184,1390.4460327677368,-0.4290624120812196,-1.014369099709498,0.5819481784257133,4720.0,0.006147761246117515
ls-576,5931.648452996283,930.301880869084,-0.12541658571528536,1.5708255887053353,0.8506557555687627,5800.0,0.08659754224270352
ls-5778,4122.245612723771,789.8971784159774,1.661001627522828,4.106195418165039,0.1609070106848477,3800.0,0.007873904916334482
ls-5789,5221.879643207536,879.0194907154191,-0.048554775508726555,4.4097786543127295,0.5988473967692403,4860.0,0.007854291736421378
ls-5796,4828.106401962539,975.601868247416,0.5785737522609377,1.1596557754968455,0.40291928733696525,4500.0,0.06686414235115534
ls-5802,4936.942930266428,1094.0190823904904,0.4888131270865955,0.45266354096664907,0.47255401772153405,4330.0,0.07874217852525879
ls-5809,3695.154283821616,588.9848233567204,4.416859887624432,23.1800517459306,0.035201930127687825,3680.0,0.008838383838383838
ls-581,4848.52301761814,1038.6255308109164,-0.054021695186760005,3.1004816896162577,0.29220625227029023,4640.0,0.010588235294117647
ls-5831,6366.158241130388,662.6825590847883,-0.9486328475495739,6.812589441136349,0.9839892672456569,6680.0,0.004846526655896607
ls-5837,5710.340684007631,515.7855983961359,0.5923885626205865,9.35944988912177,0.9364562948495099,5760.0,0.004357298474945534
ls-5854,5775.427953990864,1048.1749637353519,-0.455090398683847,2.274987487886996,0.645864846471475,6640.0,0.011247443762781187
ls-5874,5039.049434302881,1179.5585416437048,-0.4583473122755326,1.4195928895474939,0.584242964995987,5040.0,0.047822084867467474
ls-5913,6370.885898092381,1113.9229104865526,-0.7713909305186475,2.8340248045785774,0.9103488572656532,5880.0,0.004369538077403246
ls-593,4683.037231880667,809.5621005121371,0.617973423903445,2.8097134486076394,0.27357233923167323,4530.0,0.047171481934100395
ls-594,4818.845757041456,1564.4331497836183,0.5751251088538847,-1.0171205009627697,0.3675992173655521,3640.0,0.015220700152207
ls-5940,4851.927366545051,881.5646243104036,0.8421024200240738,1.9129244614999146,0.35897630036025674,4560.0,0.09448275862068965
ls-5949,6181.153475345605,1108.341425096904,-0.0204770778564716,-0.06543323025199843,0.8985497499724917,5810.0,0.054937085713558695
ls-596,6018.119158393369,1000.489436585794,-0.6064209214474682,4.094943816356705,0.8000298844209422,5690.0,0.0488652892067983
ls-5968,5705.919006986513,1131.604550750179,-0.5121098110091064,0.8761472123381244,0.7097036828014474,6110.0,0.011789616969788634
ls-597,3392.3888857523293,817.3380756554425,1.5359116980185745,4.638655403357692,0.06576601973742825,3440.0,0.011251758087201125
ls-5970,5374.923315365427,926.1828813798052,0.4683505825947442,0.814951062257216,0.5785693370178173,4940.0,0.02297383535417996
ls-5980,6449.854415509857,958.9003181266006,-0.16586775829055125,0.7750095216994785,0.8446398780309574,6390.0,0.016691051482738865
ls-6019,3231.7101327680884,1416.727620296031,0.6764788458194994,-1.2155521171937496,0.22214742464761136,2140.0,0.003898635477582846
ls-6025,3941.4228538980656,634.5009070304671,0.4473752703340479,1.0925502791126886,0.050322051073452355,3840.0,0.024691358024691357
ls-6032,5669.35625179343,856.6513790250877,0.07957211202365673,0.7510044775112934,0.892582618440556,5320.0,0.03669724770642202
ls-6035,4968.390413409742,1171.9684444746656,0.2484478302426639,0.13319636637635857,0.4161326244322906,4290.0,0.029077226092835935
ls-6038,6363.409511541444,877.3839081037263,-1.2406840239873955,6.28678030199381,0.9661625111280784,6220.0,0.01827341452150028
ls-6064,5511.815721922436,969.7490168304676,-0.4216876465861392,2.2621223038153717,0.7213478986853497,5600.0,0.024858308773520743
ls-6078,4901.419831793185,1124.6227116092032,0.5914672976419133,0.3546925122671407,0.33757758760995055,4060.0,0.02168021680216802
ls-6082,3563.3065087773125,1110.2112175678012,1.3379374170756346,1.080833592213832,0.12311443744228137,2960.0,0.0037257824143070045
ls-6088,5836.993562148502,917.8519767531654,-0.16900700901421406,1.8952672364948606,0.6698460487736352,5510.0,0.06160001495690541
ls-6097,5702.053535209565,895.6026127332559,0.2598297206430634,1.4084925624180693,0.7359527915691205,5320.0,0.06990679094540612
ls-6106,4318.758366432934,913.6136524020939,0.33411908193832834,2.557956801207526,0.13826056515174703,4240.0,0.005664657380621647
ls-6111,3354.431398882077,453.3339936693535,0.3192241387324294,2.45029489619506,0.0005031595994355025,3320.0,0.02724848179781119
ls-6119,5396.176781130337,1504.2266922216857,-0.7567973650780434,1.3637796920850778,0.6907327604773504,5760.0,0.04607508532423208
ls-6120,5384.048731563556,1031.505978900309,0.5039775033002907,0.823787283952023,0.6208956353685677,4900.0,0.02828291719234418
ls-6126,5236.330228973286,1025.4780567200462,-1.9012589126715689,5.3414437193504245,0.8031786773050289,5360.0,0.012292562999385371
ls-6131,3728.9424031331914,475.05385629202067,0.9190104480755064,8.929758788907735,0.01143010265516483,3670.0,0.010472466447349268
ls-6138,4777.882371885318,1203.6605342891462,-0.44969481696930186,2.252649039395524,0.3998980071811859,4730.0,0.021703341769778776
ls-6139,4993.943415766442,849.5453870945325,0.9007535541837831,3.3065145818495316,0.527041840094669,4840.0,0.02313046688977441
ls-6157,4907.471168448565,1035.5630552333423,0.2787383363696345,1.2987054909815268,0.41014622704018,4600.0,0.03600257128426466
ls-6160,4384.411684339899,638.3099622211987,-1.0253098491501327,3.667010585772604,0.14231696961697607,4540.0,0.029071251969533727
ls-6188,3815.545058887467,917.8271385233242,1.6202434021078302,2.7777295856008957,0.10736190047204383,3280.0,0.011535048802129548
ls-6189,4198.183283347837,1032.6970032524323,0.9518050334438579,1.3839616982612186,0.21640876824104663,3750.0,0.019282293923155856
ls-6199,3889.044933091598,696.9355265978593,2.5093880525285783,8.903133243259449,0.06587822658496001,3560.0,0.04787363867427494
ls-62,4428.403392091767,796.3556721338146,0.6513935368224772,3.773615860196596,0.213625970255245,4280.0,0.011481401977269746
ls-6215,5157.2017847281795,941.4457101860166,0.7417819278360283,2.5322277206787707,0.4639978325025405,4720.0,0.008064516129032258
ls-622,5661.259152820733,942.1483333883076,-0.1083206274155462,1.0200018673405973,0.768825275311835,5320.0,0.057678943710910355
ls-6232,5339.827632251454,875.8484475403449,0.5546297073138144,-0.38973352651755233,0.5362697492067363,4640.0,0.015732546705998034
ls-6236,5456.8643253871105,1037.7643255448456,0.5085487331315672,0.250226498913503,0.5676352730425671,4600.0,0.028485890204243025
ls-6251,3656.06589064279,901.0339357932418,1.6086320126081584,3.179878276074314,0.10469241538897188,3360.0,0.013332006976074772
ls-6258,5634.925204701416,991.9969134489569,0.10500703378052256,1.8783545572471363,0.6931620772878646,5160.0,0.01331245105716523
ls-6281,4665.399392571735,879.7462887319597,-0.5253379192890869,2.4613116708468388,0.3434630358563654,4580.0,0.019259018054198777
ls-6286,5816.647435570313,943.6538131754742,-0.40634436616801045,1.214060414975716,0.9184524202801598,5580.0,0.03334245597334603
ls-6300,5964.986480828745,878.772852221997,-0.7344092959894788,4.4847056257409825,0.9302857925287598,5810.0,0.024126818239456053
ls-6308,6159.323425151304,836.3646783001043,-0.7030292208103517,3.439287858317189,0.940581710626565,5930.0,0.07774898270022051
ls-6333,6202.473505289256,1270.232281061815,-0.9578764482938531,1.0870658542652363,0.8547966764558804,6800.0,0.018506278916060808
ls-6339,5829.549629702526,940.0158323240837,-0.14386498313403775,2.430899115608517,0.8779033021330842,5500.0,0.05860511660697134
ls-6341,3793.8172829525042,655.1552194639555,1.4050424920121867,5.881637923348812,0.041405068811743155,3600.0,0.002962085308056872
ls-6358,4983.267362982517,841.3965821881852,0.725206663424522,1.1511088798367104,0.43870647566118914,4670.0,0.05882617587577153
ls-6359,5530.139555715613,855.5668952092681,-2.2071957521409074,9.295283772307764,0.8741750085203918,5360.0,0.005271084337349397
ls-6368,6547.072069538537,1220.6303629299705,-0.9276594271783303,1.24965551905283,0.8494744866676087,7440.0,0.020935960591133004
ls-6373,6029.895611863773,913.6605054977174,-0.9786705886712794,2.8367460020820734,0.9233209017550541,6060.0,0.028547439126784216
ls-6377,5326.7090077109115,917.7743222896702,0.007594624529789547,0.8834142264714324,0.579949583078629,4940.0,0.06314310259894482
ls-6378,5724.22790727088,1133.2721093133946,0.23021758604630194,0.7553992880498075,0.6477637511954388,5020.0,0.008649296737014452
ls-6388,3390.554591464946,764.333523483717,1.745452128537655,5.284594351970742,0.07754853663633661,2980.0,0.009132608217974073
ls-6395,3849.957591566388,1050.7953581038519,0.5477733818404716,0.2798564954325542,0.1761836909316479,3520.0,0.010404624277456647
ls-6415,5603.167381422519,663.8517759952872,-0.2376213326234065,7.772117302136126,0.9346002075527077,5520.0,0.010959128920855096
ls-6418,4073.8383951573114,752.0138235276838,1.0424003878860175,1.7666792773065931,0.09771987951437569,3880.0,0.04180064308681672
ls-6426,4291.541167937295,710.9008281021888,0.6873730049990794,4.03712957006988,0.22319317415893608,4000.0,0.015339663988312637
ls-644,5360.789434234178,1175.3016737899206,0.19667262737891505,-0.2080260147369719,0.5734729012968576,5110.0,0.014340236047155416
ls-6446,5085.360634991182,1125.0298956598704,0.6250274717912858,1.2521750016351536,0.48682781580237844,4880.0,0.018484288354898338
ls-6459,4382.301504382855,778.041972695202,0.12474791022884613,2.843921027999153,0.16890947217755292,4360.0,0.0074850299401197605
ls-6482,3618.533156736578,915.0828107027817,1.9730408871923697,6.254606161152196,0.07646120414096165,3330.0,0.05082301402178577
ls-6509,5179.927601454789,822.8595848960492,0.38362195625287604,3.04578961802921,0.7277644056004868,5040.0,0.021343873517786563
ls-6513,4817.205230461359,846.0642136002547,0.07195882641127563,2.891679879303238,0.4248535615949425,4650.0,0.054231651833250766
ls-6519,6295.970036840701,927.7441037989524,-0.7514749280625451,0.39940947177143016,0.9117564713511173,6800.0,0.07627487294340599
ls-6534,3977.792117392641,858.432959764126,0.8193863198261613,2.3572802689527106,0.14506962638811385,3700.0,0.011375523570827765
ls-6535,4670.948131501004,1611.0579236916271,0.5522374313314237,-1.24642592408198,0.37446533527738834,3420.0,0.020338983050847456
ls-6538,5466.490454864241,801.8717051810472,0.49659203290728704,2.9431708457414425,0.7667350884986954,5080.0,0.04009575104727708
ls-6548,4585.628726559774,1100.5423075221854,0.3339251842282166,0.5444400545031942,0.2788993748201915,4360.0,0.03503184713375796
ls-6549,4895.612817661438,1048.499570324514,0.47611342624970143,1.068852877097962,0.44872952642164,4390.0,0.03536108399686043
ls-6555,5211.451237842066,796.8313795451321,-0.13553341989867929,4.452787896016,0.7119753535979434,5040.0,0.062381900822225625
ls-6563,3254.8526657102984,450.50180728448976,3.8529009369938305,26.1661985816254,0.019059466966861793,3200.0,0.00726552179656539
ls-6575,5909.34479203225,1092.6284112615076,-0.5767560202025607,1.330630859615842,0.8523416295502664,5500.0,0.07879075429799913
ls-6590,3734.4174922649386,738.917734522266,1.7106702314399767,5.849752937211637,0.06912066854159245,3480.0,0.004978662873399715
ls-6620,4955.110390488455,985.3769212358386,0.07511898938386963,5.1733714956669345,0.5060201266414994,4820.0,0.02302984451859092
ls-6641,4601.683885283072,619.9394724461783,-0.934374070980892,2.6601448505357554,0.20630610935739682,4920.0,0.02781456953642384
ls-6652,4780.578756472914,973.9105966729935,0.6561103785381348,1.4876152814339505,0.3456560072597533,4160.0,0.03160615780904474
ls-667,3909.0060123366106,999.0643917488084,1.3746582013917548,2.7844255954349015,0.10755736033158929,3720.0,0.010249560002950877
ls-6670,4855.079676354177,1235.0338505233092,0.10960762533426543,0.6630204248746732,0.41236187083060527,3860.0,0.020935416741028626
ls-6676,4667.464496096758,931.0093938461735,-0.435523701231075,0.3138139019533699,0.36041030691237935,4720.0,0.059077809798270896
ls-6687,4183.233179177003,956.3822161664116,2.361156541046729,5.868512211597044,0.09737070928836145,3860.0,0.0316055625790139
ls-669,3738.8065415627725,890.2652226833532,1.0821888059431342,2.861231004941875,0.09305947833699699,3650.0,0.015552914392848772
ls-6705,3414.68677874911,661.9578384290969,1.2486631529289927,4.880475880181063,0.03635845491740415,3280.0,0.005128205128205128
ls-6724,3810.499413399359,652.6721532366421,1.8077916289500198,9.340291456523968,0.03537141748961261,3840.0,0.02702702702702703
ls-6726,4464.4439463950885,680.2211324382708,0.7369144735022471,2.919811390547271,0.13060045193680697,4360.0,0.01891891891891892
ls-6733,5367.120826415217,835.9442651191608,0.8982376619444205,1.569382696189141,0.6859841915224865,5040.0,0.011871508379888268
ls-6741,3786.5238614325012,912.8078609580208,0.8582618018764105,0.4098384333510787,0.144596071099293,3840.0,0.004551365409622887
ls-6747,5026.258813881657,908.5102871525694,0.2748106393393321,1.8263326569477254,0.4606728973042696,4800.0,0.039042182399939646
ls-6749,4470.944542172094,1027.7188020944375,-0.18213332117863706,0.30441686359215114,0.2813525819106694,4520.0,0.007699711260827719
ls-6753,5370.750651830985,1049.869599908699,-0.16783775088297265,0.7457744949711523,0.6552099828997817,5340.0,0.036795052677382346
ls-6773,6128.267007896147,1330.4645068500852,-0.40664275918947645,-0.6968728222618594,0.7655339439614437,6620.0,0.11813480741797433
ls-6782,5560.161536665768,968.4996563360319,-0.4634880106235271,2.80073926264932,0.7891577822601326,5700.0,0.09596278481938156
ls-6788,5279.690739617862,918.5583661256595,-0.15222474205490982,1.3637102149432248,0.6734635871770248,5320.0,0.11925144064641634
ls-6798,3695.6988926468075,575.7398980107561,0.21197348599824548,1.0103758612555076,0.03847560544579279,3600.0,0.05465288035450517
ls-6807,4800.329179126446,768.5213552774507,0.38701124016856964,3.8350486101141072,0.5099208411727134,4500.0,0.008
ls-6821,5714.864574238911,1014.3770895292378,-0.1766412936753095,0.4864436914888638,0.805757910032512,5740.0,0.06344013237063778
ls-6828,4300.98126138238,804.6792729046878,1.3701224143708681,6.006760295140525,0.07426826126073299,4240.0,0.015878892036415404
ls-6849,6145.487078344048,1171.5216215535347,-0.49377977497078074,-0.09040348063662773,0.7988121008556275,6910.0,0.060851319424978983
ls-6865,5620.005582423781,801.6137954568355,0.1663304240274409,1.8737308325981112,0.8063028594602396,5540.0,0.08979559014267186
ls-6892,5813.402019809475,914.9696312038054,-0.42957448071870813,1.0224307068043115,0.761359685225216,5700.0,0.034220532319391636
ls-6902,4127.5015901797,1205.1638465027559,1.3529508859714339,1.5543510292657876,0.16802653232728115,3780.0,0.005266622778143515
ls-6904,4898.963641034634,621.4106761092185,0.050137185907282826,7.328878413502203,0.4382103829463782,4940.0,0.028166490706081834
ls-6906,4623.710373318404,1071.0421507796007,-0.1144557490996699,-0.832936176476891,0.4534010760750915,4040.0,0.01740506329113924
ls-6912,4384.146139261944,1212.8319793687856,0.5178570008172028,0.10351483565767772,0.33197813248825414,3630.0,0.016511149089883298
ls-6918,6995.452727119419,776.3292457955558,-1.329882959409385,4.083267300396351,0.982855258327267,7880.0,0.018556701030927835
ls-6937,5641.159477785439,1106.1860753053425,-0.11936082691169167,0.36315862855176706,0.7240397963689764,5760.0,0.0233126261524194
ls-6943,6367.875187087662,718.0297000352019,-0.14438643281978436,0.393946950894452,0.9765034499865418,6340.0,0.05718328896806737
ls-6951,4136.079087033394,813.0054617797173,1.2542840615373425,2.4115888858418644,0.12281771264888314,3880.0,0.0171608291912303
ls-6956,4133.899141879161,1163.403109202839,0.7826005050803657,0.7617691204611808,0.24885712151034284,3620.0,0.016668794306073938
ls-696,4170.224797995498,1011.8031263595161,1.313042526384167,1.137579808445152,0.1826774398568214,3540.0,0.003913894324853229
ls-698,5180.469649549466,827.488902199871,-0.7250607447925448,2.85329038995017,0.6878035840474621,5260.0,0.05255347670035504
ls-6981,5685.701413354269,1096.8471455662216,-0.10056992505983608,0.456067152230623,0.7823541304376841,5400.0,0.010787265097609924
ls-699,4451.368909486955,1052.6815356046714,1.2464384655225849,2.141734876388816,0.17822845855205435,4000.0,0.0040683482506102524
ls-7001,5925.819935510342,1009.0909776409135,-0.23359064567289128,1.5809526064372879,0.9263206392633032,5570.0,0.03371007563377039
ls-7009,5380.55152134777,1292.0551791211446,-0.37046581087314046,0.24479917552213593,0.5728373442607237,5740.0,0.05234864494123753
ls-7026,3983.9444905887212,872.3196540095714,1.0898762937595772,3.278250571668101,0.1170819129086754,3680.0,0.015753268553947028
ls-7055,3975.7775761699713,729.8139159743405,0.9877815259809326,4.838581991999698,0.04036048931835385,4120.0,0.11319326975676977
ls-7059,4012.555974548614,635.5620368951716,0.954897051645712,6.980171450930518,0.04539706890557521,3950.0,0.010914276971498514
ls-7062,4712.494472961424,845.6909601937026,0.6619570009609611,1.6375175029051898,0.4801167694334222,4480.0,0.008393285371702638
ls-7067,5289.4928226956235,1105.4284553107514,0.6992449815997002,1.3548731540828665,0.5110346218526842,4860.0,0.006147540983606557
ls-7069,5019.040778322651,1400.7024580756315,0.23191263553850705,-0.4793032960806305,0.4468602386448722,4290.0,0.03217158310192928
ls-7078,6053.994303348431,889.55855934983,-0.11686982490209241,2.981297696105338,0.8906316807382448,5750.0,0.07418392768455379
ls-7079,3204.4243894484803,980.2528890461462,1.5234564604129393,2.856979306698296,0.06527667519984609,2890.0,0.010570079760680282
ls-708,4128.594527312264,1064.6528782358218,0.953728073291574,2.767123326868357,0.09475440823506737,4080.0,0.08461538461538462
ls-7085,4233.269529045698,1046.367111119151,0.48260525516300357,2.793564875214207,0.14293165267248145,4380.0,0.02591745624726905
ls-7092,4264.6524404664815,516.0137127597205,-0.1449275448693318,3.140635738034232,0.1217787099725368,4080.0,0.025956242253449977
ls-7096,4306.245455904665,1097.137038254781,1.0930316199173875,2.3475463475751397,0.16452234819054595,3680.0,0.0091630679594207
ls-7097,4413.661841929142,891.3028203178045,0.44440707009919433,2.881294875823011,0.2353279762483412,3960.0,0.08226221079691516
ls-7117,5126.271582201713,841.9040205783235,-0.3315132065508595,4.411379977756856,0.5431153942301418,4960.0,0.016830294530154277
ls-712,4283.917940824365,745.4638431823981,0.5311263270145825,2.3856399817749185,0.1679320946769853,4040.0,0.014760147601476014
ls-7120,5748.486532341956,859.9977704317832,0.1012078641040576,1.3136981726775079,0.7112191020333058,5250.0,0.034223221912891705
ls-7121,4434.619742300609,560.9562230348278,-0.4281688443225995,7.406885310873284,0.11735731024520457,4690.0,0.07028931823246323
ls-7126,5617.092688901796,976.0690087264891,0.40969261111898536,0.7366205394844365,0.7366312904797121,5100.0,0.08564631245043616
ls-7135,3610.0848681276875,935.3658245978199,1.3753486918348532,1.9892336442214775,0.09075319140002594,3020.0,0.04310344827586207
ls-7140,6876.123677726642,885.4914499123156,-1.2822517578223611,5.305151734177089,0.9766070349730143,6720.0,0.011160714285714286
ls-7143,5932.662093291545,959.66571773401,-0.6052327744634649,3.123134752912379,0.8518890656843632,6200.0,0.006733126855078075
ls-7147,6413.418477169404,1374.6412594245476,-0.7019668357570211,-0.7151512484958444,0.7486402243678594,7600.0,0.025559105431309903
ls-7148,5334.458911192503,1028.8524262634041,-0.339681684124668,2.320489160251298,0.7101166569825673,5430.0,0.09752610441767068
ls-7169,4996.282473502131,1168.075173688193,0.39452780994933045,0.06492778302291802,0.4256496431927942,4480.0,0.04153354632587859
ls-7170,3866.4196510797856,974.5306959606512,1.3716577676456483,2.2878736763008094,0.12703415380273442,3500.0,0.015665925819133217
ls-7177,4226.604111159164,567.3160084951528,0.5069215576474619,1.1344268146223344,0.11284766316659693,4160.0,0.0379746835443038
ls-7188,4711.518322727898,1066.570395306508,0.509590311928246,2.3208755346173304,0.3567800711521477,4540.0,0.009053698187369449
ls-7198,5393.57163362805,790.3329089684778,0.38112431543918,7.04856263282856,0.5402918680978606,5550.0,0.0194373341228192
ls-7199,5660.224038969392,1119.3785888360185,-0.4806519945497384,2.7684261981755647,0.6568588969600422,5210.0,0.013155027349143866
ls-720,5059.547963103849,1319.1037664231512,0.24556808524673643,-0.3205065486791052,0.4338052973367462,4360.0,0.04395604395604396
ls-7220,4950.225569468601,1024.2464605705213,-0.12526750199713016,2.6966907518076146,0.4548563263190597,4700.0,0.028727770177838577
ls-7223,4523.3134536982625,945.518331679221,1.1300866029640444,1.4625192117067698,0.22942437419726605,4100.0,0.006644591611479029
ls-7226,5627.256936307982,1238.6976630378947,-0.12811062009160445,-0.2669590029414166,0.6861055492070927,6020.0,0.007272704256019445
ls-7229,3938.182286459107,793.7974170616029,0.7964037521962721,1.2528413942017735,0.11686610646046408,3710.0,0.0329182388023369
ls-724,3828.886120950607,879.6844011297349,2.06779341209086,5.624969359323359,0.08728204910093418,3380.0,0.011307991345895864
ls-7240,4339.034246281658,819.8677995387507,2.206585279607865,6.360731319365,0.07759513969779801,4240.0,0.005128205128205128
ls-7247,5218.224789448809,1034.670620023087,0.46067073548318593,-0.03041291881297914,0.5058060671092659,4440.0,0.04308797127468582
ls-7250,5971.317909735022,872.4335134356379,-0.06698616229414237,1.2196174815735628,0.9284790773472683,5960.0,0.052845528455284556
ls-726,3785.023678571264,942.0381911761046,1.6600214322366655,2.9360463427224723,0.1366475514527713,3360.0,0.00749063670411985
ls-7264,4660.881645495565,1001.2493141770792,0.7397559037401334,1.0176257957738524,0.29240362044556323,3840.0,0.01589535126120492
ls-7265,5918.085980464295,865.419475165758,-0.09328980553071675,1.0764283813666908,0.8817904712617213,5880.0,0.05523311768165535
ls-727,5450.082624534847,928.6420221249853,0.3532739859660669,0.49765367115062054,0.7001817737808367,5080.0,0.07590361445783132
ls-7277,6598.030993763663,868.8893986951962,-1.48221015322129,4.552159844383236,0.9507412879222059,6680.0,0.06694560669456066
ls-7286,5069.449976310694,821.5662266772895,0.8236677744592782,2.595700465518421,0.410411164034867,4770.0,0.07942904810200341
ls-7299,5598.811411443828,1116.1685216519184,-0.19049117236621732,-0.6865911744285869,0.7115691603690358,6180.0,0.0363382250174703
ls-730,4742.488218756029,827.9476996400011,0.8551739488688641,4.152965538864822,0.2594539883089279,4650.0,0.02276687066881081
ls-7307,3643.4009860152664,1304.5398461126372,1.5113759529339263,2.3112666291811452,0.12691258599784933,3240.0,0.005444058803155117
ls-731,5260.301541181772,660.9916209976135,0.9496975773054226,5.5951844134785365,0.6429308548291539,5080.0,0.01745847363339166
ls-7312,6084.381706692613,968.3213807850755,-0.24124875988134648,0.5609063386992443,0.8691641912838146,6080.0,0.03468208092485549
ls-7316,3534.5629672378805,877.905589964987,1.4851051314116241,2.65649142738075,0.08266389560709361,3040.0,0.006274509803921568
ls-7318,3842.755642831859,936.5567256437666,0.9289169305253416,0.9191033056845366,0.19701437367223268,3380.0,0.006150061500615006
ls-7320,4710.9043309151275,596.6341520942752,-0.6499750939616576,4.843684321824939,0.3102966958843396,4740.0,0.08844520553996389
ls-7326,3338.3286102912866,494.7839102277865,0.6945963471189881,4.969093985042446,0.013575600674149308,3360.0,0.01098901098901099
ls-7327,3502.981199865859,1120.8100568901887,1.4306618920253509,2.1118099232513954,0.13446887814948366,2920.0,0.00922509225092251
ls-7335,4566.952642675743,780.9422485720225,1.2737105668221038,3.8959621943322835,0.20116663530208184,4280.0,0.006723716381418093
ls-7337,3606.7318705441944,874.9234721112134,1.7539760320447713,7.640524831762322,0.09372507757589496,3350.0,0.024388904587430454
ls-7342,5133.665823942445,641.3887288225167,-0.23444734336068682,9.556953103416335,0.6305481636263036,5040.0,0.014161220043572984
ls-7346,5027.931581465717,916.3946887368768,0.13957230964168446,2.640375827003772,0.5056979227484726,4900.0,0.046143521832498216
ls-7354,4568.600092893896,588.0165608637622,1.1371950219320341,5.069021575607009,0.1943948580354835,4450.0,0.023213432033660254
ls-7360,4861.755574771097,1055.4071010426846,0.4280417787373477,1.5603720798487255,0.4366712983187105,4330.0,0.02161700321117057
ls-7384,5316.615237292339,1112.671641385141,0.3036551415536808,0.5395699495058585,0.4993634614924436,4970.0,0.016661855446902175
ls-7391,5790.622473814237,682.8550085614063,-1.4938436431245292,7.7703784473710185,0.9394389589907044,5560.0,0.011098779134295227
ls-7395,5479.228198495917,1026.2407711944038,0.6926670885729274,0.7853461502266348,0.5472688741936977,4880.0,0.027166882276843468
ls-7398,4835.142293178136,1023.8913037534999,-0.34967860935172335,2.4518304963852193,0.4056833638053832,4870.0,0.0547201053240088
ls-7402,3734.19757249737,657.8018560230088,0.7773316792210636,7.879399951506505,0.021657216618877432,3920.0,0.009494101924905555
ls-7416,4984.01855899948,976.6939522023465,0.27139447268660566,2.288513047077449,0.5374546047112714,4260.0,0.0041354303238120855
ls-7424,3884.939938568107,786.7114164974321,1.0130329563561578,4.174296526052057,0.07492160695413108,3780.0,0.010205683340714537
ls-7467,6112.246946842792,623.6304241790929,-0.8072097617952148,4.535102245285344,0.9896522705061448,6100.0,0.10412272234337945
ls-7481,6073.366281306502,745.2210987907646,-0.35363369450475557,3.3955094963040784,0.9042637548027659,5900.0,0.0715891665630569
ls-7484,4054.13540652746,962.8287960684565,0.6896624533832749,2.0488521540153664,0.21372278701356714,3820.0,0.008226922053737696
ls-7495,6491.394150613061,1030.80665858606,-1.116863583802368,2.746654039533132,0.9053985840204303,6840.0,0.17405764966740578
ls-7502,4389.22754348295,781.4133936838012,0.8349781597975184,3.630294993373573,0.1787932667608717,4110.0,0.09252043907936915
ls-7505,4968.027539245362,1140.402004862005,0.8719221742068743,0.7066707475567047,0.3443537941961161,4560.0,0.02573422671616929
ls-7507,5126.809778410656,818.8436560882459,0.7691025045369618,1.7742787077777384,0.478585051718073,4880.0,0.06497982765607493
ls-7512,5223.962246761312,822.5450807010359,0.3372410862891707,3.8206289679546295,0.46362210009522703,4900.0,0.0784986565158979
ls-7517,5012.716878422512,972.9571629174653,0.7774286971276574,1.7812996932719072,0.4344824632196576,4670.0,0.0500114092144109
ls-7518,4477.0336977194875,667.1203868514655,0.39577362500299035,4.80522180905884,0.21313490977446004,4280.0,0.018518518518518517
ls-7552,3328.67103215515,966.4044590882487,1.7850787976292015,3.0151525875990504,0.08465582071397498,2860.0,0.009066183136899365
ls-7553,5225.39387093243,1145.1290962708333,0.7770503913454658,-0.16067635571739014,0.41283012299352406,4470.0,0.031115791247933927
ls-7556,5621.768056228373,1157.6155763381867,-0.12583219811087926,0.3425396302827306,0.663514905866077,5150.0,0.07702257146308003
ls-7561,5027.329337846007,1167.561080091368,0.2752886149300555,-0.43180501944593475,0.47474983360314604,4610.0,0.0451719285902735
ls-7565,3801.4063380010584,1314.132105308859,1.0653078332711858,0.5375998977942538,0.21483308768922316,3380.0,0.02092050209205021
ls-7585,6031.022760866899,1295.2084686906694,-0.4167235347783762,-0.05956180111707354,0.6849371790120615,6740.0,0.01276595744680851
ls-7597,5080.431486302205,949.2538297858654,0.23442743176685762,0.7236694755777672,0.5321608680635307,5330.0,0.056679915639195326
ls-7603,4735.701833823534,829.1922361732458,2.1169895315334895,3.8069795102087247,0.13307470378797945,4540.0,0.009465855307640297
ls-7608,4925.454284754015,781.382120059114,0.2738325570639014,3.249693884272957,0.4127748426336028,4840.0,0.02356902356902357
ls-7609,4889.711005387138,1025.8030070805917,1.0145122133437785,1.0496088924327962,0.33601197206764266,4320.0,0.04647309212526604
ls-7635,5585.16185060923,971.6718590862613,0.2137313849718654,0.6035516831095281,0.7674946784176538,5360.0,0.055937612151663
ls-764,5508.311208929727,672.8855161226023,0.42097183725857257,5.112206577063709,0.8698637119011872,5490.0,0.017217305994631185
ls-7649,4181.66335096796,985.831393438281,1.5272333084573946,4.090020229801547,0.1745761407490085,3780.0,0.02365649718055278
ls-7654,4795.515425384468,1004.6016251295694,0.6978826722771051,1.415043496208987,0.32321870716834944,4480.0,0.08529026851514107
ls-7672,5492.851734923906,1286.3171793081797,-0.026937761097206983,0.4275085148807043,0.6255737908565531,4920.0,0.018447837150127225
ls-7683,3232.2238449732085,688.9932557379071,0.17253559750460087,-0.061231982884051295,0.004374403411811103,3200.0,0.007069913589945012
ls-7699,4140.493850543053,989.1864947970193,1.42089953645803,3.184059993312819,0.11389932389629207,4050.0,0.025312507828352412
ls-7702,5410.848596108406,884.9376498334716,0.3046124998558436,2.0166816183210283,0.5857470942375185,5000.0,0.05921883536615651
ls-7717,3904.661897096573,832.2672711819882,1.3891164766979323,4.2844266759801375,0.17001843801931227,3300.0,0.009329940627650551
ls-7720,5345.042074326793,1438.6023176799083,0.40510214556591967,-0.8123296547080587,0.4455031645695409,4340.0,0.043626448534423996
ls-7732,5099.265212596056,1140.502438321658,0.32334960932785595,-0.03151716419864581,0.4781543145549122,4350.0,0.026223488807595157
ls-7733,4786.288568217895,963.7397812801203,0.8031617189118164,2.275942807333447,0.2983755189538512,4060.0,0.011487894282420212
ls-774,4606.903145009539,856.4744760536546,0.46452131825394816,3.4480283088204153,0.2626548199084668,4380.0,0.047393905252427704
ls-7754,5830.570259826915,1000.4083818349727,-0.422766111391774,1.1195322414680327,0.7083798051276007,5720.0,0.07128580946035976
ls-7762,3560.013027587885,827.8103989588019,-0.32145397090399325,-0.7271907795698911,0.002813707371549086,4240.0,0.06441717791411043
ls-778,4718.155287170905,1071.1361997434935,0.521972033635489,1.8660598546105067,0.2995379905757596,4460.0,0.013435982420994115
ls-7783,5016.730447528711,1356.7484028536296,0.17735381983051576,-0.4111917679255437,0.46009930304657254,3820.0,0.02540106951871658
ls-7795,5804.887790356741,1173.3713561327047,-0.0008493352258522749,-0.010943277544980479,0.6672626723180863,5080.0,0.0125
ls-7796,3345.9983687883046,159.31969211620324,5.926224733285592,89.60169057645274,0.0012337490321918938,3320.0,0.029017857142857144
ls-7800,6574.503628957139,787.7700615085987,-0.5191681655661903,2.0530366788013072,0.9603939999704513,6000.0,0.003968253968253968
ls-7809,6123.867367039569,1286.219417876287,-0.7441401773930711,0.29084998972737686,0.7455172925231022,6730.0,0.05569718941254434
ls-781,4412.218264457186,1262.9796078108693,0.820057953264329,1.3745300020470737,0.2722398437981999,4200.0,0.004903126865809182
ls-7835,4021.484250064298,832.9165082624564,1.7147616989623917,6.611241923755291,0.08282325709041395,3960.0,0.10507246376811594
ls-7837,5127.326661096817,1521.7993857884385,0.4385607725051963,-1.075281579896226,0.4387256728857649,3640.0,0.01455604075691412
ls-7848,5139.662564573528,696.7058987786676,0.8075667117097949,3.7188177383687733,0.6072214728803877,4940.0,0.016793487982462663
ls-7867,5175.367612268366,1071.0921255222968,0.4040680685022201,0.3582310428793949,0.42607338266718486,4780.0,0.047337278106508875
ls-7881,4484.237811466188,818.2031191170759,1.4759148809714944,2.6818544715609116,0.1739154613652786,4000.0,0.02794022092267706
ls-7883,5442.8623729775,992.15340193057,0.20403771019954317,2.318860092988308,0.5733587165621262,5420.0,0.019000089941254163
ls-7898,4070.6400735250127,1077.012154412901,0.9414565235538418,1.018928948834084,0.23851249458786392,3760.0,0.008819538670284939
ls-792,3656.0741095600606,830.4852079614866,1.2759154191633522,3.6100160255621896,0.07190205065100996,3350.0,0.026249247441300423
ls-7925,5698.778995033475,558.5785109947394,-2.3109353317803865,8.678472925500177,0.8820594901799235,5860.0,0.03185732902714035
ls-7942,5446.350476604382,831.9403925593926,0.44559300273532065,1.740154868959654,0.6996656114970392,5300.0,0.024577489397525295
ls-7945,4053.997641376861,914.5737462563598,0.623851945585254,0.6896732745650798,0.1714849689652809,3640.0,0.010523261437276332
ls-7967,5887.319123230889,1015.401770462822,-1.5458409745971238,5.130116641838891,0.8980599992184061,6340.0,0.007233273056057866
ls-7994,3747.8138430379704,785.6275447056703,1.3094347531037425,3.5594845778379165,0.08255681994405388,3460.0,0.009126466753585397
ls-7997,4201.989831409843,1004.37599935639,0.7705239366470802,0.9625832510849958,0.20390110904672404,3800.0,0.04763809521993304
ls-8040,3738.167244949244,964.4393054711788,1.6101465260966108,4.173990414962899,0.10994381699404174,3420.0,0.019715836526181356
ls-8044,5869.777076955452,996.3803972197306,0.33492172038097306,-0.27465405737784043,0.775844173205116,5230.0,0.06453288579876928
ls-8050,4064.5257607665358,1122.4568958322163,0.9418872836755716,2.9641702566728174,0.17637818042677844,3860.0,0.008252353512253556
ls-8057,4490.560525099916,1031.1090512994467,0.8653258826367677,0.21137188137565732,0.2862458200204074,3720.0,0.004043126684636119
ls-8066,3589.938224281245,794.9880836633624,2.0547936030235068,5.666362018072368,0.05974908308904642,3380.0,0.006031363088057901
ls-807,4578.149148287147,705.225511388734,0.8618271219888007,6.336955138096192,0.09123017753077672,4560.0,0.014925373134328358
ls-8071,4822.621120694297,1125.8410225891294,0.09422311881152863,1.0545646946847036,0.26324974973475757,4360.0,0.06607929515418502
ls-8097,4894.88667554484,1116.8456430419706,0.9413384296901636,1.1550038788797155,0.33166149262922806,4040.0,0.017967914438502673
ls-8108,3208.3768390104524,991.5995964452479,1.5613502971199098,2.480242090777663,0.08975426918063088,2880.0,0.013006885998469778
ls-8118,4853.195608544337,966.5507884422348,0.4419743121388522,1.3783567057739965,0.39799860348555494,4580.0,0.10626509343749493
ls-8123,3896.2364373804035,1155.9724502334834,1.379949127115978,1.64857696960176,0.17307837605547832,3480.0,0.009548058561425843
ls-8156,5137.158823505215,1093.7754082806998,0.9400591519944688,0.14641956114494636,0.5254103156694485,4440.0,0.01603206412825651
ls-8163,5912.811763202106,1278.504318723878,-0.5176845609457608,1.2090082857783755,0.7694821401744316,5070.0,0.024799201184209377
ls-8164,5449.190698894991,1070.174509222848,0.12756826139262087,1.2620824458421742,0.569072182049416,4360.0,0.06190476190476191
ls-8169,5018.986050548473,775.6086640144081,0.7097194904477455,4.980195272576469,0.44132564179795136,4680.0,0.018961768186947787
ls-8172,5763.581567527823,976.0043492306318,-0.11997312154151137,0.3487553522599919,0.7758007251699244,5870.0,0.01983836016175882
ls-8176,4661.560290914466,950.2365838102792,0.6352221442045782,0.9711090459169844,0.2590039727843977,4280.0,0.04821150855365474
ls-8183,4501.825627270891,1116.3524909593818,1.016670487412326,0.020143537904554254,0.2891303518299109,3770.0,0.004104185421927047
ls-8190,5413.10276358444,992.2682647236172,-0.03825937019753228,2.493073282852535,0.6642672377323491,5100.0,0.01235589107768683
ls-8193,4013.5321669789846,1088.3338151625499,0.7315505149352721,0.8483422961833388,0.13311174131485845,3820.0,0.01524715504978663
ls-8194,4437.490309648012,805.4597876669283,0.7361176831714119,3.6320564019514214,0.25014540528939433,4140.0,0.04391751084252186
ls-8199,4846.613936375868,773.6513383534297,-0.016719589355949076,-0.1025122554273501,0.49076842739028026,4340.0,0.07158704515731978
ls-8200,5439.965412122261,1108.1454853569674,0.11544614855337798,0.5869939096809034,0.6184325820880796,4800.0,0.057512220597686556
ls-8226,4437.056044976188,1198.5491008775314,1.5311258593749704,1.407069721979416,0.18830051484693833,3790.0,0.03431513266750394
ls-8240,4700.401393033828,769.0034996792135,-0.8353910079678117,4.594042625556658,0.33434852556924544,4740.0,0.010940606074615136
ls-8242,5508.782303296568,969.8708619452607,0.10693088410418718,0.817680273547906,0.6826558593681009,5300.0,0.037466306763082144
ls-8245,4552.554401878024,1051.2532089515153,0.589323386085524,-0.345615495055959,0.3064299307242334,3740.0,0.06116197939794782
ls-8250,5529.651939881129,1053.107292674842,0.04792381315654859,0.8574897351735511,0.6895460435217314,5140.0,0.08804957678095267
ls-8259,4531.97834319478,1109.1295969991374,0.6842430566871083,0.9591997769168029,0.39907828156026715,4260.0,0.043093234188592906
ls-8262,3389.930537870739,947.0641086398996,2.0360880883555583,6.552277679295621,0.06510355284609806,3250.0,0.011738029833045454
ls-8266,5149.979441143105,1070.3594231988188,0.40129646648759115,0.34997422792760224,0.4944625698263858,4460.0,0.05623894532344896
ls-8295,3978.4421721574795,1003.4047730087466,0.6762840470891648,2.819852261858844,0.10783294257885895,4080.0,0.07692307692307693
ls-8300,6256.620039182902,961.4262617523522,-0.995220132972034,4.493074314854102,0.8780175309557579,6200.0,0.01332237712075559
ls-8307,3612.8811424906976,948.0535389714266,1.0781933730609423,0.44935890151069335,0.1943455277558014,3240.0,0.007497564095561456
ls-8316,4646.2647884706175,446.9402643788435,1.3767245424083565,9.132085670724093,0.17234215236509615,4200.0,0.004975124378109453
ls-8324,5787.3585076081,925.096162191174,0.3770506718161077,-0.20467771637621346,0.7862538733344231,5390.0,0.043647199321537156
ls-8334,5216.50777064232,990.6462109523573,-0.10712781238500774,0.46115635640388297,0.6042020908791567,5070.0,0.05108678647307888
ls-8337,3992.5342910303943,911.0191620529806,0.9354198029264837,0.9340885056975072,0.14531093655971294,3700.0,0.0221555838007748
ls-8356,5387.229477178048,1287.86605490909,0.3766172300018543,-0.059909867746712475,0.48982870435413456,4320.0,0.01557632398753894
ls-8388,3929.8787463079007,535.7665115733175,0.2084907008220377,2.5164689840365915,0.052290650083094276,3910.0,0.023337073564440244
ls-8389,6082.999024869723,1194.7192106579532,-0.44057977059039666,-0.3258496356439091,0.8144852023521254,6660.0,0.02663115845539281
ls-8396,4049.665416791804,937.6270559276627,0.8554660355332,3.488143503434365,0.20234120510700518,3450.0,0.006698259622058143
ls-8401,5172.729402379431,808.178529737628,0.7687156192359519,2.89859376931608,0.5540517910619249,4920.0,0.04112903225806452
ls-8404,5774.5173562845375,952.5946309783894,-1.8556012127975452,5.097302548383005,0.8882403421003623,6000.0,0.12230535409504392
ls-8410,6145.454625981734,1095.9826542899307,-1.7672809922995405,9.482436512071937,0.9611139028195181,6080.0,0.017162633529540006
ls-8415,5533.296343513363,839.59328609622,0.06619594132252768,1.2543387626219336,0.7613983928506707,5560.0,0.07505311437927627
ls-8425,4760.425893166288,1173.9707870704042,0.8823140980283537,0.20767066467016626,0.3271003028763623,4020.0,0.016611309957464362
ls-8459,4534.905939874973,1064.0116015266924,0.8310709408548145,0.6632862982821455,0.3004385799888366,4050.0,0.04609138679588286
ls-8464,5357.546824281029,834.4819890295075,0.46734109865363016,2.5871516128766405,0.784538716315361,5160.0,0.04330708661417323
ls-8465,5920.545324069818,999.4452844778104,0.14548976714055462,0.2856619626514211,0.8774418052555638,5490.0,0.04149680270890299
ls-8466,5113.595954704439,649.4119606794004,0.8965736349011324,3.2587083104203884,0.5710981511911404,4900.0,0.01159047005795235
ls-8468,4217.207948528228,829.9321671086875,1.3770810562096951,3.1716574297243474,0.137363696636934,3900.0,0.017160186248494247
ls-8470,3761.709332911909,693.9929995080297,2.5198416545395963,9.429293019523396,0.041988461562826276,3580.0,0.0056809505962048335
ls-8490,5244.036762717914,1331.677623217461,0.13032394762955754,-0.5269074301029426,0.5391801917431913,4760.0,0.0851528384279476
ls-8500,4913.683301182729,650.5439507831229,1.4490750870424105,4.293722131493584,0.3191150780662677,4770.0,0.013156541031151676
ls-8506,5387.452901379517,968.3404037670819,-0.13040452118306112,0.5889006723179824,0.6922474198677224,5470.0,0.17824771918360882
ls-8534,4067.4668404416025,708.7593741631285,1.5745431614808227,5.87976457702133,0.07575101875642185,3880.0,0.013530435961878765
ls-8545,5507.053481133926,826.4026849230872,-0.012563059642424448,2.0496031406682444,0.7790748468310058,5360.0,0.07093173334091624
ls-8591,4837.550148544602,1051.0342713048763,0.2932654561324233,0.8967620318755702,0.45583501579348856,4340.0,0.018101994862916825
ls-8605,4965.450542560285,1205.9152713037317,0.5603144913341869,0.6201492091052582,0.38872909993312665,4430.0,0.03332533369404434
ls-8629,4844.796925819588,877.5528368702853,0.5011796530332298,1.4703764725234985,0.3752650085993506,4510.0,0.029202225788550088
ls-8630,6227.878358179203,1088.685268249702,-0.2741972628354939,-0.22273145101753133,0.8186937692809069,5940.0,0.023968042609853527
ls-8635,4060.665003027483,1286.876544736308,0.6726616819081647,-0.6045751810826703,0.271467058891746,3800.0,0.021853437112801605
ls-8643,5322.407743018309,1131.5388970921867,-0.31079780844972527,-0.5154688446917004,0.604712814287585,5560.0,0.11136363636363636
ls-8644,5708.215084453792,711.2897598722166,-0.5820069141669741,3.2817738090136297,0.8748840908802089,5540.0,0.055303508093775225
ls-8664,5867.518288481129,933.303338763181,0.12604476926915942,0.4989226928957343,0.8450306213136559,5670.0,0.08079671025050822
ls-8671,4380.7304940084305,898.1249560914623,0.15149333717792826,0.7575662677944015,0.26926345699772575,4440.0,0.14056809905316825
ls-8678,4997.100932913713,1213.9289004708116,-0.18261227931030277,1.6045597518129868,0.4768635595000541,4980.0,0.005563378884944167
ls-8687,4602.257030104087,986.4513729774412,1.0056965299519964,1.770658090305942,0.25220748616306854,4220.0,0.028116455949260676
ls-8699,5177.62441345429,1003.7019649367879,-0.261459839365724,1.8718751099875097,0.6066750076834315,5000.0,0.06733211720852583
ls-8722,5969.340001230427,974.0817058688365,-0.33629231324166775,2.1088925629532356,0.7964436378936326,5890.0,0.01920751938109958
ls-8770,4036.9655341454386,1095.1978773446585,0.9167875012781315,1.0533586046663563,0.31262491194092124,3330.0,0.007726406984779787
ls-8778,3419.8766035624776,732.3321345346533,1.8339646459845333,4.62793805701799,0.05080235179588766,3120.0,0.008568226593561363
ls-8786,4510.726592867941,1066.1302409091477,1.5714022761700412,1.9859947266495697,0.20359286738255913,3840.0,0.0047138047138047135
ls-8791,4617.793763577678,954.5107322884217,0.48918109674209764,0.5874526367347062,0.28023539062529124,4400.0,0.0118946474086661
ls-8799,5168.853794738527,1042.170557296452,0.42903164226219437,1.0752208436198556,0.563032235175463,4880.0,0.03884711779448621
ls-8824,4781.689806868386,819.6340265596582,1.6656907632761282,4.938648379794609,0.22245394129387647,4560.0,0.018938837740872894
ls-884,3155.8218123617226,706.9888183000139,1.9471463167962593,5.469968729708187,0.04333822686621881,3080.0,0.007470651013874066
ls-8846,4244.076361920114,697.1255739837202,0.09033061083097976,2.358103686865504,0.26741845541600123,4310.0,0.0386287208867854
ls-8848,4595.6180921882205,919.925396280535,0.7776520850575008,0.9855199454376149,0.28264308940501864,4400.0,0.07300884955752213
ls-8855,4312.093735903069,946.737994635605,0.463930425323043,0.20778402471885826,0.23973641970177748,4040.0,0.05832225683801408
ls-8897,4155.756327077681,697.9336318128901,1.1066683464638731,5.246772231056795,0.07893350008852948,4360.0,0.005893909626719057
ls-89,5428.674399745274,902.8744861431644,0.334715355904113,3.5766917273918235,0.844770061325165,5200.0,0.024198537387272546
ls-899,5131.171340587001,1456.0629473182216,0.3720549639224031,-0.8747971823479144,0.4533920921123493,4160.0,0.03971812940422806
ls-90,5456.845384710525,1015.3352882428719,0.5165941562534688,0.3058825457898394,0.6324117140271694,4990.0,0.048877999301836964
ls-9022,4523.027685105144,656.3748056129747,-0.03003304246577025,2.362134997045958,0.3051719462289813,4340.0,0.0532100906274627
ls-915,5410.083787087155,1017.3994749725973,0.6105580700142064,0.5392206763108677,0.6504117475634188,4880.0,0.05721814417466591
ls-921,5928.311107324822,1071.7592733331508,-0.006373497683558049,-0.04952276996884564,0.7153102944070675,5640.0,0.06401189365940152
ls-925,5277.63843974352,773.4181534964995,0.18849981658683237,1.6145166438890306,0.6765451948420973,5080.0,0.13422068296866696
ls-927,4564.903592987529,970.4634666538429,1.1133275048401052,1.7902316916045784,0.25201415239429825,4040.0,0.060660055779361635
ls-953,4997.782712693174,946.802090095507,0.26230650811869594,1.2345181371027187,0.44017724021496496,4640.0,0.030017166093375715
ls-964,4975.68465844413,468.29956141613366,0.43358731496166913,5.7319303852773436,0.4087586237605557,4960.0,0.05511811023622047
ls-976,6136.449014760489,1455.613503404411,-1.290761361369018,1.7758242404312297,0.8323142741743821,7000.0,0.06623470122390208
ls-978,5134.872941172475,647.068820104349,0.6461684540099972,5.0998337759050845,0.5849959756413792,5000.0,0.052895337431496214
ls-979,6211.456797275663,841.4752250561038,-0.14291818041351517,4.423699612124614,0.9611628496395441,5680.0,0.0176678445229682
ls-982,4337.463320272171,891.1425798245771,1.304462106404106,2.078433066748627,0.1660580288681237,4080.0,0.021836366428626276
ls-985,3602.2863374950534,897.224490305621,0.5836371686645468,0.39431576258492296,0.0933073021219033,3460.0,0.004155124653739612
